Datetime,Open,High,Low,Close,Volume,log_ret,ema_20,ema_50,ema_ratio,rsi,atr,volatility,target,signal_prob,signal
2026-03-24 06:00:00-04:00,4428.0,4442.89990234375,4415.2001953125,4439.7001953125,7584,0.0027065446008437,4398.787376033433,4457.332898476214,0.9868653466599286,55.362180565831096,49.964320591517854,0.0090128091870222,0,0.22664839,0
2026-03-24 07:00:00-04:00,4438.89990234375,4443.2001953125,4372.39990234375,4408.0,14144,-0.0071657787354348,4399.664768792154,4455.398275006559,0.987490791445727,49.683390598183024,52.800048828125,0.0091362913258624,1,0.23515059,0
2026-03-24 08:00:00-04:00,4408.2001953125,4427.60009765625,4361.7001953125,4378.7001953125,15189,-0.0066691505650152,4397.668142746473,4452.390507175419,0.987709441851348,43.415680495960736,52.48577008928572,0.0077662464929954,1,0.27065104,0
2026-03-24 09:00:00-04:00,4379.0,4390.7001953125,4350.39990234375,4382.5,20103,0.0008674165276543,4396.223557722999,4449.6497029724615,0.9879931795049456,42.059550476442496,53.471505301339285,0.00774240852482,1,0.26040646,0
2026-03-24 10:00:00-04:00,4381.0,4435.0,4380.39990234375,4416.2998046875,17194,0.007682859411317,4398.135581243428,4448.341863824032,0.9887134837839454,57.31633412884868,48.84294782366072,0.0074870539952101,1,0.30676353,0
2026-03-24 11:00:00-04:00,4415.7998046875,4431.2001953125,4396.5,4412.7998046875,14146,-0.0007928328681716,4399.532173952387,4446.948057583384,0.9893374325454198,65.02013995116491,46.48583984375,0.0073890929390244,1,0.34956107,0
2026-03-24 12:00:00-04:00,4412.39990234375,4428.89990234375,4403.7001953125,4422.2001953125,11557,0.0021279896258848,4401.69103312954,4445.977553180604,0.9900389690408172,60.49339477746745,43.01436941964285,0.0069564401845039,1,0.28482935,0
2026-03-24 13:00:00-04:00,4422.2001953125,4427.60009765625,4372.2001953125,4388.2998046875,13794,-0.0076954901367387,4400.415678039823,4443.71568069068,0.990255901645776,57.48284945264732,44.600062779017854,0.0071614037140123,1,0.2992042,0
2026-03-24 14:00:00-04:00,4388.2998046875,4424.5,4383.60009765625,4390.89990234375,7903,0.0005923313784943,4399.509413687816,4441.644473696682,0.9905136351505868,60.6513802861324,45.32861328125,0.0070809932205944,1,0.28728905,0
2026-03-24 15:00:00-04:00,4390.0,4411.89990234375,4389.39990234375,4400.89990234375,3568,0.0022748480480897,4399.641841178857,4440.046647369116,0.990899914032615,59.82410001191715,42.971470424107146,0.0070666335784294,1,0.28482935,0
2026-03-24 16:00:00-04:00,4400.7998046875,4485.60009765625,4397.7001953125,4474.89990234375,9429,0.0166749400131781,4406.809275575513,4441.413441681846,0.9922087491829562,62.63771360811666,44.87859235491072,0.0068999910545172,1,0.2833839,0
2026-03-24 18:00:00-04:00,4473.5,4492.2998046875,4458.2001953125,4487.7001953125,0,0.002856381302818,4414.513172693321,4443.228608490892,0.9935372589781456,62.15335166338089,44.699986049107146,0.0063776184003765,1,0.28396928,0
2026-03-24 19:00:00-04:00,4487.5,4555.0,4475.39990234375,4549.2001953125,9333,0.0136110716734003,4427.340508180862,4447.384356993701,0.9954931152327056,70.40598447194017,48.17857142857143,0.0066639954954501,0,0.27736798,0
2026-03-24 20:00:00-04:00,4549.0,4572.7998046875,4540.5,4564.89990234375,10775,0.0034451503475767,4440.441402863042,4451.992809752526,0.9974053401739148,70.53884826898339,47.99281529017857,0.0064813406731257,0,0.28027546,0
2026-03-24 21:00:00-04:00,4564.7998046875,4600.0,4553.2998046875,4593.2001953125,13927,0.006180404832893,4454.989859286799,4457.53035428429,0.9994300666971232,71.9097427405274,49.34999302455357,0.006402247909155,0,0.29299554,0
2026-03-24 22:00:00-04:00,4593.2998046875,4601.0,4578.2998046875,4581.89990234375,9213,-0.0024632534931052,4467.076530054128,4462.407591463092,1.0010462824148936,76.35638663633091,45.91427176339285,0.0065104544317992,0,0.29179686,0
2026-03-24 23:00:00-04:00,4581.5,4584.39990234375,4566.10009765625,4567.7998046875,6076,-0.0030820921493539,4476.669222876354,4466.540619432677,1.002267661778247,80.04431286765248,42.51426478794643,0.0061964861188137,0,0.280111,0
2026-03-25 00:00:00-04:00,4568.5,4573.2001953125,4563.89990234375,4571.2001953125,3077,0.0007441494215815,4485.6721726321775,4470.644916526004,1.003361317301364,80.01895321926035,40.29997907366072,0.0061844333852224,0,0.27446628,0
2026-03-25 01:00:00-04:00,4571.10009765625,4572.0,4546.7001953125,4555.0,5910,-0.0035502645091947,4492.274822857684,4473.952959015181,1.0040952294336452,73.37364188671731,38.207101004464285,0.0062560439042532,0,0.2887878,0
2026-03-25 02:00:00-04:00,4555.0,4556.10009765625,4532.5,4543.7998046875,7617,-0.0024619073306239,4497.181963984333,4476.692051002331,1.004577020878042,71.51757413661095,37.41423688616072,0.0063064810598769,0,0.2887878,0
2026-03-25 03:00:00-04:00,4543.89990234375,4561.7998046875,4536.7001953125,4539.0,9557,-0.0010568999069691,4501.164634081064,4479.135499982632,1.004918166485144,69.47950631114944,37.40708705357143,0.0063182562746536,0,0.2887878,0
2026-03-25 04:00:00-04:00,4539.2001953125,4568.7001953125,4535.60009765625,4555.60009765625,10282,0.0036505433802588,4506.348963945367,4482.134111656107,1.0054025273867393,79.61051777890637,35.814243861607146,0.0060292696535119,0,0.27790833,0
2026-03-25 05:00:00-04:00,4555.7001953125,4567.0,4525.7001953125,4550.39990234375,10492,-0.0011421471288831,4510.54429141188,4484.811201486995,1.005737831263968,77.97248787055801,35.842808314732146,0.0057481596812437,0,0.296487,0
2026-03-25 06:00:00-04:00,4550.7001953125,4561.2998046875,4549.5,4557.10009765625,6186,0.0014713580063173,4514.978177720868,4487.646060160299,1.006090524340414,77.71455304311293,35.07850864955357,0.0057439063742702,0,0.2986609,0
2026-03-25 07:00:00-04:00,4557.5,4586.2001953125,4554.60009765625,4577.39990234375,8361,0.004444652275643,4520.923103875428,4491.1658186772975,1.0066257373696557,72.4680617827221,31.057094029017858,0.0056181651025066,0,0.40585253,0
2026-03-25 08:00:00-04:00,4577.7998046875,4582.5,4519.5,4542.39990234375,17116,-0.0076756447699175,4522.968513253363,4493.174998428924,1.0066308378451445,60.92677378677084,33.121407645089285,0.005983708001308,0,0.3381974,0
2026-03-25 09:00:00-04:00,4542.7998046875,4575.7998046875,4539.2001953125,4543.2998046875,20226,0.000198092029389,4524.904826723281,4495.140677105731,1.006621405592297,48.444819665517805,30.049944196428573,0.005987713067224,0,0.3568843,0
2026-03-25 10:00:00-04:00,4543.2998046875,4577.60009765625,4531.2001953125,4565.2998046875,14184,0.0048306092536509,4528.751967481778,4497.892015442271,1.0068609810848186,50.10201513800936,31.057094029017858,0.0056364869469084,0,0.35702002,0
2026-03-25 11:00:00-04:00,4565.2001953125,4567.60009765625,4522.0,4557.39990234375,17899,-0.0017319224729811,4531.480342230537,4500.225658065859,1.0069451370974385,39.80635706838029,30.978515625,0.0056902453361238,0,0.33465746,0
2026-03-25 12:00:00-04:00,4557.10009765625,4563.2001953125,4543.5,4553.39990234375,8289,-0.000878078838907,4533.567919384176,4502.3109225473445,1.0069424340909685,41.53301612744912,30.764229910714285,0.0057217616633693,0,0.32365915,0
2026-03-25 13:00:00-04:00,4553.5,4561.7001953125,4540.7998046875,4548.2001953125,19094,-0.0011425919708955,4534.961469472588,4504.110501871469,1.0068495139247362,43.85208238498362,30.949986049107142,0.0045312187240846,0,0.27405635,0
2026-03-25 14:00:00-04:00,4548.0,4566.60009765625,4528.2001953125,4535.7001953125,9513,-0.002752123504717,4535.031824314485,4505.34931337896,1.0065882818114416,39.46587536764081,33.028529575892854,0.0045714324748306,0,0.25091353,0
2026-03-25 15:00:00-04:00,4535.0,4537.2998046875,4484.2998046875,4528.7001953125,12465,-0.0015445040134761,4534.428812028581,4506.265034239099,1.0062499159671014,41.74518614420738,35.007114955357146,0.003393691715388,0,0.15152924,0
2026-03-25 16:00:00-04:00,4528.2998046875,4539.60009765625,4492.89990234375,4503.2998046875,4308,-0.0056245477386805,4531.464144662764,4506.148750727271,1.0056179667684977,38.3285302562732,36.65712193080357,0.0034821569878935,0,0.16052887,0
2026-03-25 18:00:00-04:00,4508.89990234375,4531.10009765625,4501.89990234375,4513.89990234375,0,0.0023510852334221,4529.791359680001,4506.4527174573295,1.0051789386654963,43.0005419253094,36.950020926339285,0.0031770340665811,0,0.14564192,0
2026-03-25 19:00:00-04:00,4513.89990234375,4515.2001953125,4485.60009765625,4495.2998046875,3598,-0.0041291401430588,4526.506449680715,4506.0153483291015,1.004547499235486,33.37005087231509,36.700020926339285,0.0032421529757349,0,0.15711315,0
2026-03-25 20:00:00-04:00,4495.2998046875,4536.60009765625,4495.2001953125,4533.2998046875,4567,0.0084177449502368,4527.153435871838,4507.085327009823,1.004452569100867,46.00651801275984,36.70717075892857,0.0038141678962864,0,0.18618876,0
2026-03-25 21:00:00-04:00,4533.0,4541.60009765625,4518.7001953125,4532.0,3703,-0.0002867648559698,4527.615013407853,4508.062373009439,1.0043372603971676,43.98655177201379,37.50003487723215,0.0038051447377871,0,0.18203516,0
2026-03-25 22:00:00-04:00,4532.2998046875,4532.2998046875,4501.89990234375,4505.2001953125,3542,-0.005931014621675,4525.480268827343,4507.950130746814,1.0038887160620886,33.2249522927862,37.414306640625,0.0039426290401543,0,0.1932372,0
2026-03-25 23:00:00-04:00,4505.10009765625,4515.0,4495.7998046875,4510.2001953125,2651,0.001109213189876,4524.025023730691,4508.038368572918,1.0035462553445025,41.30676080459927,34.28574916294643,0.0039323200417837,0,0.17039171,0
2026-03-26 00:00:00-04:00,4513.2998046875,4520.89990234375,4508.0,4516.89990234375,1749,0.0014843544856926,4523.3464407414585,4508.385879701186,1.003318385213571,43.08901312934002,32.59291294642857,0.0039500112538121,0,0.19917169,0
2026-03-26 01:00:00-04:00,4517.0,4518.7001953125,4434.89990234375,4435.0,9488,-0.0182982804581106,4514.932494004177,4505.508002065846,1.0020917712129265,24.033457754155776,35.264369419642854,0.0055400427739081,0,0.3426642,0
2026-03-26 02:00:00-04:00,4434.7001953125,4456.39990234375,4412.10009765625,4452.89990234375,10332,0.0040279316242161,4509.024628131755,4503.444939331646,1.00123898235135,29.973124818256807,35.17149135044643,0.0056689542017744,0,0.24503243,0
2026-03-26 03:00:00-04:00,4453.10009765625,4460.5,4434.2998046875,4449.39990234375,8135,-0.0007863137070471,4503.346082818612,4501.325526116435,1.0004488803776694,30.03067703073883,35.635777064732146,0.005637806187273,0,0.2465644,0
2026-03-26 04:00:00-04:00,4448.7001953125,4456.0,4409.2998046875,4424.7998046875,11850,-0.0055441981207947,4495.865484901363,4498.324517432948,0.999453344790476,27.948449468960888,37.47862025669643,0.0055536430839044,0,0.26092902,0
2026-03-26 05:00:00-04:00,4425.39990234375,4434.10009765625,4412.10009765625,4421.2998046875,10331,-0.0007913092407243,4488.763991547661,4495.303940462538,0.9985451597930876,28.87731293508457,36.307198660714285,0.0053739092676845,0,0.2465644,0
2026-03-26 06:00:00-04:00,4421.10009765625,4445.2998046875,4414.60009765625,4440.2001953125,11194,0.0042657381448074,4484.138868096694,4493.143009280184,0.997996026130285,34.34737550998358,34.714320591517854,0.0055108534300446,0,0.2510164,0
2026-03-26 07:00:00-04:00,4440.5,4453.10009765625,4415.89990234375,4419.7001953125,11846,-0.0046275997877109,4478.001851641056,4490.26289892851,0.9972694143832024,34.95326346992414,34.03574916294643,0.005374976785333,0,0.28855312,0
2026-03-26 08:00:00-04:00,4420.10009765625,4442.5,4412.7001953125,4426.7998046875,13200,0.001605066613732,4473.1254662169085,4487.7741501347455,0.9967358687340812,34.12316537880007,34.078578404017854,0.0054229191906402,0,0.26993975,0
2026-03-26 09:00:00-04:00,4426.5,4457.7998046875,4417.60009765625,4450.10009765625,21820,0.0052496584924814,4470.932573973037,4486.29673631206,0.9965753129491712,41.89967990185119,34.835693359375,0.0056264414864747,0,0.24999493,0
2026-03-26 10:00:00-04:00,4450.39990234375,4476.60009765625,4433.7001953125,4461.89990234375,21728,0.0026480726173254,4470.072319532152,4485.339997725067,0.9965960934509626,35.87814568314421,34.942836216517854,0.0056900976368689,0,0.24999493,0
2026-03-26 11:00:00-04:00,4461.5,4466.10009765625,4429.7998046875,4434.0,18036,-0.0062725512037087,4466.63686052909,4483.326664480947,0.996277361610948,32.46238269004253,35.90000697544643,0.0058018780829002,0,0.25988257,0
2026-03-26 12:00:00-04:00,4434.0,4438.89990234375,4362.7998046875,4385.2998046875,24936,-0.0110441171968679,4458.890474258463,4479.482473900812,0.9954030404712316,30.10280976488083,39.164306640625,0.0062116456102203,1,0.25137886,0
2026-03-26 13:00:00-04:00,4384.89990234375,4398.5,4372.5,4377.60009765625,16206,-0.0017573426830413,4451.148533629681,4475.487086597103,0.994561809140214,28.1907383807214,39.65000697544643,0.0061398385441582,1,0.2467326,0
2026-03-26 14:00:00-04:00,4377.2001953125,4394.5,4363.7001953125,4391.0,7403,0.0030563402653698,4445.420101855425,4472.173867514864,0.9940177268478372,29.739294968273967,40.92857142857143,0.0061645849092671,1,0.23129809,0
2026-03-26 15:00:00-04:00,4391.7001953125,4395.89990234375,4356.39990234375,4361.2998046875,7834,-0.0067868583065067,4437.40864498229,4467.825865051046,0.9931919414526222,35.744643071081526,37.76426478794643,0.0062549433412005,1,0.252109,0
2026-03-26 16:00:00-04:00,4361.10009765625,4416.7998046875,4348.2001953125,4376.89990234375,11897,0.0035705556643036,4431.645907588143,4464.260141023309,0.9926943698608724,35.16784893213176,39.499965122767854,0.0059356594442854,1,0.23638685,0
2026-03-26 18:00:00-04:00,4371.7998046875,4409.60009765625,4369.10009765625,4406.5,0,0.0067400346202007,4429.251059246415,4461.995037453768,0.992661583454822,42.40172549867467,40.52137974330357,0.0062279367604461,1,0.22617814,0
2026-03-26 19:00:00-04:00,4404.89990234375,4408.5,4383.7998046875,4400.2998046875,1611,-0.0014080475256345,4426.493796907471,4459.575616560973,0.9925818457858074,45.35809705421874,38.949951171875,0.0061363507405948,1,0.26214123,0
2026-03-26 20:00:00-04:00,4399.39990234375,4405.2998046875,4370.5,4374.0,1168,-0.0059947537773675,4421.494387678188,4456.2197100291705,0.9922074483282703,41.75099887050408,39.864222935267854,0.0062022403003263,1,0.24194866,0
2026-03-26 21:00:00-04:00,4372.2998046875,4414.2998046875,4372.2998046875,4411.39990234375,1400,0.0085141550045275,4420.533008122528,4454.462070512095,0.9923831291292896,45.28172991029773,40.67138671875,0.0065705100553618,1,0.24652562,0
2026-03-26 22:00:00-04:00,4413.39990234375,4434.60009765625,4413.39990234375,4426.10009765625,959,0.0033267799423641,4421.06320712574,4453.349836282455,0.9927500352894648,51.06878831278021,39.67138671875,0.0052527033481578,1,0.22730514,0
2026-03-26 23:00:00-04:00,4427.0,4440.2001953125,4415.0,4432.0,565,0.0013320922435149,4422.104806447098,4452.51258780079,0.9931706467406728,50.871930230093625,39.342843191964285,0.0051752054972954,1,0.22866803,0
2026-03-27 00:00:00-04:00,4431.7998046875,4444.2001953125,4426.2001953125,4440.89990234375,400,0.0020060871702426,4423.894815580112,4452.057188371103,0.9936743012051704,48.37910471147492,37.757149832589285,0.0051971764628952,1,0.23455746,0
2026-03-27 01:00:00-04:00,4440.10009765625,4469.2998046875,4434.7001953125,4448.89990234375,1441,0.0017998160443028,4426.276252414744,4451.933373232775,0.9942368587606693,47.6785714261875,37.16427176339285,0.0050492887386707,1,0.21359363,0
2026-03-27 02:00:00-04:00,4448.0,4466.7998046875,4446.0,4453.60009765625,803,0.001055927155118,4428.878523390125,4451.998734974873,0.9948067793903186,53.816214034375456,36.057094029017854,0.0050457164285303,1,0.2127775,0
2026-03-27 03:00:00-04:00,4453.10009765625,4483.2001953125,4441.2001953125,4475.2001953125,33353,0.0048383072942117,4433.2901111922565,4452.908596164583,0.9955942313773912,69.56907143313786,33.621372767857146,0.0050705826453353,1,0.26660433,0
2026-03-27 04:00:00-04:00,4475.2998046875,4478.2001953125,4451.2998046875,4452.10009765625,7884,-0.0051751701980347,4435.081538474542,4452.876890340727,0.9960036281477292,65.19784208119802,33.68568638392857,0.0051005056799842,1,0.31590554,0
2026-03-27 05:00:00-04:00,4452.0,4466.2001953125,4448.2998046875,4457.2001953125,5874,0.0011448930994876,4437.188077221014,4453.046431712169,0.996438762825777,63.9780356604263,32.76429966517857,0.0050956538352726,1,0.35400078,0
2026-03-27 06:00:00-04:00,4457.2001953125,4461.0,4438.60009765625,4442.7998046875,8464,-0.0032360456610626,4437.722527455918,4452.644603201397,0.9966487161955953,68.39721008134072,31.542864118303573,0.0050182210292166,1,0.32936174,0
2026-03-27 07:00:00-04:00,4443.2998046875,4453.7001953125,4432.2001953125,4447.5,9076,0.0010573762086044,4438.653715317259,4452.442854056244,0.9969030172444724,66.76157111245902,28.178606305803573,0.0049851694749648,1,0.40532455,0
2026-03-27 08:00:00-04:00,4447.60009765625,4472.39990234375,4439.7998046875,4465.39990234375,9804,0.0040166335548048,4441.200971224544,4452.95097359693,0.9973612998566443,64.80634541423171,27.614327566964285,0.0048504338438283,1,0.39861065,0
2026-03-27 09:00:00-04:00,4465.5,4471.2001953125,4441.0,4458.60009765625,16557,-0.0015239368004211,4442.858030884707,4453.172507873766,0.9976837912811996,64.61156648109771,28.007184709821427,0.0040788772808347,1,0.4031475,0
2026-03-27 10:00:00-04:00,4460.5,4545.5,4459.0,4540.10009765625,25591,0.0181142224398728,4452.119180101045,4456.581432963276,0.9989987274036494,82.60692026607421,31.728620256696427,0.0055652097028505,0,0.38410565,0
2026-03-27 11:00:00-04:00,4540.2998046875,4585.2998046875,4531.60009765625,4554.39990234375,26505,0.0031447174604484,4461.860201267016,4460.417451370353,1.0003234562487464,80.8721153270195,32.56431361607143,0.0055662760037519,0,0.38624316,0
2026-03-27 12:00:00-04:00,4554.60009765625,4563.7998046875,4535.7998046875,4546.5,15121,-0.0017360710287275,4469.921134479681,4463.793237591123,1.0013728003432043,76.77930280522118,32.907156808035715,0.0052611193704995,0,0.35818434,0
2026-03-27 13:00:00-04:00,4546.5,4552.7001953125,4515.0,4515.5,16961,-0.0068417834751141,4474.2619788149495,4465.8209537640205,1.0018901396044135,66.70665655473545,33.800013950892854,0.0056094415143071,0,0.33792728,0
2026-03-27 14:00:00-04:00,4515.7998046875,4558.2998046875,4515.7998046875,4546.10009765625,6919,0.0067538213213378,4481.103704418883,4468.969155485285,1.0027152903748964,69.36670992994208,35.57142857142857,0.0056101125508857,0,0.29172528,0
2026-03-27 15:00:00-04:00,4547.10009765625,4555.2001953125,4529.39990234375,4543.10009765625,6096,-0.0006601241131179,4487.008122822442,4471.876251256696,1.0033837858463757,67.66691452726906,34.942905970982146,0.0055917532817475,0,0.29548025,0
2026-03-27 16:00:00-04:00,4543.5,4549.2998046875,4518.89990234375,4520.5,4381,-0.0049870127216522,4490.197825410781,4473.783064932904,1.0036691006782474,61.75743189943533,35.628627232142854,0.0055238736384274,0,0.2973062,0
2026-03-29 18:00:00-04:00,4510.10009765625,4538.89990234375,4506.2998046875,4512.2998046875,3976,-0.0018156491326116,4492.302775818088,4475.293525315436,1.0038007005364975,56.8424067087109,34.957205636160715,0.0053274469911597,0,0.27310365,0
2026-03-29 19:00:00-04:00,4513.39990234375,4521.10009765625,4472.0,4476.89990234375,5868,-0.0078761372526418,4490.835835487199,4475.356520493017,1.003458789243561,54.375400580356015,36.54289899553572,0.0056627973684394,1,0.2641452,0
2026-03-29 20:00:00-04:00,4477.0,4494.2001953125,4444.7001953125,4461.2001953125,9172,-0.0035129888915258,4488.013393565799,4474.801370485938,1.002952538444947,50.68027210643019,38.80001395089285,0.0057317227881783,1,0.25730455,0
2026-03-29 21:00:00-04:00,4460.60009765625,4506.39990234375,4460.2998046875,4498.5,7258,0.0083261759565316,4489.012117988104,4475.730728506097,1.002967423709701,58.788308343961454,40.49288504464285,0.0059971642091248,1,0.26628593,0
2026-03-29 22:00:00-04:00,4498.7998046875,4528.7001953125,4487.7998046875,4510.89990234375,4454,0.0027526606228619,4491.096668879118,4477.109911793848,1.003124059350972,59.76587707837702,41.87862723214285,0.0060105962199875,1,0.27199322,0
2026-03-29 23:00:00-04:00,4510.39990234375,4548.0,4508.10009765625,4528.10009765625,4735,0.0038057785314879,4494.620804953131,4479.109526925708,1.003463027178545,59.67896090168463,42.40004185267857,0.0060506772642053,1,0.27199322,0
2026-03-30 00:00:00-04:00,4526.5,4528.5,4514.89990234375,4526.7998046875,2521,-0.0002872020655581,4497.685471594499,4480.979733896758,1.0037281439974766,60.709756270688445,41.214320591517854,0.0059800809115178,1,0.28151947,0
2026-03-30 01:00:00-04:00,4526.7998046875,4557.39990234375,4526.60009765625,4551.5,3925,0.0054416039993782,4502.810664775976,4483.745234528258,1.0042521216640274,52.178879601207136,37.20717075892857,0.0059138001929306,0,0.25526544,0
2026-03-30 02:00:00-04:00,4551.60009765625,4579.2001953125,4545.7001953125,4560.0,6036,0.0018657745630882,4508.257268130645,4486.735617487934,1.0047967280618957,51.094622992208144,35.764334542410715,0.0059162585939597,0,0.25526544,0
2026-03-30 03:00:00-04:00,4559.60009765625,4562.7998046875,4543.2998046875,4555.2001953125,5488,-0.0010531431078374,4512.728023100345,4489.420502892819,1.0051916545114248,51.72144609687756,35.157191685267854,0.0058510532172668,0,0.2676961,0
2026-03-30 04:00:00-04:00,4555.10009765625,4569.0,4552.7001953125,4566.89990234375,5381,0.0025651359492359,4517.887249694955,4492.458910714425,1.0056602273912587,61.01112335749083,33.628592354910715,0.0058581601539275,0,0.32733577,0
2026-03-30 05:00:00-04:00,4566.60009765625,4569.39990234375,4551.2998046875,4562.0,5278,-0.0010734925054968,4522.088464009722,4495.186012255036,1.0059847249215812,53.827617899886114,31.864327566964285,0.005845607183017,0,0.34872785,0
2026-03-30 06:00:00-04:00,4561.89990234375,4569.2001953125,4556.60009765625,4561.2001953125,3636,-0.0001753342407107,4525.813390800463,4497.774803747486,1.0062338797019397,54.40392716499225,30.921456473214285,0.0058218392795447,0,0.35978952,0
2026-03-30 07:00:00-04:00,4561.39990234375,4611.39990234375,4553.89990234375,4589.0,10657,0.0060763457912109,4531.831163105181,4501.352262424055,1.006771054319733,66.25539961368473,32.857177734375,0.0044302854544881,0,0.32383314,0
2026-03-30 08:00:00-04:00,4589.5,4608.10009765625,4574.60009765625,4599.60009765625,8767,0.0023072290111418,4538.285347348141,4505.205118707671,1.0073426687062716,70.48349437129026,32.921456473214285,0.0044082300489666,0,0.31730595,0
2026-03-30 09:00:00-04:00,4599.89990234375,4609.0,4546.7001953125,4553.7001953125,14556,-0.0100292322141071,4539.753428106651,4507.106886417665,1.007243347564569,67.17365716248517,33.864292689732146,0.0049817565325756,1,0.28359503,0
2026-03-30 10:00:00-04:00,4553.2001953125,4571.89990234375,4542.0,4569.2001953125,12896,0.0033980454133707,4542.557882126256,4509.541918139032,1.0073213564895411,74.17195238234083,32.464285714285715,0.004754021535288,0,0.31730595,0
2026-03-30 11:00:00-04:00,4569.0,4587.10009765625,4554.5,4578.10009765625,9848,0.0019459085997047,4545.942855033875,4512.230474198531,1.00747133397288,70.41033255286897,31.5,0.0045428624640759,0,0.31730595,0
2026-03-30 12:00:00-04:00,4578.39990234375,4580.0,4560.10009765625,4569.5,6762,-0.0018802964926872,4548.186392649696,4514.476337955452,1.0074671018675694,65.32431679625469,29.999965122767858,0.0045652899179687,0,0.37796125,0
2026-03-30 13:00:00-04:00,4569.10009765625,4572.0,4540.89990234375,4544.7998046875,8393,-0.0054201104442785,4547.86386046282,4515.665493513571,1.007130370262257,54.20224751852477,29.371407645089285,0.0045925823231453,1,0.33057296,0
2026-03-30 14:00:00-04:00,4545.10009765625,4553.10009765625,4528.0,4528.7998046875,5198,-0.0035267186722951,4546.048236103266,4516.18056454,1.0066134803815818,50.46860484473566,30.192836216517858,0.0046490323106856,1,0.31472626,0
2026-03-30 15:00:00-04:00,4528.5,4548.2998046875,4522.7001953125,4543.2001953125,5325,0.0031746919576121,4545.776994123194,4517.240157903628,1.006317316596426,47.956715740008335,29.821393694196427,0.0042831497344156,1,0.29776353,0
2026-03-30 16:00:00-04:00,4543.7001953125,4547.0,4530.2001953125,4540.39990234375,1970,-0.000616560180403,4545.264890144199,4518.14838317579,1.0060016857944247,45.035433798055145,28.628522600446427,0.0041796729960368,1,0.31644148,0
2026-03-30 18:00:00-04:00,4538.89990234375,4552.5,4530.5,4539.39990234375,0,-0.0002202691745531,4544.70631987749,4518.981776084337,1.005692553116566,45.91934787923974,28.807094029017858,0.0037977437142386,1,0.26167044,0
2026-03-30 19:00:00-04:00,4539.10009765625,4550.10009765625,4520.7998046875,4542.10009765625,2139,0.0005946584577591,4544.4581082373725,4519.888376930294,1.0054359155045696,43.28284778358839,29.735700334821427,0.0037594168534456,1,0.21632408,0
2026-03-30 20:00:00-04:00,4541.39990234375,4577.2998046875,4510.0,4576.60009765625,7357,0.0075669040274914,4547.519250086789,4522.112365978371,1.0056183663854892,53.40804179434509,33.249965122767854,0.0040262650579766,1,0.20359004,0
2026-03-30 21:00:00-04:00,4576.5,4649.5,4560.89990234375,4635.5,14017,0.0127876823634477,4555.898369126143,4526.558939861572,1.006481618742706,63.642965754377535,38.678536551339285,0.0048610709205616,0,0.22739027,0
2026-03-30 22:00:00-04:00,4634.7001953125,4637.60009765625,4595.7001953125,4597.7998046875,5594,-0.0081661823221798,4559.8889820367485,4529.352699266511,1.0067418646322648,51.5591368055979,37.564243861607146,0.0051762451441092,0,0.2432401,0
2026-03-30 23:00:00-04:00,4597.5,4607.2998046875,4578.5,4584.89990234375,3694,-0.0028096118224947,4562.270974446939,4531.531020955815,1.0067835690297535,47.41649475102113,37.228515625,0.0052170196159109,0,0.24337143,0
2026-03-31 00:00:00-04:00,4585.89990234375,4597.7998046875,4585.5,4592.89990234375,2768,0.0017433376618359,4565.188015199016,4533.937643755342,1.0068925454867506,57.94800005215145,33.699951171875,0.005217101507671,1,0.2879011,0
2026-03-31 01:00:00-04:00,4592.7001953125,4610.2001953125,4575.7001953125,4597.0,4743,0.0008923052420296,4568.217728037205,4536.410677333563,1.0070115015958692,55.90979297641845,34.028529575892854,0.0051941259929087,1,0.24787425,0
2026-03-31 02:00:00-04:00,4596.7001953125,4596.7001953125,4581.39990234375,4586.39990234375,4105,-0.0023085355046267,4569.949363685448,4538.371039098669,1.00695807467365,51.75174267070407,32.814243861607146,0.0052189531723278,1,0.31227946,0
2026-03-31 03:00:00-04:00,4586.89990234375,4596.0,4571.7998046875,4594.7001953125,5332,0.0018081265081141,4572.306585745168,4540.580025616859,1.0069873364084136,55.32544988941248,33.121407645089285,0.0052289468427473,1,0.25676817,0
2026-03-31 04:00:00-04:00,4594.5,4605.5,4590.60009765625,4599.0,5581,0.0009353807302085,4574.8488156742,4542.871005004433,1.0070391192341892,62.534667325098255,31.964250837053573,0.0050569874161339,1,0.30092153,0
2026-03-31 05:00:00-04:00,4599.2998046875,4602.7001953125,4580.10009765625,4585.2998046875,4846,-0.0029833968327631,4575.844147961181,4544.534879501808,1.0068894329759892,63.207021704722365,31.785679408482142,0.0050742838038444,1,0.32148907,0
2026-03-31 06:00:00-04:00,4584.7001953125,4591.60009765625,4558.89990234375,4576.60009765625,5269,-0.0018991060235713,4575.916143170235,4545.792339037277,1.0066267444454662,58.02108373300912,32.29286411830357,0.0045391080819105,1,0.30864826,0
2026-03-31 07:00:00-04:00,4577.5,4623.89990234375,4571.0,4612.7998046875,9904,0.0078786198591281,4579.428872838546,4548.420082788266,1.0068174859590522,64.98341743813481,34.87144252232143,0.0048053760057182,1,0.24948382,0
2026-03-31 08:00:00-04:00,4613.2998046875,4628.0,4599.39990234375,4604.5,8762,-0.0018009193812955,4581.816599234875,4550.619295227943,1.0068556172210776,63.0775659262172,35.34287806919643,0.0048180267033985,1,0.24973968,0
2026-03-31 09:00:00-04:00,4605.39990234375,4640.0,4597.7998046875,4637.2998046875,14043,0.0070981720219302,4587.100714039887,4554.018530893023,1.0072643936168562,67.06090925141842,36.26429966517857,0.0050194857774521,1,0.25516176,0
2026-03-31 10:00:00-04:00,4637.2001953125,4662.0,4625.2998046875,4628.7001953125,17099,-0.00185616487029,4591.062569399183,4556.947223615356,1.0074864474196743,60.29242958533819,34.07861328125,0.0048498129715632,1,0.26526612,0
2026-03-31 11:00:00-04:00,4629.5,4655.7998046875,4629.2998046875,4640.0,10382,0.0024382729072389,4595.723277075451,4560.204195238283,1.0077889235473834,51.0948957105536,29.685721261160715,0.0047445813730167,1,0.30998343,0
2026-03-31 12:00:00-04:00,4640.10009765625,4682.7001953125,4637.5,4669.10009765625,11774,0.0062519882992075,4602.711545702194,4564.474622784086,1.0083770698882284,68.10581054893446,29.921456473214285,0.0048600437195826,1,0.37942982,0
2026-03-31 13:00:00-04:00,4669.2001953125,4698.5,4667.0,4685.5,14550,0.00350627904437,4610.596160397223,4569.22071600824,1.00905525186035,75.0999593044312,30.114327566964285,0.004858929772457,1,0.3605047,0
2026-03-31 14:00:00-04:00,4685.0,4702.0,4684.10009765625,4698.2001953125,5652,0.0027068646275578,4618.939401817725,4574.278734804486,1.0097634336695376,75.67058610149526,30.471470424107142,0.0048461429096402,1,0.37603337,0
2026-03-31 15:00:00-04:00,4698.2001953125,4716.2998046875,4691.7998046875,4713.2998046875,7286,0.0032087599916356,4627.926106852942,4579.730541466564,1.0105236683577772,76.90896354880553,29.757184709821427,0.0048494669452556,0,0.39328742,0
2026-03-31 16:00:00-04:00,4713.39990234375,4717.60009765625,4695.0,4699.60009765625,3842,-0.0029108387099605,4634.752201215162,4584.431308375964,1.010976474387839,75.82141949715995,30.257184709821427,0.0047645700110014,1,0.40076575,0
2026-03-31 18:00:00-04:00,4698.39990234375,4725.89990234375,4690.0,4709.7001953125,0,0.0021468337115327,4641.890105414909,4589.343813746024,1.0114496306664795,76.01832948409736,31.092878069196427,0.003940109154409,1,0.2989182,0
2026-03-31 19:00:00-04:00,4709.39990234375,4728.7998046875,4700.2998046875,4723.60009765625,2962,0.0029469882165973,4649.672009437893,4594.60876605623,1.011984316007155,77.01671730446206,32.06431361607143,0.003349311792002,1,0.1913834,0
2026-03-31 20:00:00-04:00,4723.60009765625,4750.5,4721.5,4738.7998046875,7352,0.0032126564637587,4658.160370890237,4600.263316590789,1.0125855957181065,83.06797717323803,32.521449497767854,0.0032240676688514,0,0.1913834,0
2026-03-31 21:00:00-04:00,4738.60009765625,4751.89990234375,4708.2998046875,4718.7998046875,6443,-0.0042294092876034,4663.935555061405,4604.911806320072,1.0128175633375485,79.21136095548428,33.300013950892854,0.0034813943250006,1,0.19240193,0
2026-03-31 22:00:00-04:00,4719.89990234375,4727.5,4704.5,4711.10009765625,4748,-0.0016330414579444,4668.427416260914,4609.076053039138,1.012877063111736,72.87138925841579,31.164306640625,0.0035441800585404,1,0.22811498,0
2026-03-31 23:00:00-04:00,4710.2998046875,4720.2001953125,4705.5,4707.0,3239,-0.0008706847183098,4672.100995664637,4612.916207821918,1.0128302325852705,74.32388588414865,30.171456473214285,0.0034827632963844,1,0.2099959,0
2026-04-01 00:00:00-04:00,4707.60009765625,4707.7001953125,4693.0,4702.7001953125,3646,-0.0009139090295181,4675.015205154909,4616.437148507824,1.01268901855753,67.94759099230805,28.207170758928573,0.0035148088571242,1,0.23200236,0
2026-04-01 01:00:00-04:00,4702.89990234375,4730.0,4700.7998046875,4710.2998046875,5342,0.0016147054129794,4678.375643205632,4620.118036985458,1.0126095493132,72.51666693053728,27.671456473214285,0.0035157892622084,1,0.22715805,0
2026-04-01 02:00:00-04:00,4710.7998046875,4759.89990234375,4708.89990234375,4757.39990234375,9443,0.0099497211945729,4685.901763123548,4625.501639548528,1.0130580698661076,77.05085134276179,29.378627232142858,0.003877473322852,1,0.3308341,0
2026-04-01 03:00:00-04:00,4757.5,4774.2001953125,4735.60009765625,4739.39990234375,10019,-0.0037907551859411,4690.996824001662,4629.968238089517,1.0131812104908364,67.07147599619836,28.907191685267858,0.003994834973435,1,0.355812,0
2026-04-01 04:00:00-04:00,4739.60009765625,4767.5,4737.0,4755.7998046875,7421,0.0034543599202858,4697.168536447933,4634.902809328654,1.0134340955314007,67.07147599619836,28.835763113839285,0.0037526221733642,1,0.28371784,0
2026-04-01 05:00:00-04:00,4755.7998046875,4757.60009765625,4740.0,4750.5,4366,-0.0011150090667172,4702.247723452892,4639.436032492236,1.0135386479134003,63.17388394827532,28.814348493303573,0.0037236345105486,1,0.29065377,0
2026-04-01 06:00:00-04:00,4750.0,4766.0,4742.39990234375,4758.7001953125,4270,0.0017246870770891,4707.624149344283,4644.113058485188,1.0136756125570747,61.84778563950188,28.750069754464285,0.0034895646336596,1,0.20696364,0
2026-04-01 07:00:00-04:00,4758.2001953125,4791.5,4755.2001953125,4780.2001953125,7281,0.0045078647491273,4714.536153722208,4649.449808949004,1.0139987197297902,70.21076525883923,29.728620256696427,0.0034775104455944,0,0.21029836,0
2026-04-01 08:00:00-04:00,4780.2001953125,4782.0,4752.0,4752.10009765625,12456,-0.0058957813307879,4718.113672192117,4653.475310466936,1.0138903416076563,59.75163565658162,29.307198660714285,0.0038522151684933,1,0.29959157,0
2026-04-01 09:00:00-04:00,4752.0,4776.7998046875,4743.2998046875,4765.39990234375,11126,0.0027948123655449,4722.617122682748,4657.864510148381,1.013901781040064,59.640228462558895,29.664341517857142,0.0036873236246074,1,0.23870192,0
2026-04-01 10:00:00-04:00,4765.2001953125,4796.7998046875,4751.2998046875,4788.39990234375,13958,0.0048148474750986,4728.882149317129,4662.983545136435,1.014132283235146,61.04191712719452,30.842912946428573,0.0037449084352859,0,0.24625129,0
2026-04-01 11:00:00-04:00,4788.7998046875,4816.2001953125,4785.2001953125,4814.39990234375,11457,0.0054151006087049,4737.026697224426,4668.921441497507,1.0145869354582833,70.7286344334287,29.942905970982142,0.0038539701528359,0,0.29746667,0
2026-04-01 12:00:00-04:00,4814.2998046875,4818.89990234375,4802.10009765625,4815.0,5512,0.0001246386406447,4744.452726060195,4674.650012419173,1.0149321796189184,73.24387680407743,29.500034877232142,0.0038319126305536,0,0.30316344,0
2026-04-01 13:00:00-04:00,4815.2001953125,4821.0,4800.39990234375,4801.39990234375,6303,-0.0028285235351503,4749.876266658629,4679.620596337784,1.0150131124680974,70.25753222136072,29.921456473214285,0.0038274564432707,0,0.30770636,0
2026-04-01 14:00:00-04:00,4801.10009765625,4802.60009765625,4768.2001953125,4779.5,8859,-0.0045715831932582,4752.697574595903,4683.537435697087,1.0147666459056544,65.32320917433782,31.328578404017858,0.0040181842679015,0,0.33267567,0
2026-04-01 15:00:00-04:00,4780.0,4804.39990234375,4777.60009765625,4791.7001953125,5102,0.0025493567517519,4756.412109902245,4687.77911254475,1.0146408343289532,65.94834018580144,31.157121930803573,0.0040076364544103,0,0.3219915,0
2026-04-01 16:00:00-04:00,4791.7001953125,4797.2001953125,4780.0,4784.60009765625,1583,-0.0014828480185527,4759.096680164531,4691.576013921672,1.0143918943319898,56.31974224215551,28.742850167410715,0.0039911633183544,0,0.3145792,0
2026-04-01 18:00:00-04:00,4783.0,4808.10009765625,4776.60009765625,4801.10009765625,0,0.0034426314113533,4763.097005639933,4695.871076028911,1.014315965775592,64.4361579090351,28.235700334821427,0.0038818044875053,0,0.3172614,0
2026-04-01 19:00:00-04:00,4802.2001953125,4825.89990234375,4798.5,4808.89990234375,3496,0.0016232687617499,4767.459186278392,4700.303579021649,1.0142875042276995,62.94492256352353,28.014264787946427,0.0038395953888194,0,0.3172614,0
2026-04-01 20:00:00-04:00,4809.2998046875,4823.89990234375,4800.0,4810.39990234375,4032,0.0003118730141723,4771.548778284616,4704.621081897026,1.0142259483224103,64.87824519333486,28.464250837053573,0.0038178722609936,0,0.30566773,0
2026-04-01 21:00:00-04:00,4811.0,4813.39990234375,4675.7001953125,4723.7998046875,23580,-0.0181667013522961,4767.001256989653,4705.373188673123,1.0130973816199915,43.761107210121885,36.614222935267854,0.0057525604013053,0,0.25062037,0
2026-04-01 22:00:00-04:00,4723.10009765625,4732.2001953125,4683.39990234375,4715.10009765625,10428,-0.0018433736102182,4762.05828943409,4705.754636084226,1.011964851060895,37.80439837272954,37.507114955357146,0.0057605188718575,0,0.25398955,0
2026-04-01 23:00:00-04:00,4714.0,4726.7998046875,4702.7998046875,4707.10009765625,3622,-0.0016981175853983,4756.824175931438,4705.80739928313,1.0108412377132308,40.88329910381682,37.07854352678572,0.0052754518549265,0,0.25308567,0
2026-04-02 00:00:00-04:00,4703.60009765625,4708.60009765625,4683.7998046875,4698.89990234375,3813,-0.0017436099064432,4751.3075784468965,4705.536517050213,1.0097270653900643,36.24328790380813,36.45713588169643,0.0052285362043427,0,0.2566404,0
2026-04-02 01:00:00-04:00,4699.2998046875,4706.60009765625,4612.2001953125,4622.10009765625,10617,-0.0164792495859846,4739.002104085883,4702.264500603391,1.007812747130192,21.86128516182383,39.949986049107146,0.0062495162524686,1,0.36076185,0
2026-04-02 02:00:00-04:00,4621.7998046875,4635.60009765625,4580.39990234375,4625.0,16255,0.0006272025625739,4728.144760839608,4699.234520187571,1.0061521170156205,15.23495406598822,41.67857142857143,0.0062661959770611,1,0.36187062,0
2026-04-02 03:00:00-04:00,4624.5,4677.0,4623.7001953125,4668.2001953125,8174,0.0092972292824917,4722.435754598931,4698.01748783953,1.0051975682982464,26.69844369921023,44.285714285714285,0.0066763925608837,0,0.22560783,0
2026-04-02 04:00:00-04:00,4668.10009765625,4674.5,4641.60009765625,4646.10009765625,7660,-0.0047454212198062,4715.1656920329615,4695.981511753911,1.0040852333492014,25.996938996170144,45.16427176339285,0.0065976867881054,0,0.29332763,0
2026-04-02 05:00:00-04:00,4645.5,4657.2998046875,4638.2001953125,4647.2998046875,5929,0.000258184744124,4708.702274190537,4694.072425202287,1.0031166645213443,28.170363178268403,44.07139369419643,0.0065211536476838,0,0.2277976,0
2026-04-02 06:00:00-04:00,4647.5,4661.10009765625,4629.5,4646.7001953125,4593,-0.0001290314989954,4702.797314297391,4692.2146906968055,1.002255357927583,25.10295518142958,44.41427176339285,0.006461389081855,0,0.28410473,0
2026-04-02 07:00:00-04:00,4647.10009765625,4656.7998046875,4618.7998046875,4626.2001953125,4927,-0.0044214932833643,4695.502350584544,4689.625886956244,1.0012530772752353,23.99862780600128,45.899972098214285,0.0063330582661647,1,0.3296323,0
2026-04-02 08:00:00-04:00,4626.60009765625,4656.5,4620.7998046875,4628.10009765625,7419,0.0004105988157495,4689.0830884008965,4687.213110905264,1.0003989529495216,20.172313348680504,46.199986049107146,0.0061318503733878,1,0.3827079,0
2026-04-02 09:00:00-04:00,4628.2998046875,4679.10009765625,4605.5,4672.89990234375,16316,0.0096334052570924,4687.54183258593,4686.651808608734,1.0001899061448432,29.20483086180053,49.5,0.0066498303846518,0,0.22713175,0
2026-04-02 10:00:00-04:00,4672.7001953125,4726.39990234375,4657.60009765625,4707.89990234375,20776,0.0074620849259075,4689.480696372389,4687.485067186578,1.000425735582558,35.78359532951829,52.70713588169643,0.0069335140647888,0,0.22713052,0
2026-04-02 11:00:00-04:00,4708.39990234375,4710.2998046875,4678.5,4687.5,8983,-0.0043425366910587,4689.292058622637,4687.485652787104,1.000385367757757,43.83283227272055,45.142857142857146,0.006927461716724,0,0.25708726,0
2026-04-02 12:00:00-04:00,4686.89990234375,4697.89990234375,4668.60009765625,4686.5,8730,-0.0002133560921257,4689.026148277624,4687.44699973663,1.0003368888311874,45.01043521004074,43.749965122767854,0.0068809412716436,0,0.2541207,0
2026-04-02 13:00:00-04:00,4685.7001953125,4695.7998046875,4672.7001953125,4675.7001953125,6570,-0.0023071092804228,4687.757009899993,4686.986340739605,1.0001644274389472,44.574979455873056,43.68565150669643,0.0068857589442763,0,0.26319352,0
2026-04-02 14:00:00-04:00,4676.5,4699.0,4674.10009765625,4695.2001953125,2799,0.0041618259363405,4688.465884701184,4687.308452683641,1.0002469289207712,49.38481498752749,43.69276646205357,0.006912836684997,0,0.2547276,0
2026-04-02 15:00:00-04:00,4695.7998046875,4708.60009765625,4687.7998046875,4697.89990234375,3569,0.0005748277091738,4689.364362571905,4687.723803650704,1.0003499691939877,66.72556531520155,38.43565150669643,0.0068949290918012,0,0.3023817,0
2026-04-02 16:00:00-04:00,4698.60009765625,4703.60009765625,4690.39990234375,4702.7001953125,1974,0.001021273819992,4690.634441880533,4688.311113127637,1.000495557717232,67.00230358205278,35.43565150669643,0.0069047585293931,0,0.30680013,0
2026-04-05 18:00:00-04:00,4675.0,4699.2998046875,4634.89990234375,4673.60009765625,7570,-0.006207179842853,4689.012123382982,4687.734210560133,1.000272607781382,51.25931189014139,36.47140066964285,0.0057777569678345,0,0.27562946,0
2026-04-05 19:00:00-04:00,4673.7998046875,4678.39990234375,4631.0,4636.7998046875,3466,-0.0079052425246697,4684.03952160246,4685.736782878853,0.9996377813447408,47.970246909333206,37.507114955357146,0.0060045953860773,1,0.27124578,0
2026-04-05 20:00:00-04:00,4637.2001953125,4655.7001953125,4626.2001953125,4647.89990234375,3008,0.0023910526554214,4680.59765310163,4684.252983642183,0.9992196556092684,50.1255436962819,38.25,0.00604323554322,1,0.25650796,0
2026-04-05 21:00:00-04:00,4648.89990234375,4668.7001953125,4645.7998046875,4651.7998046875,3577,0.0008387158070093,4677.855000871713,4682.980309957686,0.9989055454546596,51.052334599956126,37.62859235491072,0.0060458398099238,1,0.25881165,0
2026-04-05 22:00:00-04:00,4650.60009765625,4697.5,4649.7998046875,4673.60009765625,3842,0.004675474062239,4677.44977199405,4682.612458494885,0.998897477306398,59.72904009133712,38.32146344866072,0.0048325726293283,0,0.23683684,0
2026-04-05 23:00:00-04:00,4673.10009765625,4673.5,4650.5,4666.2998046875,2820,-0.0015632489709211,4676.387870345807,4681.97274658087,0.998807153194315,57.67060885678968,37.421456473214285,0.0048555936136645,1,0.260268,0
2026-04-06 00:00:00-04:00,4665.2998046875,4685.2998046875,4665.10009765625,4685.10009765625,1481,0.004020856448065,4677.217606280135,4682.0953877995125,0.9989582054368032,52.7354578185703,33.607142857142854,0.0044779373185453,0,0.22876696,0
2026-04-06 01:00:00-04:00,4684.89990234375,4704.39990234375,4677.5,4678.5,2974,-0.0014097352899474,4677.33973901536,4681.954392199531,0.9990143745971,42.446109952459295,30.614292689732142,0.0043449493397722,0,0.26798368,0
2026-04-06 02:00:00-04:00,4678.7001953125,4693.2998046875,4669.2998046875,4691.7001953125,2943,0.0028174860236779,4678.707401519849,4682.336580556903,0.9992249213667972,51.12064158368274,30.057163783482142,0.0043797297754159,0,0.29463646,0
2026-04-06 03:00:00-04:00,4691.89990234375,4714.2998046875,4670.2998046875,4710.5,3530,0.0039990277490769,4681.735268041768,4683.441028378201,0.9996357890862516,55.84791981572658,31.107177734375,0.004446506143966,0,0.28097355,0
2026-04-06 04:00:00-04:00,4710.39990234375,4724.7001953125,4704.7001953125,4722.7998046875,3512,0.0026077431889972,4685.646176293742,4684.984509802095,1.000141231308292,61.393164569548944,30.885777064732142,0.0042971934307845,0,0.3123614,0
2026-04-06 05:00:00-04:00,4722.7998046875,4733.10009765625,4717.0,4719.89990234375,3164,-0.0006142104535543,4688.908435917553,4686.35374088216,1.000545134912268,56.49646697603848,30.257219587053573,0.0043110969098631,0,0.29731297,0
2026-04-06 06:00:00-04:00,4720.0,4723.89990234375,4710.10009765625,4715.2998046875,2384,-0.000975092878491,4691.421899609929,4687.488880639232,1.0008390460374086,54.531189994472506,29.757184709821427,0.0038146751770463,0,0.26264724,0
2026-04-06 07:00:00-04:00,4716.2998046875,4723.2001953125,4703.39990234375,4704.60009765625,2761,-0.0022717251231336,4692.67696609053,4688.159908757547,1.0009635032551991,50.48001361593639,30.228620256696427,0.0034793834464353,0,0.18655491,0
2026-04-06 08:00:00-04:00,4704.89990234375,4712.89990234375,4685.60009765625,4701.5,3728,-0.0006591675054089,4693.5172550342895,4688.683049590584,1.0010310369441855,58.11511334467743,27.335728236607142,0.0033338207214215,0,0.21547051,0
2026-04-06 09:00:00-04:00,4701.7998046875,4708.2001953125,4684.5,4705.60009765625,6754,0.0008717028357971,4694.668001950667,4689.346463240218,1.0011348145743044,74.71262754305883,25.642892020089285,0.0033364394894495,0,0.24911918,0
2026-04-06 10:00:00-04:00,4707.39990234375,4724.0,4686.0,4708.60009765625,8157,0.0006373350978966,4695.994868208341,4690.101507727121,1.0012565528638369,73.15023798633354,26.250034877232142,0.0032843897912336,0,0.25215837,0
2026-04-06 11:00:00-04:00,4709.0,4709.7001953125,4677.39990234375,4693.39990234375,6748,-0.0032333989694749,4695.747728602189,4690.230856535617,1.00117624744609,64.60668570225175,26.921456473214285,0.0032488219696959,0,0.24106759,0
2026-04-06 12:00:00-04:00,4693.5,4698.0,4683.39990234375,4685.60009765625,3375,-0.0016632490639968,4694.781287559719,4690.049258148191,1.0010089508981823,54.6728829742186,24.557163783482142,0.0032657853828763,0,0.24063215,0
2026-04-06 13:00:00-04:00,4685.89990234375,4688.60009765625,4671.39990234375,4680.60009765625,4920,-0.001067668930986,4693.430698045103,4689.678702834782,1.000800053787918,55.67021486063597,24.1357421875,0.0032603909044489,0,0.25285858,0
2026-04-06 14:00:00-04:00,4680.7998046875,4694.0,4675.89990234375,4685.2001953125,3184,0.0009823181964725,4692.646840641998,4689.50307508881,1.0006703835145965,50.04472642073001,23.985770089285715,0.0029487810416385,0,0.24517094,0
2026-04-06 15:00:00-04:00,4685.2001953125,4686.60009765625,4672.60009765625,4682.2001953125,2573,-0.000640519242792,4691.651922039189,4689.216687646602,1.000519326479197,51.70831115933156,23.064348493303573,0.0022790645990921,0,0.25619158,0
2026-04-06 16:00:00-04:00,4682.60009765625,4685.60009765625,4674.60009765625,4676.10009765625,920,-0.0013036765928095,4690.170795907481,4688.702311568549,1.0003131963262648,42.29241955054542,22.135777064732142,0.0022663266576209,0,0.25105384,0
2026-04-06 18:00:00-04:00,4678.60009765625,4694.89990234375,4675.60009765625,4685.10009765625,0,0.0019228309586768,4689.687872264507,4688.56104827787,1.000240334715712,36.105071393658726,20.371477399553573,0.0022926402345692,0,0.316942,0
2026-04-06 19:00:00-04:00,4684.89990234375,4688.0,4677.89990234375,4685.89990234375,859,0.000170697831489,4689.327113224435,4688.456689613788,1.0001856524797543,26.908668678635223,19.664341517857142,0.0020549748221502,0,0.2476536,0
2026-04-06 20:00:00-04:00,4685.89990234375,4689.10009765625,4675.7998046875,4681.89990234375,1692,-0.0008539892667427,4688.619759807228,4688.199560701237,1.0000896290997323,26.543209871955497,19.46435546875,0.0020301606317756,0,0.2190757,0
2026-04-06 21:00:00-04:00,4681.39990234375,4692.0,4641.39990234375,4651.89990234375,10971,-0.0064282722866145,4685.122630524992,4686.776044687218,0.9996472171602694,20.20678546086464,22.092947823660715,0.0023112213645438,1,0.339532,0
2026-04-06 22:00:00-04:00,4652.2998046875,4679.2001953125,4645.0,4675.89990234375,3438,0.0051459193943868,4684.2442754601125,4686.349529301199,0.999550768924101,38.01163387903589,23.121512276785715,0.0026006025388255,0,0.24838364,0
2026-04-06 23:00:00-04:00,4675.89990234375,4679.39990234375,4664.7001953125,4674.89990234375,1706,-0.0002138854482395,4683.354335163316,4685.900524322476,0.9994566275690354,38.69044405692735,22.221505301339285,0.002512904378514,1,0.26067495,0
2026-04-07 00:00:00-04:00,4675.2001953125,4690.2998046875,4670.7998046875,4686.39990234375,2476,0.0024569250050514,4683.644389180501,4685.920107774291,0.99951434968129,42.31992187026017,21.921491350446427,0.0023990265337459,0,0.31287304,0
2026-04-07 01:00:00-04:00,4686.89990234375,4687.5,4648.39990234375,4668.0,5065,-0.0039339618287988,4682.154447353787,4685.217358449809,0.9993462606189448,35.541265703021026,22.000069754464285,0.0024336650135965,1,0.27998808,0
2026-04-07 02:00:00-04:00,4668.10009765625,4681.89990234375,4662.7998046875,4680.5,3953,0.0026742274053526,4681.99688093914,4685.032364000797,0.9993520892011374,45.31592962884413,21.057198660714285,0.0025402371830717,0,0.31448883,0
2026-04-07 03:00:00-04:00,4684.7001953125,4684.7001953125,4661.60009765625,4671.10009765625,3750,-0.0020103309404473,4680.959092055055,4684.486000614736,0.9992471087416596,44.79539829755272,21.664341517857142,0.0025626110099543,1,0.31996566,0
2026-04-07 04:00:00-04:00,4671.2001953125,4717.60009765625,4669.60009765625,4709.60009765625,8194,0.0082083885782712,4683.686806874217,4685.470867165384,0.9996192356453072,58.39121318339901,23.864327566964285,0.0031736402114204,0,0.24625808,0
2026-04-07 05:00:00-04:00,4709.7998046875,4721.2001953125,4684.0,4696.60009765625,8561,-0.0027641359969414,4684.916644091553,4685.90730757679,0.9997885866236332,53.14567349904797,25.228620256696427,0.0032328563880928,0,0.24063215,0
2026-04-07 06:00:00-04:00,4696.7998046875,4706.60009765625,4674.89990234375,4677.5,8402,-0.0040750843044372,4684.210297035215,4685.577609240445,0.9997081870541354,48.80886974682741,26.492919921875,0.0033457194671251,1,0.24352655,0
2026-04-07 07:00:00-04:00,4677.10009765625,4690.0,4653.89990234375,4684.60009765625,7000,0.0015167748567947,4684.2474209038855,4685.539275452829,0.999724289036331,52.14321945470269,28.285784040178573,0.0033644067174147,1,0.20963281,0
2026-04-07 08:00:00-04:00,4685.2001953125,4696.2998046875,4671.60009765625,4676.10009765625,6139,-0.0018161039578012,4683.471485356492,4685.16911161767,0.99963765955492,47.72497247214629,28.671491350446427,0.0033129141065795,1,0.19639851,0
2026-04-07 09:00:00-04:00,4676.2001953125,4688.7998046875,4660.0,4668.60009765625,8082,-0.0016051882786256,4682.055162718374,4684.519346364281,0.9994739730026264,45.77021889967832,30.007184709821427,0.0033115754061647,1,0.17879273,0
2026-04-07 10:00:00-04:00,4668.5,4687.39990234375,4631.89990234375,4658.2998046875,16970,-0.0022087290019367,4679.792747667814,4683.491129043623,0.9992103366326726,44.40226165335993,33.021449497767854,0.00333737071594,1,0.16425584,0
2026-04-07 11:00:00-04:00,4658.2998046875,4685.0,4650.0,4681.2998046875,9888,0.0049252746278387,4679.936276907784,4683.405194755148,0.9992593171628096,57.21291954478163,31.907156808035715,0.0035245151484062,1,0.16172427,0
2026-04-07 12:00:00-04:00,4681.7998046875,4694.60009765625,4678.10009765625,4682.39990234375,6317,0.0002349707264716,4680.1709079016855,4683.3657715233285,0.9993178274391744,51.79656880867969,30.642857142857142,0.003522121594313,1,0.16726775,0
2026-04-07 13:00:00-04:00,4682.5,4712.7998046875,4679.39990234375,4701.7001953125,7814,0.0041134088472028,4682.221316226525,4684.084768534669,0.9996021736582008,56.7269580779961,31.978585379464285,0.0036232559089868,1,0.1853053,0
2026-04-07 14:00:00-04:00,4702.2998046875,4712.7001953125,4683.0,4688.5,5367,-0.0028114851085092,4682.819286109713,4684.257914866643,0.9996928801139742,50.52267009819396,32.70717075892857,0.0036642151343803,1,0.20640308,0
2026-04-07 15:00:00-04:00,4688.5,4745.7001953125,4686.89990234375,4727.2998046875,10531,0.0082414718037729,4687.055525974264,4685.945832114519,1.0002368132068749,63.39801069268674,34.114327566964285,0.0040984808341627,1,0.26589936,0
2026-04-07 16:00:00-04:00,4727.2998046875,4743.7001953125,4723.0,4733.2998046875,3858,0.0012684187159759,4691.459742994572,4687.802850646794,1.0007800866342478,62.29041262392026,34.22862025669643,0.0040906877815056,1,0.254603,0
2026-04-07 18:00:00-04:00,4747.2001953125,4847.10009765625,4740.5,4845.10009765625,0,0.0233453127229931,4706.092157724255,4693.97137013736,1.0025822031348564,77.42738921010178,40.70720563616072,0.0062609476011619,0,0.27029046,0
2026-04-07 19:00:00-04:00,4844.7998046875,4863.5,4828.2998046875,4860.7001953125,11790,0.0032145955241515,4720.816732732659,4700.5097554383465,1.0043201649078206,75.67098977787757,39.792933872767854,0.0062252264772488,0,0.2734909,0
2026-04-07 20:00:00-04:00,4860.7001953125,4888.0,4836.89990234375,4845.60009765625,14347,-0.0031114038062435,4732.700862725382,4706.199572780225,1.0056311445223096,75.13483682494396,40.78578404017857,0.006311067082526,0,0.28333342,0
2026-04-07 21:00:00-04:00,4846.7001953125,4854.10009765625,4817.2001953125,4838.60009765625,15364,-0.0014456539678941,4742.78650414737,4711.391750226344,1.006663583837943,78.33263775078025,41.157191685267854,0.0063496774443776,0,0.28333342,0
2026-04-07 22:00:00-04:00,4838.5,4853.7998046875,4828.2001953125,4833.39990234375,5693,-0.0010753093080185,4751.416351594645,4716.176383642713,1.0074721480040816,76.34544693392505,40.40715680803572,0.0062499887849382,0,0.285126,0
2026-04-07 23:00:00-04:00,4833.7998046875,4835.2998046875,4824.39990234375,4828.2001953125,3330,-0.00107636571183,4758.729098615392,4720.56947429643,1.0080836908611857,77.24821071727757,39.421456473214285,0.0062767235305283,0,0.285126,0
2026-04-08 00:00:00-04:00,4826.7998046875,4836.10009765625,4819.7998046875,4832.7001953125,3686,0.0009315902542199,4765.773964967498,4724.96675747353,1.0086365067922272,79.71739572152399,38.528634207589285,0.0062230530179264,0,0.2803079,0
2026-04-08 01:00:00-04:00,4833.0,4872.2001953125,4829.39990234375,4855.5,6295,0.0047067249476015,4774.31930163726,4730.085708160843,1.0093515416433363,84.16489863462023,37.62151227678572,0.0060778863290297,0,0.2850624,0
2026-04-08 02:00:00-04:00,4855.2001953125,4866.7998046875,4846.2001953125,4846.60009765625,10373,-0.001834634718361,4781.203186972401,4734.65489990576,1.0098314001866466,80.10928941899634,36.59291294642857,0.0060468336961646,0,0.2990393,0
2026-04-08 03:00:00-04:00,4846.7998046875,4847.2998046875,4831.0,4839.7001953125,5643,-0.0014246726411765,4786.77433062384,4738.774323255044,1.0101292030585296,78.05924519037703,36.57861328125,0.0059447428521233,0,0.30502856,0
2026-04-08 04:00:00-04:00,4839.89990234375,4846.0,4817.5,4821.7998046875,6574,-0.0037055138658113,4790.110090058474,4742.030224487689,1.010139088806837,71.53091451142018,36.22862025669643,0.0060668567004866,0,0.2990393,0
2026-04-08 05:00:00-04:00,4821.89990234375,4834.0,4802.89990234375,4810.2001953125,7407,-0.0024085579282787,4792.023433416,4744.703556676897,1.0099731998372192,71.94379390737481,36.32861328125,0.0060850283978441,0,0.2990393,0
2026-04-08 06:00:00-04:00,4810.2998046875,4823.10009765625,4798.2001953125,4809.7001953125,5244,-0.0001039511803963,4793.706934549,4747.252444466529,1.009785552933175,67.23857544062201,33.907156808035715,0.0060550140004518,0,0.34338436,0
2026-04-08 07:00:00-04:00,4809.2998046875,4830.39990234375,4806.39990234375,4826.39990234375,7574,0.0034660751924006,4796.820550529453,4750.356266344067,1.009781220940118,68.64241226870536,34.142857142857146,0.0060053866678965,0,0.32103324,0
2026-04-08 08:00:00-04:00,4826.2998046875,4834.7998046875,4793.7001953125,4827.10009765625,11105,0.0001450655852752,4799.704316922481,4753.36582835631,1.00974856348942,43.50647520099412,28.949951171875,0.0059683149683194,0,0.36331654,0
2026-04-08 09:00:00-04:00,4826.60009765625,4833.60009765625,4792.7998046875,4804.10009765625,14078,-0.0047761531804698,4800.12296270665,4755.355407544544,1.0094141344495684,30.616340082747783,29.349958147321427,0.0061287283288188,0,0.3533752,0
2026-04-08 10:00:00-04:00,4803.7001953125,4818.7998046875,4757.60009765625,4762.2001953125,20500,-0.0087599529596247,4796.511270573874,4755.623830594267,1.008597702727572,25.867988344664383,30.071358816964285,0.0064816627549519,0,0.38263917,0
2026-04-08 11:00:00-04:00,4761.60009765625,4788.7998046875,4759.89990234375,4782.0,10212,0.0041490816803038,4795.1292448049335,4756.658190178806,1.008087832484066,34.752056655109186,29.499930245535715,0.0064734906493295,0,0.33677238,0
2026-04-08 12:00:00-04:00,4782.2001953125,4791.10009765625,4770.89990234375,4785.89990234375,6265,0.0008152055517995,4794.25025980863,4757.804923989195,1.007660115620898,37.11332011884117,29.1142578125,0.006244428266386,0,0.3524143,0
2026-04-08 13:00:00-04:00,4785.7001953125,4789.89990234375,4755.5,4759.5,10144,-0.0055314538787097,4790.940711255428,4757.871397558247,1.0069504429468508,33.284544575289914,30.792829241071427,0.0063904466583423,0,0.32147995,0
2026-04-08 14:00:00-04:00,4759.10009765625,4769.7998046875,4728.10009765625,4730.10009765625,11362,-0.0061962561341092,4785.146367103125,4756.782326973856,1.0059628627461947,27.73424999354636,32.60707310267857,0.0035687248233748,0,0.19227095,0
2026-04-08 15:00:00-04:00,4729.2998046875,4756.60009765625,4720.60009765625,4755.2998046875,6064,0.0053133798421124,4782.303837349256,4756.724188844979,1.0053775765608324,28.47923116119118,32.121337890625,0.0037325021935722,0,0.1765683,0
2026-04-08 16:00:00-04:00,4755.2001953125,4757.2998046875,4742.10009765625,4745.0,1801,-0.0021683123553348,4778.751090935041,4756.264416733411,1.0047278015331775,28.30899905801722,31.735630580357142,0.0037116010875134,0,0.19029938,0
2026-04-08 18:00:00-04:00,4744.7998046875,4757.7001953125,4728.5,4741.5,0,-0.0007378907202461,4775.203367988846,4755.685419998767,1.0041041293244506,28.726019512681773,32.65708705357143,0.0037109940111912,0,0.18067756,0
2026-04-08 19:00:00-04:00,4741.2001953125,4743.39990234375,4728.5,4738.7998046875,2259,-0.0005696434587819,4771.7363619601465,4755.023239006168,1.003514835178276,30.75126940141752,31.685651506696427,0.003712273767452,0,0.17835718,0
2026-04-08 20:00:00-04:00,4739.39990234375,4742.39990234375,4718.60009765625,4730.39990234375,3881,-0.0017741530027759,4767.799556282394,4754.057617960583,1.002890570419234,31.214525289154125,31.164202008928573,0.003716421606143,1,0.20393288,0
2026-04-08 21:00:00-04:00,4730.2001953125,4752.2001953125,4722.39990234375,4751.2001953125,5911,0.0043875139474614,4766.218664761452,4753.945562170463,1.0025816666241725,37.43012539433366,31.514229910714285,0.0038884542966832,0,0.1919623,0
2026-04-08 22:00:00-04:00,4751.5,4756.60009765625,4741.0,4742.10009765625,3799,-0.0019171626647654,4763.92165837048,4753.481034150298,1.0021964165093271,31.27499978113701,30.914236886160715,0.0036659453029131,1,0.19892542,0
2026-04-08 23:00:00-04:00,4742.2001953125,4743.39990234375,4728.0,4735.0,3062,-0.0014983695247413,4761.167214716149,4752.756287713032,1.001769694571729,30.10792831032552,29.078543526785715,0.003663562967706,1,0.22704,0
2026-04-09 00:00:00-04:00,4734.60009765625,4748.39990234375,4733.0,4744.2001953125,1950,0.0019411338534469,4759.551308106277,4752.420754677718,1.0015004044878688,36.24253951216858,27.264229910714285,0.0037277405582386,1,0.24934073,0
2026-04-09 01:00:00-04:00,4743.89990234375,4749.60009765625,4729.10009765625,4736.39990234375,3592,-0.0016455276350679,4757.34641231937,4751.792485958738,1.0011688065876283,42.97378015857924,24.357107979910715,0.0036770642597419,1,0.28073624,0
2026-04-09 02:00:00-04:00,4736.7001953125,4749.2001953125,4727.2001953125,4736.2998046875,4878,-2.113392366474673e-05,4755.341973497287,4751.184929830454,1.0008749488239728,36.05854594112674,23.8642578125,0.0036640202629124,1,0.26613906,0
2026-04-09 03:00:00-04:00,4736.5,4755.2001953125,4729.5,4748.39990234375,8895,0.0025514996983476,4754.680823863617,4751.07571306627,1.0007587988521067,39.10520850156549,24.257114955357142,0.0037369697989681,1,0.2710927,0
2026-04-09 04:00:00-04:00,4748.2998046875,4758.60009765625,4744.10009765625,4750.5,4214,0.0004421770335634,4754.28265016232,4751.053136083278,1.0006797469922015,46.95536114997785,22.835693359375,0.0036214259844179,1,0.29552948,0
2026-04-09 05:00:00-04:00,4750.10009765625,4758.5,4747.7001953125,4753.89990234375,3833,0.0007154375917897,4754.246197989123,4751.1647739758455,1.0006485618074448,59.76997209152318,20.628557477678573,0.0036314302801189,1,0.35047272,0
2026-04-09 06:00:00-04:00,4753.89990234375,4771.39990234375,4748.10009765625,4765.7001953125,3965,0.0024791585553252,4755.337054877064,4751.734790498851,1.0007580945774617,54.79716763704069,19.721400669642858,0.0035714332928627,1,0.3404429,0
2026-04-09 07:00:00-04:00,4765.7998046875,4782.7001953125,4762.89990234375,4781.2998046875,4044,0.0032679633933402,4757.809697716153,4752.894202819974,1.001034210880028,65.96281026414461,20.050013950892858,0.0030668823160105,1,0.35804665,0
2026-04-09 08:00:00-04:00,4781.7001953125,4785.0,4759.60009765625,4770.89990234375,6789,-0.0021774893264262,4759.056383871162,4753.600308683653,1.001147777438827,62.18890566140839,19.778564453125,0.0029626373846888,1,0.35649493,0
2026-04-09 09:00:00-04:00,4771.2998046875,4802.7998046875,4763.89990234375,4789.60009765625,11381,0.0039119751395376,4761.965308993552,4755.012065113951,1.0014622978416008,68.59439731352079,21.492850167410715,0.0030919789349769,1,0.43245137,0
2026-04-09 10:00:00-04:00,4790.0,4801.7998046875,4772.5,4794.0,10881,0.0009182149939588,4765.016231946547,4756.541003736933,1.0017818049298757,73.98174298747195,21.885707310267858,0.0028033260877456,0,0.4221077,0
2026-04-09 11:00:00-04:00,4794.0,4823.89990234375,4786.2001953125,4817.39990234375,16462,0.0048692071527957,4770.0051529367565,4758.92762721171,1.0023277356986278,74.48201638140803,22.449951171875,0.0025185148345771,0,0.31852108,0
2026-04-09 12:00:00-04:00,4817.7001953125,4825.5,4808.7998046875,4813.0,6507,-0.000913752844016,4774.099900276113,4761.048112419095,1.0027413686122963,77.16461189376662,22.528529575892858,0.0023234238486676,0,0.32620114,0
2026-04-09 13:00:00-04:00,4813.5,4826.0,4810.89990234375,4822.2998046875,8397,0.0019303618494144,4778.690367362911,4763.450139566876,1.0031994095350016,82.89362327564953,22.507114955357142,0.0022455697122488,0,0.30069137,0
2026-04-09 14:00:00-04:00,4822.60009765625,4822.7001953125,4792.2001953125,4796.60009765625,6445,-0.0053435982169856,4780.396055962277,4764.750137923322,1.003283680693858,67.56032346426053,23.585693359375,0.0026177593645373,0,0.28512844,0
2026-04-09 15:00:00-04:00,4796.60009765625,4806.89990234375,4790.7001953125,4793.0,3483,-0.0007508337759068,4781.596431584918,4765.857975651819,1.003302334231004,69.51734077097107,23.278529575892858,0.0026222487116706,0,0.2828417,0
2026-04-09 16:00:00-04:00,4793.0,4797.39990234375,4784.60009765625,4790.5,1549,-0.0005217300687032,4782.444390481593,4766.824329547827,1.0032768274754629,68.38548532844581,22.621372767857142,0.0025779367488475,0,0.32114112,0
2026-04-09 18:00:00-04:00,4790.5,4810.0,4782.2001953125,4787.60009765625,0,-0.0006055276939666,4782.935410212513,4767.639065552079,1.003208368848841,64.18249525905114,22.771344866071427,0.002432704789915,0,0.32740217,0
2026-04-09 19:00:00-04:00,4787.39990234375,4787.39990234375,4779.7998046875,4787.0,1829,-0.0001253520044524,4783.322514001797,4768.3983178833705,1.0031298132252195,63.350478633317664,22.292794363839285,0.0023759226455337,0,0.32722583,0
2026-04-09 20:00:00-04:00,4786.60009765625,4786.60009765625,4773.7998046875,4786.39990234375,3505,-0.0001253677195473,4783.615598605792,4769.104262372012,1.0030427802445574,62.135975429822246,22.464250837053573,0.0023355109625861,0,0.31351665,0
2026-04-09 21:00:00-04:00,4786.2001953125,4800.39990234375,4781.2998046875,4787.2998046875,5109,0.0001879946883521,4783.966475375479,4769.8178130510505,1.002966289883382,58.78039871979837,22.164271763392858,0.0023129397595874,0,0.31351665,0
2026-04-09 22:00:00-04:00,4787.5,4788.2001953125,4760.39990234375,4775.5,6207,-0.0024678568865215,4783.160144387338,4770.040643911793,1.0027503959515085,47.567180069785984,22.735700334821427,0.002359042507006,0,0.285719,0
2026-04-09 23:00:00-04:00,4775.60009765625,4793.2998046875,4775.2001953125,4789.10009765625,3908,0.0028438422272167,4783.725854222472,4770.7880734704,1.0027118749675796,57.43475589152936,22.214250837053573,0.002417673310721,0,0.31093034,0
2026-04-10 00:00:00-04:00,4790.39990234375,4794.60009765625,4781.7998046875,4781.7998046875,2078,-0.0015255189081514,4783.542420933427,4771.219906067148,1.002582675942186,46.48633905636877,20.349993024553573,0.0024122888076464,0,0.35965544,0
2026-04-10 01:00:00-04:00,4782.5,4793.0,4781.2998046875,4789.89990234375,2041,0.001692510178505,4784.147895353458,4771.952454940741,1.0025556500254085,48.21268171651367,19.092878069196427,0.0024309205036479,0,0.35946473,0
2026-04-10 02:00:00-04:00,4790.0,4790.2001953125,4766.2998046875,4769.7001953125,4933,-0.0042260632009982,4782.7719239209855,4771.864131033752,1.0022858557133458,28.609903171782463,18.107212611607142,0.0026406384202776,1,0.37625003,0
2026-04-10 03:00:00-04:00,4769.60009765625,4781.2001953125,4764.60009765625,4773.0,2815,0.000691587234532,4781.841264499939,4771.908674914781,1.0020814710133437,31.88396181782157,18.100062779017858,0.0025879466562332,0,0.3658503,0
2026-04-10 04:00:00-04:00,4773.2998046875,4776.5,4752.7001953125,4763.10009765625,6126,-0.0020763007516549,4780.056391467207,4771.563240512486,1.0017799514596413,23.33334799355548,18.721470424107142,0.0025159830885552,1,0.3906271,0
2026-04-10 05:00:00-04:00,4763.60009765625,4783.2998046875,4763.10009765625,4774.60009765625,4786,0.0024114839714933,4779.536744437592,4771.682332949496,1.001646046601606,38.63634070242133,17.985735212053573,0.0025344386310409,0,0.37178016,0
2026-04-10 06:00:00-04:00,4774.7001953125,4784.0,4765.2998046875,4780.7001953125,3004,0.0012767989069782,4779.647549282821,4772.035974610791,1.0015950371523867,43.80673268267052,18.164341517857142,0.0023866731007268,0,0.3690005,0
2026-04-10 07:00:00-04:00,4780.7001953125,4792.89990234375,4777.10009765625,4792.0,2403,0.002360840662572,4780.823973160648,4772.818877567231,1.0016772259326752,50.69380453568625,18.378627232142858,0.0024400460176435,0,0.39418578,0
2026-04-10 08:00:00-04:00,4792.10009765625,4806.89990234375,4783.89990234375,4795.5,9756,0.0007301173727205,4782.2216900024905,4773.708333348908,1.00178338433333,53.6338195127156,18.035784040178573,0.0021632972240941,0,0.39911222,0
2026-04-10 09:00:00-04:00,4795.39990234375,4804.39990234375,4788.89990234375,4799.2998046875,9565,0.0007920550638888,4783.848177115348,4774.711920460226,1.0019134676201034,55.49592005240136,18.585763113839285,0.0021684506837627,0,0.3577005,0
2026-04-10 10:00:00-04:00,4799.10009765625,4820.0,4791.7001953125,4799.2998046875,12260,0.0,4785.319760693648,4775.676151214237,1.002019318139267,55.795139963412645,19.664306640625,0.002113596543375,0,0.31979114,0
2026-04-10 11:00:00-04:00,4799.39990234375,4811.89990234375,4779.2998046875,4785.7998046875,9232,-0.0028168739975162,4785.3654791692525,4776.073157232796,1.001945598744103,49.39467025523064,20.628592354910715,0.0018517139063328,0,0.23840448,0
2026-04-10 12:00:00-04:00,4785.89990234375,4790.7001953125,4768.39990234375,4788.10009765625,8217,0.0004805341682026,4785.625919025158,4776.544801955284,1.001901189551526,55.5070403831496,20.235735212053573,0.001849850152022,0,0.24531886,0
2026-04-10 13:00:00-04:00,4788.39990234375,4793.2998046875,4782.10009765625,4784.5,6905,-0.0007521671832635,4785.51868864181,4776.856770506058,1.0018133091595365,47.79688602845302,19.742885044642858,0.0018536492391315,0,0.22121829,0
2026-04-10 14:00:00-04:00,4784.7001953125,4797.7001953125,4775.10009765625,4789.5,4567,0.0010444956036288,4785.897861152113,4777.352583427389,1.001788705684895,53.77092299597455,20.44287109375,0.0018649010757629,0,0.25279677,0
2026-04-10 15:00:00-04:00,4789.5,4794.60009765625,4782.0,4783.60009765625,2701,-0.0012326003134915,4785.67902653346,4777.597583985384,1.0016915285153287,46.846926100749805,20.507149832589285,0.0018857566680738,0,0.22702706,0
2026-04-10 16:00:00-04:00,4783.5,4783.5,4764.0,4771.0,3254,-0.0026374949933478,4784.281024006464,4777.338855201643,1.0014531455723017,50.70412103129775,20.199986049107142,0.001973670448752,0,0.27114028,0
2026-04-12 18:00:00-04:00,4688.7001953125,4707.39990234375,4665.2001953125,4680.60009765625,6936,-0.0191295988297395,4774.406650068348,4773.545178435157,1.0001804678914703,24.2475048360141,26.571393694196427,0.0046737483282714,1,0.341385,0
2026-04-12 19:00:00-04:00,4680.5,4694.2001953125,4664.60009765625,4693.60009765625,3815,0.0027735717315399,4766.710787933863,4770.410077228141,0.999224534320029,30.95890410721411,26.985700334821427,0.0047410724365787,1,0.2973583,0
2026-04-12 20:00:00-04:00,4693.7001953125,4721.0,4686.89990234375,4718.0,3775,0.0051850815497129,4762.071665273495,4768.35478008194,0.9986823306783524,35.51685620430273,27.978585379464285,0.0048647562266973,0,0.29735678,0
2026-04-12 21:00:00-04:00,4717.5,4749.5,4716.0,4743.10009765625,7086,0.0053059699791201,4760.264849309948,4767.364400378971,0.9985108016772414,41.23131651256303,29.035714285714285,0.0050438189647377,0,0.27126908,0
2026-04-12 22:00:00-04:00,4743.7001953125,4749.5,4732.5,4742.0,2759,-0.0002319633213896,4758.525339851858,4766.3697180111685,0.9983542237334908,37.75711258893412,29.121442522321427,0.0050199721338142,0,0.27246192,0
2026-04-12 23:00:00-04:00,4742.5,4745.7998046875,4733.7001953125,4741.60009765625,1479,-8.433555609032475e-05,4756.913412023705,4765.398360350191,0.9982194671494656,36.598737896654,28.342843191964285,0.0049431225239872,0,0.27866107,0
2026-04-13 00:00:00-04:00,4740.0,4747.0,4729.2001953125,4744.7001953125,2648,0.0006535946935831,4755.7502485274,4764.586667603616,0.9981453965070468,36.37736952136101,28.507114955357142,0.0049427305333294,0,0.27866107,0
2026-04-13 01:00:00-04:00,4744.89990234375,4752.60009765625,4737.89990234375,4751.10009765625,2387,0.0013479439573968,4755.307377015862,4764.057782507642,0.9981632453065726,38.34631558058998,27.535714285714285,0.004937168908188,0,0.2989772,0
2026-04-13 02:00:00-04:00,4751.5,4754.7001953125,4742.7001953125,4747.89990234375,3468,-0.000673796280361,4754.601903237565,4763.424140148273,0.9981479211904836,40.35628290632951,26.064278738839285,0.0049017806764591,0,0.30870116,0
2026-04-13 03:00:00-04:00,4748.0,4762.5,4747.39990234375,4756.39990234375,3696,0.0017886645919972,4754.773141247678,4763.148679842213,0.9982415962302456,42.18052176135331,25.549979073660715,0.0049116653455229,0,0.30724624,0
2026-04-13 04:00:00-04:00,4756.7001953125,4761.2001953125,4743.2998046875,4746.2998046875,3351,-0.0021257330592246,4753.966156813375,4762.487939640067,0.9982106447439452,40.86994271996718,26.028599330357142,0.0048883160245552,0,0.3196477,0
2026-04-13 05:00:00-04:00,4746.2998046875,4751.5,4733.2001953125,4737.39990234375,4062,-0.0018768845980622,4752.3884182924585,4761.504095040213,0.9980855468008,37.77567484955605,25.721435546875,0.0048891322569794,1,0.32382408,0
2026-04-13 06:00:00-04:00,4737.39990234375,4746.2001953125,4730.5,4744.2001953125,2368,0.0014344190990359,4751.608587532463,4760.825510737166,0.998064007348323,40.79443634180143,25.94287109375,0.0049009196647824,0,0.30889684,0
2026-04-13 07:00:00-04:00,4744.7998046875,4751.39990234375,4725.2001953125,4729.10009765625,3912,-0.0031879302835682,4749.464921829966,4759.581376890856,0.9978745073862992,40.32337000999981,26.414271763392858,0.0049328909747042,1,0.3196477,0
2026-04-13 08:00:00-04:00,4728.60009765625,4747.7998046875,4725.60009765625,4745.89990234375,6057,0.0035461366316433,4749.1253961646125,4759.044848477244,0.9979156631995588,72.84801475401935,20.442836216517858,0.0049964551982002,1,0.35791266,0
2026-04-13 09:00:00-04:00,4745.7998046875,4768.0,4743.0,4753.2998046875,13761,0.0015580057412917,4749.522958881078,4758.819552642352,0.9980464496166676,71.74056067919334,20.1142578125,0.0050124435532538,1,0.35969415,0
2026-04-13 10:00:00-04:00,4753.2001953125,4754.2998046875,4731.89990234375,4742.2001953125,8407,-0.0023378683440635,4748.825552826927,4758.167813139221,0.9980365845259817,59.75814326442247,19.278529575892858,0.0050313996104322,1,0.36618128,0
2026-04-13 11:00:00-04:00,4742.60009765625,4743.10009765625,4722.5,4736.89990234375,5623,-0.0011183115415034,4747.689776590434,4757.333777421751,0.9979728139158353,47.02486386562311,18.357107979910715,0.0050209549273674,1,0.3253807,0
2026-04-13 12:00:00-04:00,4737.2001953125,4770.60009765625,4731.5,4756.39990234375,14166,0.004108166354451,4748.519312376464,4757.297154869672,0.9981548677310974,55.872712421681975,19.935686383928573,0.0051238307765537,1,0.3631332,0
2026-04-13 13:00:00-04:00,4756.7001953125,4774.39990234375,4748.39990234375,4753.2998046875,12009,-0.0006519864688839,4748.974597358468,4757.140396038999,0.9982834648547833,54.66866706323691,20.928571428571427,0.0050950078660645,1,0.36465082,0
2026-04-13 14:00:00-04:00,4753.5,4764.2001953125,4746.10009765625,4762.0,2668,0.0018286754838155,4750.215111895756,4757.330968743352,0.9985042333833092,56.60800345554727,20.950020926339285,0.0024757021540038,1,0.33629057,0
2026-04-13 15:00:00-04:00,4762.0,4770.7001953125,4753.7998046875,4765.5,3145,0.0007347153308724,4751.6708155247325,4757.651322910279,0.998742970642521,55.62494038949865,21.107177734375,0.002434483190304,1,0.34116432,0
2026-04-13 16:00:00-04:00,4765.2998046875,4768.39990234375,4762.2001953125,4766.60009765625,1091,0.0002308195780286,4753.09265191821,4758.002255253258,0.9989681376612154,57.42658350922831,20.69287109375,0.0022014370849349,1,0.32455787,0
2026-04-13 18:00:00-04:00,4769.2998046875,4783.2998046875,4767.60009765625,4782.0,0,0.0032255860625608,4755.845732687905,4758.943343282543,0.999349096979898,59.63856971519457,20.80712890625,0.0020032461546734,0,0.24140379,0
2026-04-13 19:00:00-04:00,4782.0,4789.7001953125,4778.2001953125,4781.2998046875,2053,-0.0001464338310105,4758.269930021201,4759.820067259208,0.999674328605682,64.181478601794,20.349958147321427,0.0020018980243859,0,0.25661513,0
2026-04-13 20:00:00-04:00,4781.7001953125,4799.39990234375,4775.5,4792.7001953125,3390,0.0023815324865878,4761.549002906086,4761.109484045611,1.0000923143779716,71.96183753005376,20.749965122767858,0.002045144265671,0,0.24301535,0
2026-04-13 21:00:00-04:00,4792.7001953125,4802.7998046875,4784.10009765625,4787.2001953125,3839,-0.0011482375348435,4763.991973611459,4762.132649193331,1.0003904394428078,67.25513554275639,20.964215959821427,0.002079094698699,1,0.28459662,0
2026-04-13 22:00:00-04:00,4787.10009765625,4800.39990234375,4784.2998046875,4797.60009765625,2277,0.0021700830705257,4767.19274733001,4763.5235295252105,1.0007702738911768,78.5653781530379,20.242815290178573,0.0021058243960654,0,0.27379498,0
2026-04-13 23:00:00-04:00,4797.7001953125,4797.7998046875,4787.89990234375,4792.2998046875,1150,-0.00110539078873,4769.583895649771,4764.652010904124,1.0010350986251169,71.40199544133134,19.3642578125,0.0021205059201399,1,0.28188074,0
2026-04-14 00:00:00-04:00,4790.0,4799.2001953125,4789.2001953125,4796.2998046875,1117,0.0008343241755805,4772.128267939078,4765.893100856414,1.0013082893280891,70.47600002780533,18.292829241071427,0.0020997982615545,1,0.41582158,0
2026-04-14 01:00:00-04:00,4796.10009765625,4796.2998046875,4780.0,4782.2998046875,2584,-0.0029231851293744,4773.096985724642,4766.5365010066525,1.0013763630503203,68.58160392264361,17.857107979910715,0.0021574173444043,1,0.45185766,0
2026-04-14 02:00:00-04:00,4782.60009765625,4806.2998046875,4782.39990234375,4805.39990234375,3622,0.0048187037684961,4776.173453974081,4768.0605559610485,1.0017015090135315,77.24716045069519,18.099958147321427,0.0023036682778041,1,0.44747186,0
2026-04-14 03:00:00-04:00,4805.39990234375,4820.39990234375,4790.89990234375,4800.2001953125,8922,-0.0010826408524762,4778.461715053931,4769.320933974831,1.001916579153645,69.65886327795756,17.414236886160715,0.0023307544089334,1,0.43717024,0
2026-04-14 04:00:00-04:00,4799.60009765625,4813.7001953125,4797.2001953125,4810.0,3480,0.0020394597167814,4781.46536123927,4770.916191466014,1.0022111412881505,74.00504402314519,16.735665457589285,0.0021729425061003,0,0.4258011,0
2026-04-14 05:00:00-04:00,4810.5,4813.0,4794.7998046875,4801.60009765625,5260,-0.0017478680754317,4783.382955183744,4772.119481904848,1.0023602664018798,66.80814904596579,16.742815290178573,0.0021492998778362,1,0.4345914,0
2026-04-14 06:00:00-04:00,4801.7001953125,4811.10009765625,4773.2998046875,4791.10009765625,6404,-0.0021891655070217,4784.117921133507,4772.863819777452,1.0023579347287097,60.25642529773086,18.235665457589285,0.0022219664567418,1,0.4188855,0
2026-04-14 07:00:00-04:00,4790.60009765625,4805.7998046875,4789.39990234375,4797.10009765625,4787,0.001251538487089,4785.354318897577,4773.814262047208,1.0024173661179312,61.7578851401191,18.964250837053573,0.0021326895626916,1,0.32534927,0
2026-04-14 08:00:00-04:00,4797.10009765625,4800.2001953125,4784.2001953125,4793.2998046875,6565,-0.000792520271596,4786.111031829951,4774.578400974278,1.0024154239154015,54.78397485603521,18.914271763392858,0.0021202791901226,1,0.31198663,0
2026-04-14 09:00:00-04:00,4793.0,4828.89990234375,4792.89990234375,4818.7998046875,13726,0.005305825128494,4789.224248292575,4776.312573668914,1.0027032725401686,63.12102780766142,20.664271763392858,0.0022384387557103,1,0.42025074,0
2026-04-14 10:00:00-04:00,4818.39990234375,4842.0,4816.7001953125,4827.2998046875,15730,0.0017623708118849,4792.850491758759,4778.312072924546,1.003042584622422,62.35700334197858,20.764264787946427,0.0022295164482293,1,0.3987135,0
2026-04-14 11:00:00-04:00,4827.2998046875,4839.7998046875,4814.39990234375,4831.89990234375,8092,0.0009524801523,4796.569483243044,4780.413556431181,1.0033796086094116,66.067460686913,21.242850167410715,0.0022162375674099,1,0.4177556,0
2026-04-14 12:00:00-04:00,4832.10009765625,4844.0,4829.0,4833.5,6345,0.0003310980791347,4800.086675315134,4782.495377747606,1.003678267552412,63.77583331086703,21.164271763392858,0.002218015887351,1,0.4194935,0
2026-04-14 13:00:00-04:00,4833.39990234375,4867.7001953125,4832.89990234375,4859.5,15236,0.0053647090388651,4805.745087189884,4785.515166855544,1.00422732341848,72.25172029545348,22.94287109375,0.0024452681476626,0,0.30833146,0
2026-04-14 14:00:00-04:00,4859.60009765625,4867.7998046875,4855.2001953125,4860.10009765625,4222,0.0001234819644807,4810.921754853347,4788.44006610263,1.0046949921979529,71.61255106256256,23.128557477678573,0.0023921455310775,0,0.3109059,0
2026-04-14 15:00:00-04:00,4860.2998046875,4870.0,4860.2998046875,4868.7001953125,3359,0.0017679671978838,4816.424463468505,4791.587522150076,1.005183447282057,80.37984245120748,22.671421595982142,0.0023901607735274,0,0.3235658,0
2026-04-14 16:00:00-04:00,4869.2001953125,4870.2998046875,4863.0,4864.5,1559,-0.0008630656904075,4821.003085995314,4794.446835006936,1.005538960364411,73.96591938776587,21.478550502232142,0.0023948273779491,0,0.42964658,0
2026-04-14 18:00:00-04:00,4862.7001953125,4874.60009765625,4857.2001953125,4859.5,0,-0.001028383471957,4824.669458757665,4796.997939516468,1.0057685076354204,74.08591487000044,20.6142578125,0.0023899895122824,0,0.43084493,0
2026-04-14 19:00:00-04:00,4859.10009765625,4869.0,4857.5,4861.7001953125,2473,0.0004526591996591,4828.196195572411,4799.535282881018,1.0059716016243532,72.38084769103978,20.257114955357142,0.0023670045234513,0,0.42945033,0
2026-04-14 20:00:00-04:00,4861.5,4864.10009765625,4851.60009765625,4859.7001953125,2620,-0.0004114633587452,4831.196576500038,4801.894691211664,1.00610215074937,76.62673032820125,19.849958147321427,0.00234468970345,0,0.42945033,0
2026-04-14 21:00:00-04:00,4860.10009765625,4895.39990234375,4852.5,4871.0,8495,0.0023225070221034,4834.987378738129,4804.604703321011,1.0063236576770025,86.35089323886558,20.214215959821427,0.0023726799121939,0,0.42650184,0
2026-04-14 22:00:00-04:00,4870.2998046875,4877.2001953125,4844.5,4847.7001953125,4517,-0.0047948488705065,4836.198123173784,4806.294722614795,1.0062217159547635,69.88986859468696,21.378522600446427,0.0025559585877818,0,0.42740205,0
2026-04-14 23:00:00-04:00,4848.2001953125,4853.60009765625,4841.0,4849.60009765625,2928,0.0003918415044725,4837.474501695923,4807.992972616421,1.0061317745777525,72.46614577449584,21.135672433035715,0.0023630074302101,0,0.42945033,0
2026-04-15 00:00:00-04:00,4848.0,4851.60009765625,4844.5,4848.89990234375,1089,-0.0001443924965132,4838.562635090954,4809.597165939062,1.006022431432932,64.97510019743487,19.071393694196427,0.0023400173429739,0,0.4323367,0
2026-04-15 01:00:00-04:00,4849.10009765625,4854.2998046875,4835.89990234375,4843.2998046875,3173,-0.0011555887102445,4839.013794100149,4810.918838046843,1.005839831641124,58.19667209475093,18.578543526785715,0.0023387881511007,0,0.41350618,0
2026-04-15 02:00:00-04:00,4843.39990234375,4848.5,4834.2001953125,4834.89990234375,3181,-0.0017358402817048,4838.621994885254,4811.859271940839,1.0055618257791692,51.47928423504818,17.785679408482142,0.0023382231619441,0,0.40580595,0
2026-04-15 03:00:00-04:00,4835.2001953125,4840.0,4827.39990234375,4834.10009765625,5425,-0.0001654368992293,4838.1913380063015,4812.73146118458,1.005290109582689,50.29825897595895,17.6142578125,0.0022654147069875,0,0.38163024,0
2026-04-15 04:00:00-04:00,4833.7998046875,4845.39990234375,4827.10009765625,4841.60009765625,4178,0.0015502757114632,4838.515981782487,4813.863564575627,1.0051211291878468,39.09873260465301,16.435651506696427,0.0022719756788993,0,0.3669314,0
2026-04-15 05:00:00-04:00,4841.39990234375,4842.39990234375,4808.39990234375,4821.2001953125,7859,-0.0042223645389124,4836.866859261536,4814.151275584916,1.0047185022605796,30.91268909111399,17.964250837053573,0.0024905578063165,1,0.38584933,0
2026-04-15 06:00:00-04:00,4820.60009765625,4829.2001953125,4812.7001953125,4822.7998046875,3680,0.0003317315200476,4835.527139778294,4814.49043358894,1.0043694564314822,25.816293975219423,18.435686383928573,0.0021940439808068,1,0.36316258,0
2026-04-15 07:00:00-04:00,4822.7998046875,4837.7998046875,4818.39990234375,4835.7001953125,3358,0.002671304715285,4835.543621257742,4815.322188950648,1.004199393418263,36.10042794979982,19.299979073660715,0.002240487999903,0,0.35523027,0
2026-04-15 08:00:00-04:00,4835.0,4838.7001953125,4829.2998046875,4833.89990234375,4057,-0.00037236141544,4835.387076599267,4816.050726730769,1.0040149805236007,37.250934976495074,18.728585379464285,0.0022331234187774,0,0.3566116,0
2026-04-15 09:00:00-04:00,4834.39990234375,4853.5,4831.10009765625,4851.89990234375,7410,0.0037167856211578,4836.95972667017,4817.456576754808,1.004048432944776,45.78299583021599,19.507149832589285,0.0023813041461553,0,0.35629562,0
2026-04-15 10:00:00-04:00,4851.7001953125,4854.60009765625,4836.2001953125,4838.39990234375,7008,-0.0027862933048424,4837.09688625813,4818.277883640649,1.003905752858584,41.66000710745471,19.928571428571427,0.0021336890768919,0,0.2837508,0
2026-04-15 11:00:00-04:00,4839.0,4839.0,4807.89990234375,4823.5,10578,-0.0030842617509673,4835.801944709737,4818.482672517486,1.003594341490742,31.91162579335605,19.085728236607142,0.0022252977269023,1,0.36931047,0
2026-04-15 12:00:00-04:00,4824.0,4835.0,4822.0,4825.89990234375,6127,0.0004974200297471,4834.8588930558335,4818.773544275379,1.0033380586642349,40.12667017036559,17.678571428571427,0.0021784545228091,1,0.35571697,0
2026-04-15 13:00:00-04:00,4826.2001953125,4830.7998046875,4812.89990234375,4814.7998046875,5612,-0.0023027586998052,4832.948503687421,4818.6177113503645,1.002974046333516,35.45139441328132,18.05712890625,0.0022165713316229,1,0.37490156,0
2026-04-15 14:00:00-04:00,4814.7998046875,4825.2998046875,4812.2001953125,4822.2001953125,3533,0.0015358290089553,4831.924855270761,4818.758200917508,1.0027323749821575,39.43006923630153,18.485665457589285,0.0022589742632191,1,0.3531095,0
2026-04-15 15:00:00-04:00,4822.2001953125,4826.10009765625,4817.10009765625,4818.2998046875,1686,-0.0008091677481076,4830.627231405689,4818.7402245947615,1.0024668287263665,39.96794444300161,17.814243861607142,0.0022519500494812,1,0.36039168,0
2026-04-15 16:00:00-04:00,4818.7001953125,4819.39990234375,4810.5,4813.89990234375,1178,-0.0009135821066008,4829.034152447409,4818.550408035899,1.002175705040675,41.29357463385574,17.428536551339285,0.0022543148269836,1,0.3626621,0
2026-04-15 18:00:00-04:00,4813.60009765625,4833.7998046875,4812.39990234375,4829.2001953125,0,0.0031733168075037,4829.049966053608,4818.968046752629,1.0020921324240308,48.18657905365411,18.057094029017858,0.0023170094974963,0,0.36725757,0
2026-04-15 19:00:00-04:00,4829.2001953125,4848.60009765625,4829.2001953125,4845.39990234375,2689,0.0033489181998313,4830.607102843145,4820.004590109144,1.0021996893438148,51.32120446081723,18.135672433035715,0.0022234323294656,0,0.39110506,0
2026-04-15 20:00:00-04:00,4845.39990234375,4859.7001953125,4841.10009765625,4854.7001953125,6260,0.0019175669786768,4832.901683078322,4821.365202077903,1.002392783063902,62.6223451945178,17.035679408482142,0.0022642405641264,0,0.4133298,0
2026-04-15 21:00:00-04:00,4854.7001953125,4858.60009765625,4832.89990234375,4839.89990234375,3063,-0.0030533089179294,4833.568180151219,4822.092053068721,1.0023799062639618,55.860137140021415,17.692836216517858,0.0023685820110876,0,0.4116811,0
2026-04-15 22:00:00-04:00,4840.7001953125,4847.2001953125,4834.60009765625,4842.10009765625,1734,0.0004544919129049,4834.380743723127,4822.876682268232,1.0023853111354042,52.36679872188368,17.207135881696427,0.002357899568101,0,0.39561963,0
2026-04-15 23:00:00-04:00,4841.7998046875,4849.60009765625,4841.5,4847.7001953125,1357,0.0011558748602513,4835.649262922115,4823.850153368007,1.0024459942118784,54.96408184218519,17.1142578125,0.0023352060590739,0,0.39561963,0
2026-04-16 00:00:00-04:00,4846.2998046875,4856.10009765625,4845.2001953125,4855.7001953125,1204,0.0016489068760525,4837.558875530723,4825.099174620733,1.0025822683553378,51.47296503917245,16.292829241071427,0.0023581636802851,0,0.3949823,0
2026-04-16 01:00:00-04:00,4855.5,4861.2998046875,4843.7001953125,4844.10009765625,4390,-0.00239182309657,4838.181849066487,4825.84430885742,1.0025565557899212,52.242378136725165,16.235665457589285,0.0024056485501304,0,0.4058967,0
2026-04-16 02:00:00-04:00,4843.60009765625,4852.10009765625,4836.0,4848.2998046875,8371,0.0008665980224492,4839.145463887537,4826.724916537031,1.0025732867659292,60.65271193532013,15.164236886160714,0.0021923407567284,0,0.42272294,0
2026-04-16 03:00:00-04:00,4848.0,4852.7998046875,4838.2998046875,4843.0,6619,-0.0010937243347385,4839.512562564914,4827.363155104207,1.0025167792582297,57.16677102742987,15.271379743303571,0.0022136465214146,0,0.42541504,0
2026-04-16 04:00:00-04:00,4842.7998046875,4843.2001953125,4827.7998046875,4834.7001953125,4341,-0.0017152436126089,4839.054241874208,4827.6508821712,1.0023620928649009,58.54086858144596,15.092843191964286,0.0021737906312556,0,0.42671213,0
2026-04-16 05:00:00-04:00,4834.89990234375,4839.5,4827.7001953125,4834.2001953125,3324,-0.0001034243771774,4838.591951725474,4827.907717980663,1.0022130153202846,55.474423280597335,15.0,0.0021722646168892,0,0.40031412,0
2026-04-16 06:00:00-04:00,4834.10009765625,4838.7001953125,4825.60009765625,4838.7001953125,2183,0.000930434542467,4838.602260638524,4828.3309523858325,1.0021272999622397,59.25605918871465,15.292864118303571,0.0020044197497814,0,0.42000505,0
2026-04-16 07:00:00-04:00,4838.7001953125,4844.2998046875,4836.7998046875,4843.89990234375,2185,0.001074031247526,4839.106797943784,4828.941499443006,1.0021050779973106,63.5135135055028,15.19287109375,0.0019198810415497,0,0.42767948,0
2026-04-16 08:00:00-04:00,4844.10009765625,4845.0,4833.0,4837.7998046875,4452,-0.0012601296565785,4838.982322395566,4829.288883962398,1.0020072185918218,54.22378480303375,14.521449497767858,0.0018025503255175,0,0.400946,0
2026-04-16 09:00:00-04:00,4838.2998046875,4846.2001953125,4805.2998046875,4815.89990234375,12136,-0.0045371081712606,4836.783996676346,4828.763825859707,1.0016609159416097,36.27906976271714,16.057198660714285,0.002081187668282,0,0.39335313,0
2026-04-16 10:00:00-04:00,4815.7998046875,4828.39990234375,4792.10009765625,4810.2998046875,14057,-0.0011635117613288,4834.261692677408,4828.039746598052,1.0012887106167134,28.612488353574733,17.321463448660715,0.0020328613767158,0,0.32468107,0
2026-04-16 11:00:00-04:00,4810.39990234375,4834.7001953125,4809.89990234375,4828.2001953125,7900,0.0037143562183197,4833.684407214083,4828.046038704501,1.0011678365252488,44.52772790844284,17.257184709821427,0.002175486138541,0,0.3127089,0
2026-04-16 12:00:00-04:00,4828.60009765625,4831.39990234375,4806.0,4812.7001953125,5836,-0.0032154700757891,4831.685910842504,4827.444240924423,1.0008786574647766,37.77039350575031,18.171456473214285,0.0022897512688231,0,0.33919823,0
2026-04-16 13:00:00-04:00,4812.60009765625,4816.60009765625,4802.0,4810.10009765625,5596,-0.0005404035499784,4829.630119110479,4826.764078443319,1.0005937809722172,33.95896260400512,18.6357421875,0.0022839265766926,0,0.31824952,0
2026-04-16 14:00:00-04:00,4810.0,4815.5,4806.5,4809.7001953125,2187,-8.314150643497269e-05,4827.732031129719,4826.094906555836,1.0003392234520003,29.01452374217276,18.500034877232142,0.0021552834910974,0,0.2476536,0
2026-04-16 15:00:00-04:00,4810.89990234375,4819.7001953125,4810.2998046875,4814.5,2245,0.0009974449799538,4826.471837688793,4825.64020433796,1.000172336377272,35.60296960086633,17.957205636160715,0.0020106483858405,0,0.28307125,0
2026-04-16 16:00:00-04:00,4814.7998046875,4815.10009765625,4806.0,4810.89990234375,1172,-0.000748041195306,4824.988796227361,4825.062153279364,0.999984796661748,31.702539352098725,17.457205636160715,0.0019416937234389,0,0.28359964,0
2026-04-16 18:00:00-04:00,4811.7998046875,4818.7998046875,4811.39990234375,4816.0,0,0.0010595515036243,4824.132720396184,4824.706774719389,0.999881017779938,36.7647058773068,16.985770089285715,0.0018682253469971,0,0.272104,0
2026-04-16 19:00:00-04:00,4815.60009765625,4818.7001953125,4812.39990234375,4812.5,661,-0.0007270083926172,4823.024842263214,4824.22807767157,0.9997505848834294,38.580169385499424,16.335763113839285,0.0018635330391497,0,0.2847876,0
2026-04-16 20:00:00-04:00,4812.0,4822.2001953125,4806.7001953125,4816.2998046875,1571,0.0007892582589369,4822.384362494098,4823.917165005528,0.9996822494128736,41.09433301666347,16.600062779017858,0.001850145239967,1,0.28185442,0
2026-04-16 21:00:00-04:00,4815.60009765625,4816.5,4785.89990234375,4810.2001953125,5852,-0.0012672539741955,4821.223965619661,4823.379244625409,0.9995531599535428,36.04304160194441,17.850062779017858,0.0018006504354982,1,0.27421716,0
2026-04-16 22:00:00-04:00,4809.7998046875,4815.0,4804.2998046875,4804.60009765625,1861,-0.0011648912341132,4819.640740099336,4822.642807489364,0.9993775057556894,30.829363562862326,18.078648158482142,0.0017519987377676,1,0.276693,0
2026-04-16 23:00:00-04:00,4804.7998046875,4819.10009765625,4804.7998046875,4814.10009765625,1690,0.0019753195122192,4819.1130598666605,4822.307799260614,0.99933750819588,38.81032629983554,18.257219587053573,0.0018110437408352,1,0.25902483,0
2026-04-17 00:00:00-04:00,4813.89990234375,4825.60009765625,4813.10009765625,4824.2001953125,1647,0.0020958262445223,4819.59754895674,4822.382010870492,0.9994225961552868,54.41035299656983,16.228620256696427,0.0018815331229426,0,0.31600225,0
2026-04-17 01:00:00-04:00,4823.7001953125,4827.2001953125,4815.10009765625,4815.89990234375,2754,-0.001722035027813,4819.245392136455,4822.127810536111,0.9994022517625192,52.89260366352815,14.500069754464286,0.0018818226213421,1,0.34743667,0
2026-04-17 02:00:00-04:00,4815.89990234375,4816.5,4800.0,4805.5,3515,-0.0021618281122574,4817.936307171079,4821.475739534694,0.9992659026914532,37.28989643237221,13.907191685267858,0.0019321767047432,1,0.33592808,0
2026-04-17 03:00:00-04:00,4806.0,4815.2998046875,4800.2001953125,4805.5,4069,0.0,4816.75189696431,4820.849239945098,0.9991500785905442,45.12180597521713,13.171456473214286,0.0019121467561269,1,0.32109916,0
2026-04-17 04:00:00-04:00,4806.10009765625,4818.7998046875,4802.60009765625,4817.7998046875,3350,0.0025562565096871,4816.851697699852,4820.729654248721,0.9991955664749936,54.61062996505525,13.285714285714286,0.0019968576761061,1,0.3453868,0
2026-04-17 05:00:00-04:00,4817.7998046875,4822.7001953125,4812.0,4812.2001953125,3446,-0.001162951195452,4816.408697472485,4820.395165662987,0.9991729997119534,51.40925704918083,13.407156808035714,0.0019944387314074,1,0.35376233,0
2026-04-17 06:00:00-04:00,4812.60009765625,4816.0,4803.10009765625,4809.0,2512,-0.0006652382999114,4815.70310723701,4819.948296421302,0.9991192459082094,46.84269536190675,13.614292689732142,0.001728093337912,1,0.32127377,0
2026-04-17 07:00:00-04:00,4809.2001953125,4834.0,4805.5,4822.0,4953,0.0026996174634538,4816.302811309676,4820.028755385172,0.9992269871686276,55.7513750292287,15.0,0.0018134249655211,1,0.33365932,0
2026-04-17 08:00:00-04:00,4821.7001953125,4870.7998046875,4819.7998046875,4869.0,16391,0.0096997974415844,4821.321591184945,4821.94919635046,0.9998698440941703,69.14747990071126,18.078578404017858,0.0027098840619206,1,0.3720126,0
2026-04-17 09:00:00-04:00,4869.0,4917.7001953125,4856.89990234375,4903.10009765625,30171,0.006979100853906,4829.110020372688,4825.131584636962,1.0008245237805315,76.8048400593967,21.971435546875,0.0029390256259756,0,0.29133213,0
2026-04-17 10:00:00-04:00,4903.2998046875,4908.89990234375,4883.39990234375,4895.7001953125,13244,-0.0015103693369055,4835.451941795527,4827.898981134042,1.001564440492852,73.00132395782244,22.685721261160715,0.002972388239208,0,0.32995337,0
2026-04-17 11:00:00-04:00,4896.2001953125,4903.5,4877.2998046875,4889.7001953125,10994,-0.0012263168623482,4840.618442130477,4830.322558160648,1.002131510648794,73.04347825494139,22.371442522321427,0.0030027604622837,0,0.32377312,0
2026-04-17 12:00:00-04:00,4889.5,4896.0,4886.0,4889.0,3510,-0.0001432082587074,4845.226209546622,4832.6236343112105,1.0026078122752895,75.17895380222427,22.321428571428573,0.003010132397593,0,0.32114112,0
2026-04-17 13:00:00-04:00,4889.0,4891.60009765625,4875.0,4884.60009765625,5717,-0.0009003647779776,4848.976103652301,4834.661926991408,1.0029607399394318,71.69230768613113,22.471435546875,0.0030143592907021,0,0.32269353,0
2026-04-17 14:00:00-04:00,4884.7001953125,4890.10009765625,4877.0,4879.60009765625,2583,-0.0010241495129185,4851.892674509821,4836.424208193951,1.0031983270387372,67.59845511334342,22.514299665178573,0.0030393725494205,0,0.32334647,0
2026-04-17 15:00:00-04:00,4879.89990234375,4882.60009765625,4873.60009765625,4875.5,3124,-0.0008406060125757,4854.140991223171,4837.956592186345,1.0033452964549052,69.45176619190471,22.292864118303573,0.0030421978855978,0,0.3213157,0
2026-04-17 16:00:00-04:00,4875.60009765625,4879.60009765625,4848.0,4879.60009765625,5343,0.0008406060125757,4856.565668026321,4839.589670832224,1.003507734818183,75.22128893652757,23.371442522321427,0.0030423429930961,0,0.2826793,0
2026-04-19 18:00:00-04:00,4813.39990234375,4815.0,4797.60009765625,4799.39990234375,4068,-0.0165723795525139,4851.121309389886,4838.013601479735,1.0027093160519724,48.65695837808328,28.150041852678573,0.0049052658811656,0,0.34537104,0
2026-04-19 19:00:00-04:00,4798.89990234375,4799.39990234375,4752.0,4775.0,7507,-0.0050969158204048,4843.871660876564,4835.542479853079,1.0017224915421976,41.05355983445588,30.378627232142858,0.0050269574679693,1,0.27585673,0
2026-04-19 20:00:00-04:00,4774.39990234375,4793.7998046875,4764.2001953125,4792.0,5566,0.0035538868804547,4838.931502697843,4833.834931623547,1.0010543535611762,45.96964323730483,31.728585379464285,0.0050768560853922,0,0.2597696,0
2026-04-19 21:00:00-04:00,4792.0,4834.5,4790.2998046875,4827.7998046875,8257,0.0074429760875859,4837.871340982571,4833.598259978997,1.0008840372686647,53.31917226466349,33.964320591517854,0.0053397765579598,0,0.2801018,0
2026-04-19 22:00:00-04:00,4827.39990234375,4828.7998046875,4813.10009765625,4813.2998046875,3314,-0.0030079579135703,4835.531194668755,4832.802242124429,1.0005646729180309,48.47204261371819,33.050013950892854,0.0053697334080639,0,0.3465395,0
2026-04-20 05:00:00-04:00,4879.60009765625,4879.60009765625,4804.60009765625,4811.39990234375,25218,-0.0003947972251102,4833.232976352088,4831.962934682048,1.0002628417658015,37.97995112891769,34.76429966517857,0.0053472490333506,0,0.25214967,0
2026-04-20 06:00:00-04:00,4811.7001953125,4879.60009765625,4809.60009765625,4815.7001953125,2236,0.0008933725028593,4831.563187681652,4831.325180196968,1.0000492633958191,29.170691061681183,35.421421595982146,0.0053504400477058,0,0.24608262,0
2026-04-20 07:00:00-04:00,4815.7001953125,4879.60009765625,4806.2998046875,4830.89990234375,5065,0.003151311230091,4831.500017649471,4831.308502634097,1.0000396404028575,35.11023347954834,38.835728236607146,0.0053664131068553,0,0.23736903,0
2026-04-20 08:00:00-04:00,4830.7998046875,4842.89990234375,4818.7998046875,4823.2998046875,9971,-0.0015744648871785,4830.7190449864265,4830.994436047957,0.9999429949536942,34.853938989402764,38.68572126116072,0.0053724402132254,0,0.25073886,0
2026-04-20 09:00:00-04:00,4823.60009765625,4847.2998046875,4819.7001953125,4838.7998046875,8710,0.0032084151318998,4831.488641148433,4831.300528935782,1.0000389361439068,39.27346253771441,39.942836216517854,0.0054124993650052,0,0.23736903,0
2026-04-20 10:00:00-04:00,4838.7998046875,4847.89990234375,4811.89990234375,4824.89990234375,12687,-0.002876726792208,4830.861142214654,4831.049523971388,0.9999610060389984,37.74123299320995,41.32854352678572,0.0054264726181682,0,0.25073886,0
2026-04-20 11:00:00-04:00,4825.7001953125,4829.7998046875,4812.60009765625,4819.89990234375,7638,-0.0010368282492482,4829.817214607901,4830.61228390756,0.9998354102434784,37.74123299320995,41.621372767857146,0.0049276672077171,0,0.20482276,0
2026-04-20 12:00:00-04:00,4819.7998046875,4826.60009765625,4812.5,4825.60009765625,4422,0.0011819389302967,4829.41558442203,4830.415727583979,0.9997929488436704,39.82050541144953,41.985665457589285,0.0046253835665416,0,0.19058147,0
2026-04-20 13:00:00-04:00,4825.89990234375,4832.39990234375,4824.0,4827.10009765625,4628,0.000310793867358,4829.195061872908,4830.285702880931,0.9997742077642792,39.17525772969709,40.32850864955357,0.0046285181082874,0,0.19151123,0
2026-04-20 14:00:00-04:00,4827.60009765625,4837.0,4827.60009765625,4834.7998046875,2573,0.001593829110016,4829.728846902869,4830.462726481189,0.9998480726133552,60.4117658835988,35.178501674107146,0.0046547023184602,0,0.2378796,0
2026-04-20 15:00:00-04:00,4834.7001953125,4842.10009765625,4829.7001953125,4834.7998046875,2916,0.0,4830.21179526331,4830.632807979476,0.9999128452248596,70.53570230182838,32.678501674107146,0.0046554946939427,0,0.30969885,0
2026-04-20 16:00:00-04:00,4835.0,4842.7001953125,4832.7998046875,4841.0,1634,0.0012815883516174,4831.239243333471,4831.039364529301,1.0000413738719742,68.17510051090406,31.271414620535715,0.0046725694876113,0,0.3245741,0
2026-04-20 18:00:00-04:00,4842.39990234375,4854.7998046875,4841.10009765625,4848.5,0,0.0015480678049066,4832.883124920759,4831.724095332073,1.0002398790919798,59.71840154731401,29.099958147321427,0.0046912477361302,0,0.33993626,0
2026-04-20 19:00:00-04:00,4848.7001953125,4852.5,4840.5,4842.39990234375,1559,-0.0012589333340347,4833.789484675329,4832.142754430571,1.0003407867541263,64.83183928117278,28.835693359375,0.0046946238680481,0,0.3838272,0
2026-04-20 20:00:00-04:00,4843.0,4851.2001953125,4836.39990234375,4843.60009765625,2616,0.0002478206315595,4834.72382876875,4832.592062008048,1.0004411228453278,66.52980808765193,24.535714285714285,0.0046886412606027,0,0.39344272,0
2026-04-20 21:00:00-04:00,4843.7998046875,4844.2998046875,4825.2998046875,4829.7998046875,2917,-0.0028532475593774,4834.254874094345,4832.482561720968,1.0003667498745707,56.59474173888383,20.892857142857142,0.0028277695386051,0,0.34772575,0
2026-04-20 22:00:00-04:00,4830.10009765625,4830.2001953125,4821.5,4826.0,2293,-0.0007870512977711,4833.468695609169,4832.228343614263,1.000256683233222,47.434619212311546,16.278564453125,0.0025435178603516,0,0.32296374,0
2026-04-20 23:00:00-04:00,4826.2001953125,4826.89990234375,4811.2001953125,4816.2998046875,4134,-0.0020120093300002,4831.833563140439,4831.6036950289,1.0000475759449756,46.41395594823659,15.678536551339286,0.0024994998758121,0,0.3318734,0
2026-04-21 00:00:00-04:00,4816.10009765625,4816.60009765625,4807.0,4807.7001953125,3739,-0.0017871179683664,4829.535147156826,4830.666302883159,0.9997658385706216,32.85582005802276,14.392857142857142,0.0018765496037789,0,0.33870107,0
2026-04-21 01:00:00-04:00,4807.7998046875,4815.7001953125,4801.7001953125,4802.89990234375,5806,-0.0009989580919326,4826.998457174628,4829.577424430633,0.999466005608905,36.51970463356974,12.821428571428571,0.0017695343791519,0,0.3384292,0
2026-04-21 02:00:00-04:00,4802.60009765625,4828.7998046875,4793.0,4796.7998046875,9271,-0.0012708936036488,4824.122395032997,4828.292027577962,0.9991364166622174,36.03391370994347,14.150006975446429,0.0017877538910081,0,0.33592808,0
2026-04-21 03:00:00-04:00,4796.2998046875,4811.5,4790.7998046875,4804.89990234375,4053,0.0016872220179674,4822.291681443545,4827.374689333483,0.998947045088261,37.83780681704277,14.621442522321429,0.0018206934432597,0,0.32096705,0
2026-04-21 04:00:00-04:00,4804.5,4812.2001953125,4793.2998046875,4805.0,3860,2.0832195396571512e-05,4820.644854639398,4826.497250536091,0.9987874444772462,36.79813788987757,15.371477399553571,0.0016521178640173,0,0.30982372,0
2026-04-21 05:00:00-04:00,4804.89990234375,4808.2998046875,4800.0,4802.39990234375,4138,-0.0005412698016443,4818.90724013505,4825.552256489333,0.9986229521511562,29.389656773768223,15.257184709821429,0.0016250741047794,0,0.30982524,0
2026-04-21 06:00:00-04:00,4802.7998046875,4809.7001953125,4799.60009765625,4809.0,2112,0.0013733896749141,4817.963693455522,4824.903148391712,0.9985617421277144,34.85947779268109,15.092912946428571,0.001465452898437,0,0.31019112,0
2026-04-21 07:00:00-04:00,4809.2001953125,4818.0,4794.2998046875,4814.2001953125,4665,0.001080762264762,4817.605265060948,4824.483424741547,0.9985743220413348,34.08584815373507,16.07861328125,0.0013641588081414,0,0.29941916,0
2026-04-21 08:00:00-04:00,4814.39990234375,4816.7001953125,4781.60009765625,4797.60009765625,9622,-0.0034541113328952,4815.700011022405,4823.429176620555,0.9983975787110936,22.72282434856679,17.600062779017858,0.001545531978253,0,0.2956745,0
2026-04-21 09:00:00-04:00,4797.60009765625,4813.7998046875,4777.2998046875,4798.2001953125,13242,0.0001250750617375,4814.033361907176,4822.439804804553,0.9982568070856992,24.82968795657854,19.350062779017858,0.001512360030857,0,0.19819151,0
2026-04-21 10:00:00-04:00,4798.2001953125,4801.89990234375,4740.89990234375,4757.39990234375,25118,-0.0085396082920903,4808.639699091612,4819.889220394325,0.9976660207759313,16.16983113290911,22.650041852678573,0.0023767476051972,0,0.34938893,0
2026-04-21 11:00:00-04:00,4757.7998046875,4776.60009765625,4745.89990234375,4759.7998046875,15322,0.0005043295230727,4803.988280576935,4817.532772719547,0.9971885002590306,19.82784021312244,23.485770089285715,0.0023328289346209,0,0.27944478,0
2026-04-21 12:00:00-04:00,4760.2998046875,4765.89990234375,4726.39990234375,4729.5,13024,-0.0063861208490242,4796.894158617227,4814.080507122702,0.9964299831546134,16.14058291656862,25.685756138392858,0.0026373731438285,0,0.3113392,0
2026-04-21 13:00:00-04:00,4729.2998046875,4742.0,4715.0,4731.0,16106,0.0003171079779229,4790.618524463205,4810.822448019851,0.995800318183648,18.2429975839742,26.492919921875,0.0026000685638494,0,0.26332298,0
2026-04-21 14:00:00-04:00,4730.89990234375,4734.2001953125,4712.0,4728.10009765625,7133,-0.0006131455222298,4784.664388576828,4807.578434280103,0.9952337656022652,19.05154247538208,27.392926897321427,0.0025259201393781,0,0.27922177,0
2026-04-21 15:00:00-04:00,4728.7001953125,4734.10009765625,4685.7998046875,4698.2998046875,11229,-0.0063227515393085,4776.439190111178,4803.292997825492,0.9944092921821612,15.950727170126882,29.842947823660715,0.0027682589910806,1,0.28577453,0
2026-04-21 16:00:00-04:00,4698.5,4739.60009765625,4688.39990234375,4738.5,6817,0.0085199303406398,4772.825933910113,4800.752095949983,0.9941829610274132,34.47004775868514,30.942975725446427,0.0035518574841922,1,0.17877081,0
2026-04-21 18:00:00-04:00,4738.7001953125,4748.10009765625,4733.10009765625,4737.60009765625,0,-0.0001899309499015,4769.471092362127,4798.275546997287,0.993996915276534,31.35749568286215,30.535818917410715,0.0035324154297846,1,0.17504503,0
2026-04-21 19:00:00-04:00,4737.10009765625,4758.39990234375,4736.0,4755.7998046875,3191,0.0038341857531736,4768.169064964543,4796.60983161259,0.9940706524719596,37.613280421409456,30.785784040178573,0.0036921116166366,0,0.18837182,0
2026-04-21 20:00:00-04:00,4756.2998046875,4766.0,4756.10009765625,4757.7001953125,3128,0.0003995145110164,4767.172029759587,4795.08396352239,0.9941790521344072,38.70654155526438,30.921526227678573,0.0036875063555021,0,0.18929483,0
2026-04-21 21:00:00-04:00,4757.39990234375,4772.5,4753.5,4769.7998046875,5273,0.0025399351099072,4767.422294038435,4794.092427881807,0.9944368753325944,40.363785634002674,31.557233537946427,0.003741479140545,0,0.18283619,0
2026-04-21 22:00:00-04:00,4770.2998046875,4776.2001953125,4767.5,4773.5,2943,0.0007754541036429,4768.001123177632,4793.284881690363,0.9947251709137273,39.92072397738141,30.485804966517858,0.0037474552868112,0,0.19290827,0
2026-04-21 23:00:00-04:00,4773.10009765625,4782.7001953125,4770.39990234375,4777.0,2997,0.0007329459518738,4768.858159065476,4792.646258878976,0.9950365417081576,44.54447412533089,28.857247488839285,0.0037471157200464,0,0.23315601,0
2026-04-22 00:00:00-04:00,4776.10009765625,4777.39990234375,4770.10009765625,4772.39990234375,3063,-0.0009634318510294,4769.195467949121,4791.85228411289,0.9952718041332606,43.309062817384216,26.771519252232142,0.0037234000799486,0,0.25671056,0
2026-04-22 01:00:00-04:00,4772.39990234375,4789.89990234375,4769.89990234375,4786.39990234375,5726,0.0029292401340292,4770.833985510514,4791.638465219982,0.9956581699849693,58.7349397540826,23.842947823660715,0.003794327043253,0,0.3343431,0
2026-04-22 02:00:00-04:00,4786.0,4786.5,4777.5,4786.0,3500,-8.355320464302726e-05,4772.278367842846,4791.417348936846,0.9960055700223552,57.9878644195925,22.292933872767858,0.0037935020259552,0,0.3649039,0
2026-04-22 03:00:00-04:00,4785.89990234375,4790.7998046875,4778.39990234375,4779.5,3673,-0.0013590509645014,4772.966142334003,4790.950001919715,0.9962462852715004,67.83164419620078,20.357212611607142,0.003784144865124,0,0.35640627,0
2026-04-22 04:00:00-04:00,4779.60009765625,4781.39990234375,4770.5,4775.7001953125,3494,-0.0007953375774721,4773.226528331955,4790.351970288059,0.996425013848184,65.68427905056436,19.207205636160715,0.0037711468023164,0,0.3592527,0
2026-04-22 05:00:00-04:00,4775.5,4781.10009765625,4771.0,4773.39990234375,3333,-0.0004817821553276,4773.243040142602,4789.687183309851,0.9965667605131812,65.96183226469913,18.342912946428573,0.0037024564184648,0,0.3651202,0
2026-04-22 06:00:00-04:00,4773.60009765625,4779.2001953125,4764.2998046875,4778.10009765625,3222,0.0009841795931294,4773.705617048663,4789.232787794024,0.996757900182899,84.16099862289538,15.957205636160714,0.0037120429786844,0,0.3753405,0
2026-04-22 07:00:00-04:00,4777.89990234375,4779.60009765625,4766.2998046875,4768.89990234375,3844,-0.0019273485200536,4773.247929933909,4788.435419737151,0.9968282980823672,67.71550030479608,13.250069754464286,0.0031886758170884,0,0.38574725,0
2026-04-22 08:00:00-04:00,4769.2001953125,4779.0,4761.10009765625,4762.60009765625,6246,-0.0013218917494319,4772.23385066937,4787.422269851626,0.9968274327339154,63.70611098830386,13.457205636160714,0.0032032272258365,0,0.39883527,0
2026-04-22 09:00:00-04:00,4762.89990234375,4779.39990234375,4754.60009765625,4771.7001953125,9514,0.0019089183558302,4772.183026349669,4786.805717908916,0.9969452088885624,59.68348180876138,13.628627232142858,0.0028459186196488,0,0.37408632,0
2026-04-22 10:00:00-04:00,4771.5,4776.2998046875,4746.89990234375,4754.2998046875,9685,-0.0036532458487146,4770.479862381842,4785.530976213959,0.9968548706701668,48.25800705710428,15.000034877232142,0.0029900730950054,0,0.35803363,0
2026-04-22 11:00:00-04:00,4754.2001953125,4758.39990234375,4743.2001953125,4746.2001953125,5602,-0.0017050915925179,4768.167513137143,4783.988592649196,0.996692910276508,37.39344997197541,14.728585379464286,0.0030164324756876,0,0.36032346,0
2026-04-22 12:00:00-04:00,4746.10009765625,4754.10009765625,4742.10009765625,4747.5,3921,0.0002738246771818,4766.199178552653,4782.557667447267,0.9965795521910884,35.74564455650612,14.964285714285714,0.0025983801324282,0,0.30979213,0
2026-04-22 13:00:00-04:00,4747.39990234375,4758.39990234375,4747.2001953125,4756.39990234375,4066,0.0018728953454356,4765.265914151805,4781.531872737325,0.9965981699968868,39.33743434682146,14.885672433035714,0.0018340909414427,0,0.2980133,0
2026-04-22 14:00:00-04:00,4756.10009765625,4770.2001953125,4748.39990234375,4760.7001953125,4582,0.0009036982310334,4764.831083786157,4780.714944210861,0.9966775135915732,43.92540423145663,15.921421595982142,0.0018385113028685,0,0.27541777,0
2026-04-22 15:00:00-04:00,4761.0,4764.39990234375,4755.7998046875,4759.0,2597,-0.0003571951417995,4764.27574247319,4779.86337777122,0.9967388952222944,33.69062911786706,15.107142857142858,0.0016352899114936,0,0.31902164,0
2026-04-22 16:00:00-04:00,4759.39990234375,4759.89990234375,4753.10009765625,4758.2998046875,1469,-0.0001471415901847,4763.70660554122,4779.017747454212,0.996796173874611,33.57061766737792,14.949986049107142,0.0016334200200696,0,0.31902164,0
2026-04-22 18:00:00-04:00,4759.2001953125,4763.60009765625,4742.7998046875,4743.2001953125,0,-0.0031783659603989,4761.753614090865,4777.613137566301,0.9966804504636986,30.46305055779756,15.550013950892858,0.0016667177406601,0,0.30650145,0
2026-04-22 19:00:00-04:00,4743.5,4746.7998046875,4740.60009765625,4745.0,1522,0.0003793774735013,4760.158031796496,4776.334190995073,0.9966132689732904,33.113276460811846,15.214285714285714,0.0016558392648111,0,0.28935742,0
2026-04-22 20:00:00-04:00,4745.0,4771.2998046875,4710.39990234375,4765.5,10234,0.0043110313336522,4760.666790673021,4775.909320759973,0.9968084548798496,46.3795163677914,18.842843191964285,0.0019418466717583,0,0.21165898,0
2026-04-22 21:00:00-04:00,4765.2998046875,4767.5,4738.39990234375,4739.39990234375,5136,-0.0054919385844449,4758.6413727369,4774.477578861298,0.9966831541539724,35.17233895695469,19.857107979910715,0.0022798999101636,0,0.3275985,0
2026-04-22 22:00:00-04:00,4738.89990234375,4740.89990234375,4714.0,4714.39990234375,7317,-0.0052888909839921,4754.427899366124,4772.121591546885,0.9962922796828768,31.373864399478165,20.828508649553573,0.0023959789340929,1,0.32954493,0
2026-04-22 23:00:00-04:00,4715.0,4724.7998046875,4713.89990234375,4720.0,3744,0.0011871657703576,4751.149051807445,4770.077607564654,0.9960318138792564,35.370855393679335,20.328508649553573,0.0024313873910513,1,0.3108377,0
2026-04-23 00:00:00-04:00,4719.0,4722.7001953125,4714.2998046875,4720.10009765625,1732,2.120690569340397e-05,4748.19200855495,4768.117705215304,0.9958210560451224,31.112715675060628,19.157121930803573,0.0024311149182533,1,0.3121294,0
2026-04-23 01:00:00-04:00,4719.60009765625,4731.10009765625,4705.7001953125,4729.0,4441,0.0018837571585812,4746.364198216384,4766.583677559802,0.9957580773335402,40.12494853724647,18.871407645089285,0.0024942421544268,1,0.3053194,0
2026-04-23 02:00:00-04:00,4729.60009765625,4739.0,4724.89990234375,4730.10009765625,6633,0.000232600913375,4744.815236258275,4765.152948936134,0.9957319916284324,43.35256619111496,18.792864118303573,0.00249949594047,0,0.30659896,0
2026-04-23 03:00:00-04:00,4729.89990234375,4737.39990234375,4719.39990234375,4736.10009765625,7533,0.0012676682680897,4743.985223058082,4764.013621434962,0.9957958981714986,45.469047771091766,19.221435546875,0.0025088768928296,0,0.30696422,0
2026-04-23 04:00:00-04:00,4735.60009765625,4742.10009765625,4717.7998046875,4719.60009765625,3698,-0.0034899619079395,4741.662830162669,4762.271914620111,0.9956724259288572,36.207010142464505,20.157191685267858,0.0025808836695578,1,0.3220677,0
2026-04-23 05:00:00-04:00,4719.39990234375,4720.0,4710.7001953125,4713.5,5481,-0.0012933390811959,4738.980655861462,4760.359290517362,0.9955090291822118,32.544331680692295,19.264299665178573,0.0025804243627903,1,0.32478225,0
2026-04-23 06:00:00-04:00,4713.5,4717.89990234375,4700.0,4712.60009765625,5975,-0.0001909384235603,4736.46822174668,4758.486380993397,0.9953728649230428,32.738119022497045,19.928571428571427,0.00251844917948,1,0.30870378,0
2026-04-23 07:00:00-04:00,4712.7998046875,4737.7998046875,4711.2998046875,4737.39990234375,5336,0.0052486479619449,4736.556953232115,4757.659460262039,0.9955645192334212,43.40695055484151,21.335728236607142,0.0027322959285964,0,0.3053194,0
2026-04-23 08:00:00-04:00,4737.10009765625,4761.7001953125,4736.2998046875,4757.7001953125,13049,0.004275957849948,4738.570595335009,4757.661057714999,0.9959874269838888,54.42882794277666,21.664306640625,0.0028797026127916,0,0.3242447,0
2026-04-23 09:00:00-04:00,4758.10009765625,4759.10009765625,4740.7998046875,4742.0,8964,-0.003305411599187,4738.897205303103,4757.04689858892,0.9961846721983756,49.15540818800585,22.528634207589285,0.0029792039878721,0,0.276966,0
2026-04-23 10:00:00-04:00,4741.5,4754.0,4733.89990234375,4750.60009765625,8547,0.0018119587722558,4740.0117664795935,4756.794082866071,0.9964719270806934,45.50397076423012,19.614362444196427,0.0029771558306379,0,0.30664378,0
2026-04-23 11:00:00-04:00,4750.89990234375,4758.2001953125,4733.2998046875,4737.2998046875,6561,-0.0028036344855537,4739.753484404157,4756.029601368872,0.9965777931743672,49.31324865982445,19.314383370535715,0.0030288943931449,0,0.33574742,0
2026-04-23 12:00:00-04:00,4737.60009765625,4754.10009765625,4732.5,4749.7998046875,4678,0.0026351588468713,4740.710276812095,4755.785295616662,0.9968301725440673,62.6067239044343,18.935825892857142,0.0030962885625236,0,0.34704804,0
2026-04-23 13:00:00-04:00,4750.10009765625,4751.7001953125,4680.10009765625,4725.60009765625,24253,-0.0051079131005337,4739.271212130587,4754.601562363313,0.9967756814042886,51.761031586221016,23.271554129464285,0.0032929890650806,0,0.25955084,0
2026-04-23 14:00:00-04:00,4726.10009765625,4738.7001953125,4714.89990234375,4717.2001953125,5972,-0.0017791130382475,4737.169210528864,4753.134842086811,0.996641031216582,49.13332418430104,24.371547154017858,0.0032441202350294,0,0.24926604,0
2026-04-23 15:00:00-04:00,4717.10009765625,4720.60009765625,4705.5,4712.7998046875,4501,-0.0009332748556512,4734.848314734448,4751.5530759142885,0.9964843576588636,45.02453391171706,23.635846819196427,0.0032434664203901,0,0.24632293,0
2026-04-23 16:00:00-04:00,4712.5,4714.7998046875,4702.7001953125,4708.60009765625,1786,-0.0008915251136663,4732.348484536525,4749.868645394366,0.9963114430806778,43.52020814080417,23.492954799107142,0.0030538616884853,0,0.23826274,0
2026-04-23 18:00:00-04:00,4715.60009765625,4719.7998046875,4705.2998046875,4708.5,0,-2.125870070734574e-05,4730.077200294951,4748.246345574979,0.9961735040775715,41.37499580022551,23.242954799107142,0.002829443688493,0,0.2364809,0
2026-04-23 19:00:00-04:00,4708.7001953125,4716.10009765625,4702.0,4710.7998046875,1374,0.0004883175566945,4728.241257856146,4746.77785377547,0.9960949097492352,46.9820729428194,22.514369419642858,0.0025801418946009,0,0.26013994,0
2026-04-23 20:00:00-04:00,4711.7001953125,4723.10009765625,4706.2998046875,4719.7998046875,2269,0.0019086809121554,4727.437309935322,4745.719891066138,0.996147564215656,52.11829065175992,23.050118582589285,0.0026031185903228,0,0.25942633,0
2026-04-23 21:00:00-04:00,4719.7998046875,4726.7001953125,4705.7001953125,4715.10009765625,3093,-0.00099623895719,4726.262337337315,4744.519114853986,0.9961520278294352,50.819672126482125,23.271554129464285,0.0026125634570002,0,0.25476912,0
2026-04-23 22:00:00-04:00,4715.2001953125,4716.39990234375,4687.2998046875,4692.39990234375,3891,-0.0048259876417911,4723.037343528405,4742.47522416731,0.9959013216263416,35.03993246865572,23.457275390625,0.0027764395103967,1,0.2505481,0
2026-04-23 23:00:00-04:00,4692.0,4693.5,4683.5,4687.5,2939,-0.0010447665413205,4719.652834620938,4740.319333023494,0.995640272954064,23.99992765954815,22.357247488839285,0.0027760924558173,1,0.30265066,0
2026-04-24 00:00:00-04:00,4686.89990234375,4691.5,4672.2001953125,4689.2998046875,4411,0.0003838846401953,4716.762069865372,4738.318567206396,0.9954506019307744,28.24097220775718,22.428641183035715,0.0027542204108481,1,0.28052235,0
2026-04-24 01:00:00-04:00,4689.60009765625,4702.2998046875,4684.39990234375,4701.5,2955,0.00259833079827,4715.308539402003,4736.874701825754,0.99544717481857,30.312665188366097,22.271484375,0.002742387840222,1,0.2780541,0
2026-04-24 02:00:00-04:00,4701.7001953125,4703.10009765625,4681.60009765625,4687.10009765625,4071,-0.0030675315777837,4712.622021140503,4734.922756564205,0.9952901585579648,30.047702772266675,22.028599330357142,0.0028077996554101,1,0.295761,0
2026-04-24 03:00:00-04:00,4687.10009765625,4710.7001953125,4686.2001953125,4709.39990234375,3406,0.0047464154850221,4712.315152683669,4733.921860320265,0.9954357701132112,35.103184287733185,22.235735212053573,0.0030247862967313,1,0.27930632,0
2026-04-24 04:00:00-04:00,4710.10009765625,4712.7001953125,4700.10009765625,4705.5,2738,-0.0008284533255276,4711.666090523319,4732.807277562609,0.9955330555842584,41.28351394687027,18.021449497767858,0.0027598242027661,1,0.31015998,0
2026-04-24 05:00:00-04:00,4706.10009765625,4711.89990234375,4694.89990234375,4697.7001953125,5609,-0.0016589685031396,4710.336005265146,4731.430529239075,0.9955416181546848,41.49950617618314,17.535714285714285,0.0025486144877087,1,0.31015724,0
2026-04-24 06:00:00-04:00,4697.39990234375,4701.5,4689.60009765625,4693.0,2660,-0.0010010320012852,4708.684957144656,4729.9234496610725,0.9955097597788948,41.39131615763223,17.30712890625,0.0024724658007773,1,0.3094841,0
2026-04-24 07:00:00-04:00,4693.10009765625,4733.89990234375,4693.0,4723.2001953125,9734,0.0064145405234119,4710.067360779688,4729.659792627796,0.9958575388702066,55.17735751806112,19.364292689732142,0.0028812760533271,0,0.3267771,0
2026-04-24 08:00:00-04:00,4723.2001953125,4727.89990234375,4706.2998046875,4716.89990234375,6628,-0.001334793876971,4710.7180790238845,4729.15940477352,0.9961005066289326,52.85323337198213,19.871442522321427,0.002832112356182,0,0.3366593,0
2026-04-24 09:00:00-04:00,4717.2001953125,4734.2001953125,4705.39990234375,4727.89990234375,8244,0.0023293251738695,4712.354443149587,4729.110012521372,0.9964569296701872,55.484319548517,20.921456473214285,0.002816692546008,0,0.3267771,0
2026-04-24 10:00:00-04:00,4728.0,4757.10009765625,4723.2001953125,4743.2001953125,13412,0.0032309459557984,4715.292133831769,4729.662568709258,0.9969616363390146,57.21342861637629,22.142857142857142,0.0026701712624109,0,0.28137133,0
2026-04-24 11:00:00-04:00,4743.39990234375,4750.39990234375,4730.7998046875,4743.89990234375,6640,0.0001475070412066,4718.016683213862,4730.220895518454,0.9974199487562716,59.10232905024604,22.042864118303573,0.0026300007834668,0,0.28031358,0
2026-04-24 12:00:00-04:00,4743.60009765625,4746.5,4735.60009765625,4743.7001953125,3072,-4.209853476615507e-05,4720.462731985162,4730.749495510378,0.9978255531105632,68.90213843189933,20.742850167410715,0.0026158348624731,0,0.34684232,0
2026-04-24 13:00:00-04:00,4744.39990234375,4747.0,4735.7001953125,4740.10009765625,5213,-0.0007592099618216,4722.332957287171,4731.116185790609,0.9981435187472636,69.5685029228062,20.835693359375,0.0026127570038988,0,0.34702376,0
2026-04-24 14:00:00-04:00,4740.39990234375,4741.5,4733.0,4738.7001953125,1856,-0.0002953754295185,4723.891741861012,4731.413597928722,0.998410230703356,68.43298156934281,20.064278738839285,0.002615432862253,0,0.34684232,0
2026-04-24 15:00:00-04:00,4739.39990234375,4742.39990234375,4729.5,4732.10009765625,2597,-0.0013937784602227,4724.673490031986,4731.440519486665,0.9985697739564074,61.91593493466665,19.707135881696427,0.0026427622979337,0,0.3491973,0
2026-04-24 16:00:00-04:00,4731.89990234375,4740.89990234375,4721.10009765625,4740.89990234375,2765,0.0018578712590899,4726.218862633107,4731.811475677139,0.9988180820236012,71.90549276697784,19.585693359375,0.0026410830579342,0,0.34110582,0
2026-04-26 18:00:00-04:00,4696.10009765625,4704.0,4694.0,4699.60009765625,1529,-0.0087495510113829,4723.683742159121,4730.548284382203,0.9985488907816996,46.54449287778309,21.185686383928573,0.0033130202843103,1,0.3318546,0
2026-04-26 19:00:00-04:00,4699.10009765625,4700.0,4689.10009765625,4694.7998046875,1737,-0.001021947849022,4720.932890971348,4729.146383217705,0.9982632188600664,46.25081265585593,21.064243861607142,0.0031357800632772,1,0.32755655,0
2026-04-26 20:00:00-04:00,4695.2998046875,4713.10009765625,4686.60009765625,4712.60009765625,2781,0.0037843217885554,4720.139291608005,4728.497509274119,0.9982323734654146,54.878793590742575,21.742815290178573,0.0032334261372489,0,0.332843,0
2026-04-26 21:00:00-04:00,4712.39990234375,4724.7998046875,4705.5,4717.10009765625,4501,0.0009544312647053,4719.849844564981,4728.050551955771,0.9982655203660212,57.901646057549264,22.271379743303573,0.0032370263134409,0,0.28157347,0
2026-04-26 22:00:00-04:00,4717.7001953125,4738.2998046875,4710.60009765625,4732.89990234375,3720,0.0033438771237337,4721.092707210578,4728.240722559221,0.9984882293926918,53.51183930383981,21.328508649553573,0.0032690748604943,0,0.33808368,0
2026-04-26 23:00:00-04:00,4733.2001953125,4744.7998046875,4729.60009765625,4739.7998046875,2739,0.0014567976981072,4722.874335541713,4728.694019897584,0.9987692829497145,58.2552093359069,20.871337890625,0.0031766216136608,0,0.34227547,0
2026-04-27 00:00:00-04:00,4739.7998046875,4745.7998046875,4738.2998046875,4740.5,1520,0.0001477158588228,4724.552970252026,4729.156999509444,0.9990264587836912,54.90658380998742,19.349888392857142,0.003020153847924,0,0.33897245,0
2026-04-27 01:00:00-04:00,4741.2001953125,4741.2001953125,4724.0,4725.7001953125,2966,-0.0031268759250206,4724.662229781595,4729.021438560545,0.9990782006731024,43.158686401982735,18.157052176339285,0.0031089428502571,0,0.34062475,0
2026-04-27 02:00:00-04:00,4725.39990234375,4730.89990234375,4724.2998046875,4727.60009765625,2210,0.000401955361715,4724.942026722039,4728.965699701554,0.9991491431245167,43.687120829163085,17.228480747767858,0.0030775859485272,0,0.33108518,0
2026-04-27 03:00:00-04:00,4727.39990234375,4733.5,4725.0,4727.89990234375,1957,6.34138200201071e-05,4725.223729162201,4728.923903726738,0.9992175440671354,43.88532166825416,17.057059151785715,0.0030627569544386,0,0.33035603,0
2026-04-27 04:00:00-04:00,4728.39990234375,4730.0,4720.2001953125,4722.0,2299,-0.0012486699692701,4724.916707337229,4728.652378090395,0.9992099925191212,43.11780803147189,16.949916294642858,0.0027278626449218,0,0.33386922,0
2026-04-27 05:00:00-04:00,4722.2998046875,4723.60009765625,4714.7001953125,4719.10009765625,3418,-0.0006143145194843,4724.362744510469,4728.277778857683,0.9991719956968858,42.63151517817804,16.978480747767858,0.0027142074626713,0,0.32460132,0
2026-04-27 06:00:00-04:00,4719.2001953125,4726.39990234375,4714.7001953125,4724.2998046875,2067,0.0011012363365958,4724.356750241615,4728.1217798706175,0.9992036944469088,47.036343055679176,16.892752511160715,0.0026728690206629,0,0.32659757,0
2026-04-27 07:00:00-04:00,4724.2001953125,4724.5,4713.5,4719.7001953125,2269,-0.0009740808425854,4723.913268819795,4727.791521652653,0.9991796903871298,41.67979364311076,16.264195033482142,0.0025654151125189,0,0.33117574,0
2026-04-27 08:00:00-04:00,4720.10009765625,4728.0,4712.0,4714.10009765625,5212,-0.0011872412262577,4722.978681089934,4727.254603064558,0.9990954745759087,57.90628327124446,14.057059151785714,0.0025719284759281,0,0.36568758,0
2026-04-27 09:00:00-04:00,4714.7998046875,4718.89990234375,4703.2998046875,4711.60009765625,6827,-0.000530464582327,4721.8950064772025,4726.640700891683,0.998995968867787,59.39624990194381,14.392787388392858,0.0025715186577749,0,0.35817376,0
2026-04-27 10:00:00-04:00,4711.2001953125,4712.2001953125,4691.2998046875,4693.2001953125,9115,-0.0039128796458699,4719.16216731866,4725.329308516029,0.9986948758922992,39.22210104806081,13.992815290178571,0.0026924562731927,0,0.3467995,0
2026-04-27 11:00:00-04:00,4693.39990234375,4697.10009765625,4681.2001953125,4684.7998046875,8890,-0.001791510529273,4715.889561353788,4723.739916209028,0.9983381060357912,32.80049920209845,13.749965122767858,0.0027072976081446,1,0.34908217,0
2026-04-27 12:00:00-04:00,4684.60009765625,4694.2998046875,4681.5,4691.10009765625,3540,0.0013439336986632,4713.528660049261,4722.459923324605,0.9981087688576812,25.23691061195491,12.685686383928571,0.0027326523782669,0,0.33599207,0
2026-04-27 13:00:00-04:00,4691.39990234375,4700.89990234375,4682.5,4697.2001953125,6866,0.001299510736628,4711.973568169569,4721.469345755504,0.9979888088028208,24.521645674934675,12.914271763392858,0.0027107579177926,0,0.34056816,0
2026-04-27 14:00:00-04:00,4696.7001953125,4700.2001953125,4693.60009765625,4695.7001953125,2077,-0.0003193901671199,4710.423723135563,4720.458790836171,0.997874132971971,23.459647088963635,12.849993024553571,0.0018836773312228,0,0.3319253,0
2026-04-27 15:00:00-04:00,4695.5,4697.89990234375,4691.7001953125,4696.2001953125,2530,0.0001064747238953,4709.069101438128,4719.507473364655,0.997788249730414,28.95851327052536,12.064243861607142,0.0018696120850512,0,0.32181606,0
2026-04-27 16:00:00-04:00,4695.89990234375,4697.7998046875,4691.7998046875,4697.7001953125,854,0.0003193561673797,4707.986348473783,4718.6522859900615,0.9977396220637096,28.550912460551245,12.021379743303571,0.0016495210585593,0,0.32181606,0
2026-04-27 18:00:00-04:00,4697.5,4706.2998046875,4697.0,4702.7001953125,0,0.0010637845759212,4707.482905315565,4718.026713806628,0.997765207971331,33.0646907813952,12.078508649553571,0.0016535799216727,0,0.32313094,0
2026-04-27 19:00:00-04:00,4703.2998046875,4710.2998046875,4702.10009765625,4707.10009765625,1091,0.0009351745047553,4707.44644744325,4717.598219055633,0.9978481059342066,39.78057454409883,11.964215959821429,0.001462131095769,0,0.3209734,0
2026-04-27 20:00:00-04:00,4707.10009765625,4716.5,4705.2001953125,4705.60009765625,1782,-0.0003187183234508,4707.270604606392,4717.127704490952,0.9979103597566004,40.55944055149885,12.135637555803571,0.001404314934681,0,0.31966314,0
2026-04-27 21:00:00-04:00,4705.2001953125,4705.7998046875,4681.39990234375,4684.7001953125,3590,-0.0044513883906578,4705.121041816498,4715.856037464346,0.9977236379646528,27.29385281722773,13.042794363839286,0.0016681990952232,0,0.3481752,0
2026-04-27 22:00:00-04:00,4684.60009765625,4694.0,4679.89990234375,4683.0,3665,-0.000362990978729,4703.014275929213,4714.567565406921,0.9975494487421328,28.23258884661574,13.264229910714286,0.0015580008149657,0,0.32540217,0
2026-04-27 23:00:00-04:00,4682.89990234375,4690.10009765625,4682.2998046875,4685.60009765625,1971,0.0005550664338117,4701.35578276036,4713.431586279444,0.9974380017407624,32.47249314772587,12.678536551339286,0.0015627960558579,0,0.32825965,0
2026-04-28 00:00:00-04:00,4684.60009765625,4685.10009765625,4679.7001953125,4681.2998046875,1998,-0.0009181892228388,4699.445689610564,4712.171516413093,0.9972993710525596,31.76901245711653,11.985665457589286,0.0015613627434009,0,0.3416745,0
2026-04-28 01:00:00-04:00,4681.39990234375,4681.5,4638.0,4646.60009765625,9724,-0.0074400170366162,4694.412776091105,4709.60008822655,0.9967752437890828,26.559514273692898,13.599923270089286,0.0022012501332628,0,0.35594532,0
2026-04-28 02:00:00-04:00,4645.89990234375,4656.89990234375,4636.5,4642.7001953125,7469,-0.0008396547532923,4689.487768397905,4706.976563014235,0.9962844950719002,27.81905369117688,13.921351841517858,0.0022008003024087,0,0.30668554,0
2026-04-28 03:00:00-04:00,4642.60009765625,4653.2998046875,4634.39990234375,4646.60009765625,5794,0.0008396547532922,4685.403228327271,4704.608858490392,0.9959176988479158,25.94594594201898,14.357073102678571,0.0021895546492622,0,0.29246312,0
2026-04-28 04:00:00-04:00,4647.0,4649.39990234375,4628.2998046875,4643.60009765625,6167,-0.0006458418637289,4681.421977787174,4702.216358065523,0.9955777491516992,20.02228399771656,14.549944196428571,0.002189641526482,0,0.31666112,0
2026-04-28 05:00:00-04:00,4643.39990234375,4644.0,4617.7001953125,4618.60009765625,7096,-0.0053982985002516,4675.438941584229,4698.9372890298655,0.994999220887562,15.854665920817126,15.957066127232142,0.0024180928983698,0,0.34521225,0
2026-04-28 06:00:00-04:00,4618.39990234375,4630.5,4616.7001953125,4616.7001953125,4285,-0.0004114435503517,4669.844775272635,4695.712304962518,0.9944912447761024,15.223037685139316,16.499930245535715,0.0024195157184676,0,0.31170636,0
2026-04-28 07:00:00-04:00,4616.60009765625,4622.39990234375,4568.0,4575.2001953125,14625,-0.0090297501530699,4660.831005752622,4690.986339878204,0.9935716431597276,10.304551178473034,19.957066127232142,0.0029534300134481,1,0.33199015,0
2026-04-28 08:00:00-04:00,4575.60009765625,4613.7998046875,4567.60009765625,4607.39990234375,14740,0.007013229078534,4655.742329237492,4687.708440367048,0.993180866187349,23.746405135492736,22.5927734375,0.003481171358941,0,0.2848008,0
2026-04-28 09:00:00-04:00,4607.0,4608.2001953125,4583.7001953125,4593.39990234375,12342,-0.003043216046839,4649.804955247611,4684.010066326919,0.9926974727647992,20.251065480973,23.757080078125,0.0034749964573587,0,0.2921953,0
2026-04-28 10:00:00-04:00,4593.0,4594.0,4570.0,4588.2998046875,14033,-0.0011109268095256,4643.947321860934,4680.256722733216,0.9922420065771356,19.876612871459457,24.664236886160715,0.0034306525687252,0,0.28930342,0
2026-04-28 11:00:00-04:00,4587.89990234375,4600.2001953125,4580.5,4600.10009765625,8230,0.0025685210878219,4639.771395746202,4677.113325671375,0.9920160305459752,27.20903740563854,24.328543526785715,0.0035278639054114,0,0.2511107,0
2026-04-28 12:00:00-04:00,4600.0,4608.7998046875,4591.39990234375,4606.2001953125,5516,0.0013252008635079,4636.57413856204,4674.3324185984775,0.9919222090653624,29.789525080041827,24.564243861607142,0.0035588882489227,0,0.26139215,0
2026-04-28 13:00:00-04:00,4606.2998046875,4615.89990234375,4601.0,4609.0,6812,0.0006076492565128,4633.948030127559,4671.770362967165,0.9919040685005792,29.86324509636961,25.071358816964285,0.0035649535278425,0,0.26106068,0
2026-04-28 14:00:00-04:00,4609.39990234375,4614.7998046875,4606.0,4608.39990234375,2205,-0.000130209747533,4631.51487510053,4669.285246864286,0.9919108879053552,30.45573908466472,25.278494698660715,0.0035393056469994,0,0.26106068,0
2026-04-28 15:00:00-04:00,4608.5,4614.10009765625,4607.2998046875,4609.60009765625,2131,0.0002604025426951,4629.42775343917,4666.944652777696,0.9919611432897116,37.90849672855739,22.657087053571427,0.0035229373875643,0,0.28504893,0
2026-04-28 16:00:00-04:00,4609.39990234375,4612.89990234375,4605.7001953125,4609.60009765625,1417,0.0,4627.539405269369,4664.695846694503,0.992034541447871,38.90004158701015,21.714215959821427,0.003527121349557,0,0.3117218,0
2026-04-28 18:00:00-04:00,4611.39990234375,4614.0,4606.2998046875,4607.7998046875,0,-0.0003906292470145,4625.659443309191,4662.464629360895,0.9921060664310608,36.80266527250585,20.914236886160715,0.0034355301347899,0,0.30659425,0
2026-04-28 19:00:00-04:00,4608.2998046875,4610.5,4602.0,4609.7001953125,1027,0.0004123440524928,4624.1395149285545,4660.395435868801,0.99222041961049,38.38255718244172,20.014229910714285,0.0034454086779762,0,0.30659425,0
2026-04-28 20:00:00-04:00,4609.5,4624.2998046875,4608.7998046875,4613.7001953125,3091,0.0008673591259978,4623.14529401274,4658.564249964632,0.9923970231918212,48.03848363594038,19.242815290178573,0.0034525199898755,0,0.31255755,0
2026-04-28 21:00:00-04:00,4613.5,4613.5,4589.10009765625,4598.10009765625,4744,-0.0033869845357831,4620.760037216884,4656.193106736852,0.992390120274715,43.29006006150601,20.014264787946427,0.0035017599854856,0,0.31363168,0
2026-04-28 22:00:00-04:00,4598.5,4617.7001953125,4598.5,4606.89990234375,3045,0.0019119624917358,4619.440024371823,4654.260039897907,0.9925186785380288,64.96668740640098,17.528564453125,0.0031927833879151,0,0.3442732,0
2026-04-28 23:00:00-04:00,4606.89990234375,4616.7001953125,4605.7001953125,4609.60009765625,1604,0.000585948112571,4618.502888494149,4652.508669613921,0.992690872057506,51.43989262174931,15.014299665178571,0.003199041013711,0,0.32007298,0
2026-04-29 00:00:00-04:00,4609.10009765625,4619.2998046875,4609.10009765625,4618.10009765625,1626,0.0018422797065723,4618.464527461969,4651.159313850874,0.9929706156717656,67.41870169322874,13.992850167410714,0.0032265306231793,0,0.322145,0
2026-04-29 01:00:00-04:00,4618.60009765625,4621.2998046875,4604.39990234375,4604.7001953125,1749,-0.0029058228188705,4617.153638685829,4649.337387633683,0.9930777772691962,60.35362875311053,13.485700334821429,0.0032781604646855,0,0.33225685,0
2026-04-29 02:00:00-04:00,4604.5,4612.2998046875,4594.7998046875,4598.10009765625,4100,-0.0014343674920089,4615.33901573063,4647.328082144372,0.9931166756793762,48.64866647271036,13.328543526785714,0.0030748995873738,0,0.317934,0
2026-04-29 03:00:00-04:00,4598.10009765625,4603.2001953125,4580.5,4581.39990234375,6122,-0.003638588972699,4612.106719217594,4644.742663328661,0.9929735732468592,35.34280255442103,13.707135881696429,0.0031685866157739,0,0.32275853,0
2026-04-29 04:00:00-04:00,4581.60009765625,4590.0,4570.5,4586.10009765625,5113,0.0010254040303979,4609.629898116514,4642.44295487092,0.9929319418518696,36.76328638167662,14.035714285714286,0.0024380381959663,0,0.29046148,0
2026-04-29 05:00:00-04:00,4586.5,4594.2998046875,4564.5,4568.2998046875,6326,-0.0038889092878538,4605.693698742322,4639.535380353923,0.992705803741706,30.665643344370523,15.535714285714286,0.0019937560477863,0,0.318329,0
2026-04-29 06:00:00-04:00,4568.10009765625,4589.5,4567.60009765625,4582.7001953125,3984,0.003147284998755,4603.503841272815,4637.306549567985,0.9927107022290088,38.494664072411005,16.6142578125,0.0020459231670317,0,0.27880552,0
2026-04-29 07:00:00-04:00,4583.0,4585.60009765625,4571.89990234375,4574.7001953125,3065,-0.0017472211968317,4600.760636895642,4634.851398420711,0.992644691578098,36.02906969521763,17.078578404017858,0.002067037307739,0,0.30963543,0
2026-04-29 08:00:00-04:00,4574.2001953125,4582.10009765625,4552.89990234375,4557.39990234375,6668,-0.0037889014531885,4596.631043128796,4631.814084849066,0.992404047080526,32.05155402524498,18.614292689732142,0.0021154908758648,0,0.25806275,0
2026-04-29 09:00:00-04:00,4558.39990234375,4566.0,4522.2001953125,4534.7001953125,15641,-0.0049932917481467,4590.732867146291,4628.005697024102,0.9919462437347952,26.737141816300337,21.135707310267858,0.0022978121105491,1,0.32682246,0
2026-04-29 10:00:00-04:00,4534.7001953125,4556.39990234375,4530.2998046875,4551.89990234375,11348,0.0037857344635551,4587.034489546049,4625.021156056245,0.9917867042704328,32.28211538686969,21.892857142857142,0.0024999820557111,1,0.30948296,0
2026-04-29 11:00:00-04:00,4551.89990234375,4572.0,4548.60009765625,4560.2001953125,10911,0.0018218182802058,4584.478842476187,4622.479157595705,0.9917792349464518,38.65958745873758,21.80712890625,0.0025576848128612,0,0.30948144,0
2026-04-29 12:00:00-04:00,4560.60009765625,4578.2998046875,4557.2001953125,4559.0,7752,-0.0002632238121161,4582.052286049884,4619.989778866462,0.9917884033012112,34.98449453098468,21.914236886160715,0.0025518878293728,0,0.31077063,0
2026-04-29 13:00:00-04:00,4559.39990234375,4568.5,4555.89990234375,4561.7998046875,6662,0.0006139384342157,4580.123478301086,4617.707819094738,0.9918608231040006,35.02507166303852,22.028529575892858,0.0025625462876612,1,0.2857781,0
2026-04-29 14:00:00-04:00,4561.2001953125,4567.0,4532.0,4552.7001953125,9761,-0.0019967332049595,4577.511737064078,4615.158500515042,0.9918428016184576,29.588132558197728,23.799979073660715,0.0025833211840097,1,0.27819237,0
2026-04-29 15:00:00-04:00,4553.10009765625,4565.0,4547.39990234375,4560.7998046875,4800,0.0017774974504981,4575.920124456786,4613.026786953177,0.9919561138033408,35.829477105286585,23.849993024553573,0.0026291481649236,1,0.26064402,0
2026-04-29 16:00:00-04:00,4561.2001953125,4567.2998046875,4555.0,4557.2998046875,2390,-0.0007677038685343,4574.146760669235,4610.841415099621,0.9920416576657314,36.56119425692202,23.478550502232142,0.0026086455689518,1,0.25475672,0
2026-04-29 18:00:00-04:00,4557.0,4564.89990234375,4550.7998046875,4563.60009765625,0,0.0013815070965031,4573.14231657276,4608.988814415568,0.9922224810503576,43.705885598667294,22.8642578125,0.0025594074361563,1,0.27677613,0
2026-04-29 19:00:00-04:00,4564.5,4574.2001953125,4561.60009765625,4573.7998046875,873,0.0022325193986601,4573.204934488449,4607.6088532497615,0.992533237985892,45.81337605222,22.371407645089285,0.0025754467204678,1,0.2752288,0
2026-04-29 20:00:00-04:00,4573.60009765625,4586.2998046875,4568.2001953125,4582.0,3347,0.001791257493616,4574.042559775264,4606.604584494869,0.9929314478544122,54.98915323597337,21.535679408482142,0.0026125944798167,0,0.32011506,0
2026-04-29 21:00:00-04:00,4581.7001953125,4594.10009765625,4576.39990234375,4590.7998046875,3470,0.0019186742487437,4575.638487862143,4605.984789208306,0.9934115498129164,53.07504077739223,21.235700334821427,0.0026159455557957,0,0.32011506,0
2026-04-29 22:00:00-04:00,4591.10009765625,4593.7998046875,4571.10009765625,4576.39990234375,3552,-0.0031416167744943,4575.711003527058,4604.824597566559,0.9936775889238244,50.61539385754809,21.878522600446427,0.0026288241956092,0,0.32734972,0
2026-04-29 23:00:00-04:00,4576.39990234375,4581.0,4566.89990234375,4567.89990234375,2251,-0.0018590821888352,4574.967089128648,4603.376570302919,0.9938285559001308,54.060361620103855,20.799944196428573,0.0026400911112346,1,0.32989454,0
2026-04-30 00:00:00-04:00,4567.39990234375,4568.0,4552.2001953125,4553.2001953125,2643,-0.0032232339521385,4572.894051622347,4601.408869322903,0.9938030245713088,57.62579501790417,18.799944196428573,0.0026141973278534,1,0.33271217,0
2026-04-30 01:00:00-04:00,4553.7001953125,4581.0,4553.0,4573.7001953125,2747,0.0044922226817163,4572.970827211886,4600.322254655829,0.9940544540295494,58.748172844613286,18.935651506696427,0.002814573977175,1,0.32425445,0
2026-04-30 02:00:00-04:00,4573.7001953125,4603.7001953125,4570.89990234375,4601.60009765625,6632,0.0060815422804779,4575.697424397064,4600.372366146042,0.9946363164141756,64.35515492790782,19.607107979910715,0.0029921407178714,1,0.3538184,0
2026-04-30 03:00:00-04:00,4601.7998046875,4617.2998046875,4596.5,4610.60009765625,6529,0.0019539312373964,4579.021488516986,4600.773453656246,0.9952721068841212,66.97387990761027,19.585693359375,0.0029452297441634,1,0.3372508,0
2026-04-30 04:00:00-04:00,4610.5,4641.39990234375,4609.2001953125,4628.39990234375,7863,0.0038531933565212,4583.724194595726,4601.856843800853,0.9960597102820454,69.94032389995313,20.985665457589285,0.0030056090065244,0,0.33449554,0
2026-04-30 05:00:00-04:00,4628.7001953125,4644.60009765625,4626.2998046875,4637.2001953125,6372,0.0018995630120449,4588.817147044942,4603.242857585624,0.9968661852118208,75.34504978863417,19.792829241071427,0.0028343401011885,0,0.34904033,0
2026-04-30 06:00:00-04:00,4637.2001953125,4658.7998046875,4635.5,4651.7001953125,6117,0.0031220082394637,4594.80600878471,4605.143145339619,0.9977553061373629,76.25667121140728,20.199951171875,0.0025138595394134,0,0.34110582,0
2026-04-30 07:00:00-04:00,4651.89990234375,4658.0,4639.5,4643.0,8239,-0.0018720771344152,4599.395912709975,4606.6277278753205,0.9984301281560948,74.03261053537739,20.642822265625,0.0025345533772048,0,0.35022077,0
2026-04-30 08:00:00-04:00,4643.2998046875,4652.7001953125,4635.0,4652.39990234375,7436,0.0020224854544515,4604.443911722716,4608.422715109376,0.999136623605813,74.47632069970503,20.899972098214285,0.0025384104609776,0,0.34110582,0
2026-04-30 09:00:00-04:00,4652.5,4658.60009765625,4622.39990234375,4623.10009765625,10546,-0.0063176976209945,4606.220691335433,4608.998298738667,0.9993973511762864,62.29436733503456,22.585693359375,0.0030136291252926,0,0.3049945,0
2026-04-30 10:00:00-04:00,4623.2001953125,4638.7001953125,4621.2998046875,4632.5,9458,0.0020311823061361,4608.72348263682,4609.919934082249,0.9997404615562664,62.51864045271488,22.535749162946427,0.0030281731345259,0,0.2791435,0
2026-04-30 11:00:00-04:00,4633.2998046875,4637.7998046875,4623.7001953125,4628.10009765625,5002,-0.0009502413727898,4610.568874543433,4610.632881673387,0.9999861174958848,59.45271722971911,22.278564453125,0.002986624835517,0,0.2878022,0
2026-04-30 12:00:00-04:00,4628.2001953125,4631.10009765625,4618.0,4620.39990234375,6487,-0.0016651775080864,4611.505162905368,4611.015902091833,1.0001061069456112,61.54252102799413,21.592878069196427,0.0030275425409567,0,0.35061598,0
2026-04-30 13:00:00-04:00,4620.89990234375,4635.0,4620.7998046875,4629.7998046875,6417,0.0020323681384186,4613.247509741762,4611.752525723035,1.000324168309203,66.16189560215051,21.628592354910715,0.0030233128264977,0,0.34946358,0
2026-04-30 14:00:00-04:00,4630.0,4638.5,4629.60009765625,4635.39990234375,2971,0.0012088456839102,4615.357261418142,4612.679873825809,1.0005804407991816,72.53282648584636,21.1357421875,0.0030217785029738,0,0.34251115,0
2026-04-30 15:00:00-04:00,4635.5,4640.2998046875,4627.7001953125,4630.0,2808,-0.0011656060206877,4616.751807949748,4613.359094460092,1.0007354106671926,66.82602223414167,20.035714285714285,0.0030313588514511,0,0.3673619,0
2026-04-30 16:00:00-04:00,4630.39990234375,4636.0,4628.2998046875,4636.0,1238,0.0012950573793624,4618.58496909739,4614.246973108716,1.000940130862946,61.8294103957204,18.242850167410715,0.0030232070734539,0,0.3598183,0
2026-04-30 18:00:00-04:00,4636.89990234375,4652.0,4636.89990234375,4642.7001953125,0,0.0014442101449638,4620.881657308353,4615.362785744159,1.0011957611612332,61.2159593755901,17.900006975446427,0.0030140453125481,0,0.38739786,0
2026-04-30 19:00:00-04:00,4643.2001953125,4646.7998046875,4638.7998046875,4638.89990234375,1160,-0.000818887506708,4622.597680645057,4616.285809924535,1.0013673050110876,54.0665965644589,16.171456473214285,0.0029066602036597,0,0.43247768,0
2026-04-30 20:00:00-04:00,4639.0,4643.5,4630.5,4631.7998046875,1414,-0.0015317288379102,4623.474073411005,4616.894201876024,1.0014251726912666,47.88054392458557,15.792864118303571,0.0028925075985497,0,0.40621036,0
2026-04-30 21:00:00-04:00,4631.60009765625,4634.10009765625,4625.89990234375,4632.60009765625,1704,0.0001727673630621,4624.343218577219,4617.510119357601,1.0014798233340023,41.60071115485004,14.714320591517858,0.0027464011161086,0,0.39236578,0
2026-04-30 22:00:00-04:00,4632.60009765625,4648.10009765625,4628.0,4630.5,2608,-0.0004534330127261,4624.929578712722,4618.019526441617,1.0014963237447438,44.16436432025658,14.82861328125,0.0026224160665547,0,0.38171074,0
2026-04-30 23:00:00-04:00,4630.10009765625,4643.5,4628.89990234375,4638.60009765625,1655,0.001747763997118,4626.23153289782,4618.82660766572,1.001603204852897,43.47840132339574,14.607177734375,0.0023072377749847,0,0.37849298,0
2026-05-01 00:00:00-04:00,4637.7998046875,4640.2998046875,4620.2998046875,4620.39990234375,2509,-0.003931357328803,4625.676139511718,4618.888305496232,1.0014695817622197,48.57436013058797,13.450020926339286,0.0024683546444109,0,0.4112224,0
2026-05-01 01:00:00-04:00,4620.7001953125,4628.2001953125,4614.10009765625,4616.2001953125,1957,-0.000909362162756,4624.773668635602,4618.782889410596,1.001297047159056,40.89406321306007,13.214285714285714,0.0023126615601266,0,0.3738995,0
2026-05-01 02:00:00-04:00,4616.2001953125,4619.39990234375,4602.2001953125,4606.7998046875,3120,-0.002038467717697,4623.061872069116,4618.312964519494,1.001028277552021,38.73017840791534,13.435721261160714,0.0022981903862633,0,0.34194314,0
2026-05-01 03:00:00-04:00,4606.0,4609.7001953125,4586.7998046875,4589.5,4557,-0.0037623447390398,4619.865503300629,4617.183044342259,1.000580973059246,35.15870149011923,14.1357421875,0.0022695050523883,0,0.34667692,0
2026-05-01 04:00:00-04:00,4589.7001953125,4594.0,4575.89990234375,4580.2998046875,3541,-0.0020066301545417,4616.0973415279495,4615.73664278717,1.0000781454334795,26.17933173198641,14.3857421875,0.0022734423908052,1,0.34495178,0
2026-05-01 05:00:00-04:00,4580.10009765625,4584.0,4570.0,4573.60009765625,3221,-0.0014637932026802,4612.04998496874,4614.084229252625,0.9995591228545444,20.57179527445878,14.750034877232142,0.0021873652634612,1,0.37731522,0
2026-05-01 06:00:00-04:00,4573.7001953125,4587.39990234375,4572.39990234375,4577.89990234375,2204,0.0009396940400815,4608.797596147312,4612.665236040512,0.999161517323438,24.927980296374656,14.921491350446429,0.0018011760302429,1,0.32658026,0
2026-05-01 07:00:00-04:00,4577.7998046875,4590.60009765625,4573.0,4590.0,2684,0.0026396677125855,4607.007348895187,4611.77640325461,0.998965896448046,29.091094713141302,15.628627232142858,0.0018504898861464,1,0.30409747,0
2026-05-01 08:00:00-04:00,4589.5,4619.2998046875,4586.0,4602.10009765625,7746,0.0026327182073127,4606.539991634335,4611.396940289969,0.9989467511215095,32.409103791008604,16.864327566964285,0.0019701803330668,1,0.30739594,0
2026-05-01 09:00:00-04:00,4601.60009765625,4640.89990234375,4596.89990234375,4637.5,8223,0.0076626856537868,4609.488563859637,4612.420589690363,0.9993643194991194,49.52384431712285,19.435756138392858,0.0026217623460421,0,0.3330516,0
2026-05-01 10:00:00-04:00,4636.89990234375,4673.0,4635.7998046875,4643.60009765625,15612,0.0013145205784788,4612.737281364077,4613.643315492946,0.999803618514282,54.04118270169303,21.164341517857142,0.0025999593311699,0,0.33661538,0
2026-05-01 11:00:00-04:00,4644.0,4659.2001953125,4630.39990234375,4654.39990234375,8564,0.0023230392652767,4616.705150028808,4615.241613016508,1.0003171095112708,56.987116881905,22.635777064732142,0.0026355614048112,0,0.27534536,0
2026-05-01 12:00:00-04:00,4654.0,4661.2998046875,4644.89990234375,4650.60009765625,4390,-0.0008167232452912,4619.933240279041,4616.628220257282,1.0007158947751644,56.37290265748005,22.371477399553573,0.0026271567278461,0,0.27791566,0
2026-05-01 13:00:00-04:00,4650.2001953125,4654.5,4638.39990234375,4641.2998046875,5506,-0.0020018072024444,4621.968151175084,4617.595733372193,1.0009469035522731,50.84949926878238,22.478620256696427,0.0026595141871738,0,0.2843291,0
2026-05-01 14:00:00-04:00,4641.7001953125,4642.7998046875,4625.2998046875,4636.10009765625,3419,-0.0011209407011532,4623.314050839957,4618.321394716666,1.0010810542828403,55.38048606907629,22.300048828125,0.0026509396581115,0,0.2843291,0
2026-05-01 15:00:00-04:00,4636.2001953125,4639.60009765625,4621.0,4623.0,2750,-0.0028296716223318,4623.284141236152,4618.504869433659,1.0010348093024917,52.196322109905765,22.621477399553573,0.002718071921941,0,0.2843291,0
2026-05-01 16:00:00-04:00,4623.0,4644.5,4619.0,4644.5,1556,0.00463987883935,4625.3046992136615,4619.524286318614,1.0012513004666233,61.29428629426456,23.21435546875,0.0028997930191833,0,0.26008892,0
2026-05-03 18:00:00-04:00,4633.2998046875,4640.89990234375,4623.5,4630.7001953125,1470,-0.00297563709232,4625.818555984979,4619.962557259551,1.0012675424644355,62.60720411127392,23.07861328125,0.0029820359884052,0,0.291368,0
2026-05-03 19:00:00-04:00,4630.0,4632.39990234375,4622.39990234375,4625.0,1025,-0.0012317157887299,4625.740598272124,4620.1601040336855,1.0012078573280536,63.97759821593663,22.500034877232142,0.0029930405682375,0,0.31614238,0
2026-05-03 20:00:00-04:00,4624.7998046875,4627.89990234375,4612.5,4623.60009765625,2027,-0.0003027274051552,4625.536741070612,4620.295005744375,1.0011345023033638,66.17080411250947,22.600027901785715,0.0029628452436048,0,0.29985747,0
2026-05-03 21:00:00-04:00,4624.7001953125,4625.39990234375,4603.7998046875,4624.2001953125,2219,0.0001297817076669,4625.409450998412,4620.448150433322,1.0010737704230324,65.34139261567657,23.071463448660715,0.0028269623789363,0,0.28063524,0
2026-05-03 22:00:00-04:00,4624.0,4629.89990234375,4602.0,4616.89990234375,2830,-0.0015799622145058,4624.599017793206,4620.309003449417,1.000928512430789,59.205983691559005,23.807163783482142,0.0028427618128597,0,0.25838965,0
2026-05-03 23:00:00-04:00,4616.60009765625,4627.89990234375,4609.60009765625,4627.7998046875,2393,0.0023580879292969,4624.903854640283,4620.6027603607145,1.000930851341835,58.86808983273115,22.735735212053573,0.0028462043642354,0,0.2791435,0
2026-05-04 00:00:00-04:00,4626.5,4626.5,4615.7998046875,4616.60009765625,1787,-0.0024230264006471,4624.113020641803,4620.445793195833,1.0007936955891508,41.342190105766086,20.450020926339285,0.0027618995996392,0,0.32647222,0
2026-05-04 01:00:00-04:00,4616.0,4624.0,4603.2998046875,4610.2001953125,2980,-0.0013872422003064,4622.78798965806,4620.044005043545,1.0005939304066191,36.19833176206532,19.271449497767858,0.0027381104892042,0,0.3315001,0
2026-05-04 02:00:00-04:00,4610.10009765625,4611.89990234375,4594.5,4599.7001953125,3014,-0.002280155941732,4620.58915210134,4619.246208583505,1.000290727849782,27.34058002943486,18.457135881696427,0.0027720600665882,0,0.35037762,0
2026-05-04 03:00:00-04:00,4599.2001953125,4604.39990234375,4588.60009765625,4589.7001953125,2486,-0.0021764214251767,4617.647346692879,4618.087541396408,0.9999046803033544,26.004748141545463,18.414271763392858,0.0028204470914592,0,0.36044905,0
2026-05-04 04:00:00-04:00,4589.89990234375,4592.60009765625,4584.5,4587.5,2895,-0.0004794916331406,4614.776170817367,4616.888029969098,0.9995425795171936,27.545954755289188,17.842843191964285,0.0027598827523455,0,0.3336582,0
2026-05-04 05:00:00-04:00,4587.89990234375,4595.2998046875,4582.0,4586.0,2029,-0.0003270289449759,4612.035583120474,4615.676734676193,0.9992111337589212,28.423748698065097,17.542829241071427,0.0026881669625201,0,0.32947913,0
2026-05-04 06:00:00-04:00,4586.60009765625,4586.89990234375,4535.0,4573.2001953125,12623,-0.0027949630419757,4608.33697475781,4614.01098803448,0.9987702644637422,28.497457387829726,19.92138671875,0.0020165185402159,0,0.23188093,0
2026-05-04 07:00:00-04:00,4573.5,4581.7998046875,4562.39990234375,4571.10009765625,4966,-0.0004593238686152,4604.790605510042,4612.328208019648,0.9983657705675628,11.929472664113604,19.485665457589285,0.0019615998175842,0,0.22723928,0
2026-05-04 08:00:00-04:00,4571.2998046875,4590.39990234375,4570.39990234375,4579.2998046875,5534,0.0017922078408712,4602.362910193609,4611.032976516426,0.998119712791695,21.69575925412157,19.414236886160715,0.0019204672186928,0,0.20145273,0
2026-05-04 09:00:00-04:00,4579.60009765625,4588.10009765625,4566.2998046875,4575.0,6823,-0.0009394066385083,4599.756918746599,4609.619918613821,0.9978603442276456,22.035610898291523,20.257114955357142,0.0019206745005281,0,0.21443513,0
2026-05-04 10:00:00-04:00,4574.89990234375,4594.7001953125,4564.39990234375,4572.7001953125,8032,-0.0005028159399303,4597.180087943351,4608.172086327495,0.997614672764336,21.816009037729827,21.321428571428573,0.0019012578225697,0,0.20117658,0
2026-05-04 11:00:00-04:00,4572.7001953125,4577.89990234375,4520.60009765625,4531.60009765625,18313,-0.0090287832202984,4590.934374582675,4605.169263242348,0.996908932582936,14.602224153553024,23.871407645089285,0.0026560886628971,0,0.3346473,0
2026-05-04 12:00:00-04:00,4531.39990234375,4537.10009765625,4510.10009765625,4520.39990234375,13140,-0.0024746356668506,4584.216805798016,4601.844974579658,0.9961693258075796,14.179450742371046,23.80712890625,0.0026453657210463,0,0.29729757,0
2026-05-04 13:00:00-04:00,4521.10009765625,4541.7998046875,4520.89990234375,4532.5,7255,0.0026731997464639,4579.291395722015,4599.125563811828,0.995687404526226,14.93737469395778,24.028564453125,0.0024491832498133,0,0.27596015,0
2026-05-04 14:00:00-04:00,4532.89990234375,4535.2001953125,4519.7001953125,4526.2998046875,3044,-0.0013688780885666,4574.244577528252,4596.269651689306,0.9952080543940762,15.507883750761351,24.278564453125,0.0024146908816455,0,0.3146167,0
2026-05-04 15:00:00-04:00,4525.89990234375,4536.89990234375,4521.0,4527.60009765625,4753,0.0002872337869239,4569.802246111872,4593.576728001735,0.9948244073632344,17.170148927404995,23.935686383928573,0.0024354577497438,1,0.296865,0
2026-05-04 16:00:00-04:00,4527.5,4533.89990234375,4521.2998046875,4532.39990234375,1757,0.001059559632792,4566.240118133956,4591.177636799461,0.9945683829644,21.98158274295018,23.592843191964285,0.0024765787695302,1,0.28832948,0
2026-05-04 18:00:00-04:00,4534.0,4535.89990234375,4524.7998046875,4527.0,0,-0.0011921105241968,4562.50296402596,4588.660866728894,0.9942994473850536,22.857058303506506,23.257149832589285,0.0024625493598839,1,0.3101314,0
2026-05-04 19:00:00-04:00,4526.7998046875,4531.0,4525.7001953125,4528.10009765625,832,0.0002429785755646,4559.226500562178,4586.285934608398,0.994099924332666,24.0384820556947,23.05712890625,0.0024760759226716,1,0.27754882,0
2026-05-04 20:00:00-04:00,4528.60009765625,4540.10009765625,4522.7001953125,4538.89990234375,2745,0.0023822234024255,4557.290634065185,4584.427658833314,0.9940806079215057,30.96192028449164,23.349993024553573,0.002477789141804,1,0.25198874,0
2026-05-04 21:00:00-04:00,4538.89990234375,4551.5,4534.5,4550.39990234375,2723,0.0025304492938925,4556.634373901239,4583.093237010194,0.994226854715656,40.68614739736091,20.857142857142858,0.0025707137023226,1,0.30020916,0
2026-05-04 22:00:00-04:00,4550.5,4556.39990234375,4544.0,4548.2001953125,2298,-0.0004835264877008,4555.83111879755,4581.724882433814,0.9943484682514352,40.65306382293614,20.357142857142858,0.0025663470339595,1,0.30147663,0
2026-05-04 23:00:00-04:00,4548.10009765625,4551.7001953125,4541.39990234375,4544.7001953125,1477,-0.0007698314118698,4554.771030846592,4580.272933919253,0.994432230690052,35.31423312768895,19.664306640625,0.0025387627800528,1,0.30538416,0
2026-05-05 00:00:00-04:00,4543.5,4545.7998046875,4537.0,4543.0,1649,-0.0003741750488673,4553.649980289774,4578.811250236145,0.994504846657509,36.11113465419667,18.735700334821427,0.00251175963315,1,0.30356017,0
2026-05-05 01:00:00-04:00,4543.0,4561.2001953125,4540.39990234375,4555.2998046875,2799,0.0027037605804377,4553.807106422891,4577.889232763649,0.9947394694112728,43.05097304615905,18.05712890625,0.0026127128131255,1,0.28782937,0
2026-05-05 02:00:00-04:00,4555.2998046875,4561.5,4543.2001953125,4557.5,3315,0.0004828802129769,4554.158810573092,4577.089655008212,0.9949900818722156,65.00568621182256,15.271414620535714,0.0026193913869297,1,0.3218811,0
2026-05-05 03:00:00-04:00,4557.89990234375,4568.10009765625,4553.2998046875,4555.39990234375,3304,-0.0004609065645257,4554.277009789344,4576.239076472351,0.995200848050986,72.66833641934178,14.400006975446429,0.002554112058435,1,0.31109807,0
2026-05-05 04:00:00-04:00,4555.39990234375,4569.39990234375,4555.2001953125,4568.2001953125,3248,0.0028059759810451,4555.603027458216,4575.923826230788,0.995559192079185,72.91400274482518,13.885707310267858,0.0026392695140019,0,0.30817935,0
2026-05-05 05:00:00-04:00,4568.60009765625,4570.5,4561.10009765625,4566.5,3505,-0.0003722498376039,4556.640834366957,4575.554264417816,0.99586641771513,77.38418348222001,13.449986049107142,0.0026046930148158,1,0.30909702,0
2026-05-05 06:00:00-04:00,4566.7001953125,4567.2001953125,4550.0,4554.10009765625,2786,-0.0027190995879379,4556.398859442128,4574.712924544813,0.995996674457008,65.68047336189909,13.542864118303571,0.0026631856102364,1,0.33586803,0
2026-05-05 07:00:00-04:00,4554.0,4575.5,4550.10009765625,4572.89990234375,3866,0.0041196080366785,4557.970387337521,4574.641825634968,0.996355684459486,70.55837562448916,14.457135881696429,0.0028333084023105,1,0.3389587,0
2026-05-05 08:00:00-04:00,4572.7001953125,4585.39990234375,4564.2001953125,4574.7001953125,6663,0.0003936099026573,4559.563702382757,4574.64411464193,0.9967034785917211,75.13171704421691,15.178536551339286,0.0018733711664496,1,0.34941265,0
2026-05-05 09:00:00-04:00,4575.0,4596.2001953125,4575.0,4589.7998046875,9660,0.0032952420837815,4562.443331173685,4575.238455428031,0.9972033972919672,78.32863284604178,16.335693359375,0.0018394691874634,0,0.3215592,0
2026-05-05 10:00:00-04:00,4590.2998046875,4597.5,4576.39990234375,4593.2998046875,11254,0.0007622698910728,4565.382042936905,4575.946743634285,0.9976912535723724,76.77157974114778,16.599993024553573,0.0017837460399218,0,0.3132476,0
2026-05-05 11:00:00-04:00,4593.60009765625,4595.10009765625,4579.2998046875,4579.39990234375,4376,-0.0030307136235085,4566.7170771661295,4576.082161622891,0.9979534710859648,63.94230768370007,16.514299665178573,0.001917248026282,1,0.3343799,0
2026-05-05 12:00:00-04:00,4579.39990234375,4579.89990234375,4564.60009765625,4572.10009765625,6343,-0.0015953245338367,4567.229745784237,4575.926002251651,0.9980995635718029,60.95319932800901,16.721435546875,0.0019777975131059,1,0.34334585,0
2026-05-05 13:00:00-04:00,4571.7001953125,4573.60009765625,4563.7998046875,4570.2998046875,5086,-0.0003938337879002,4567.522132346452,4575.705367053057,0.9982115905526768,61.91783810500596,16.685721261160715,0.001982426832012,1,0.33604792,0
2026-05-05 14:00:00-04:00,4570.5,4576.5,4568.0,4571.7001953125,2391,0.0003063641732559,4567.920043105124,4575.548301494604,0.9983328209239998,63.39871068095592,16.664306640625,0.0019464265921812,1,0.35226253,0
2026-05-05 15:00:00-04:00,4571.60009765625,4572.0,4562.2998046875,4566.0,2512,-0.0012476215962557,4567.737181857017,4575.173858298737,0.9983745587223464,55.32342851930158,15.871442522321429,0.0019845985794435,1,0.34801453,0
2026-05-05 16:00:00-04:00,4566.0,4570.7998046875,4564.89990234375,4567.7998046875,962,0.0003940976919311,4567.743145936111,4574.884679725748,0.998438969659435,55.14472746367857,14.985735212053571,0.0019300097387818,1,0.3289898,0
2026-05-05 18:00:00-04:00,4569.2998046875,4587.2001953125,4556.10009765625,4583.2001953125,0,0.0033658409275712,4569.215245876719,4575.210778376209,0.9986895614672384,62.25752975614093,16.150006975446427,0.0019885780531191,1,0.3498472,0
2026-05-05 19:00:00-04:00,4583.5,4606.2001953125,4579.39990234375,4604.5,3333,0.0046365994521784,4572.575698650364,4576.359375302633,0.9991732125163314,64.88912565547041,17.050048828125,0.0021934162319836,1,0.35829082,0
2026-05-05 20:00:00-04:00,4604.10009765625,4631.2001953125,4598.2998046875,4629.7998046875,4719,0.0054795422556354,4578.025613511044,4578.4550784157655,0.9999061987291856,71.75251019498602,18.728655133928573,0.0024192445796968,1,0.34471172,0
2026-05-05 21:00:00-04:00,4629.89990234375,4639.7998046875,4620.39990234375,4636.39990234375,5513,0.0014245535345848,4583.585069590349,4580.727424452158,1.0006238409041623,79.45586599974081,18.885777064732142,0.0024016741934342,1,0.34646294,0
2026-05-05 22:00:00-04:00,4636.2001953125,4651.7998046875,4635.7998046875,4650.60009765625,4722,0.0030580825625129,4589.967453215673,4583.467529283691,1.0014181237001143,78.75642424171045,18.21435546875,0.0024160313680183,1,0.45511594,0
2026-05-05 23:00:00-04:00,4650.60009765625,4662.0,4648.0,4653.5,4686,0.0006233601116101,4596.018171957037,4586.21390068433,1.0021377701705636,78.92793379796578,17.700090680803573,0.002414544734092,1,0.43420827,0
2026-05-06 00:00:00-04:00,4653.60009765625,4664.39990234375,4653.2998046875,4660.0,3436,0.0013958234939263,4602.111679389701,4589.1074732065135,1.0028337114044752,77.50778719981056,16.957240513392858,0.0023892697375052,1,0.43450394,0
2026-05-06 01:00:00-04:00,4660.0,4674.7998046875,4655.60009765625,4673.89990234375,5023,0.002978371905491,4608.948653004372,4592.432666506013,1.0035963481008257,79.20283059789153,16.821498325892858,0.0023959167485835,1,0.4366855,0
2026-05-06 02:00:00-04:00,4673.89990234375,4680.2001953125,4667.7998046875,4679.5,5370,0.0011974465721285,4615.667828908719,4595.847071741071,1.0043127538532606,88.58888590941424,16.578648158482142,0.002369204059059,1,0.43668792,0
2026-05-06 03:00:00-04:00,4679.7998046875,4693.2001953125,4668.5,4692.39990234375,8958,0.0027528912226754,4622.975645426341,4599.633457254902,1.0050747931087034,94.45643386152,17.250104631696427,0.0022000161304449,1,0.42388546,0
2026-05-06 04:00:00-04:00,4692.7001953125,4714.2998046875,4682.7998046875,4712.0,9457,0.0041682885114358,4631.454155385737,4604.039988342945,1.0059543720541528,96.27682984289444,18.800083705357142,0.0022030965674834,0,0.40373203,0
2026-05-06 05:00:00-04:00,4712.0,4720.2001953125,4699.7001953125,4713.39990234375,11803,0.0002970489037171,4639.258512238882,4608.328612421409,1.0067117392049916,96.27681796860954,19.6572265625,0.002205748975319,0,0.40663478,0
2026-05-06 06:00:00-04:00,4713.2998046875,4734.60009765625,4707.39990234375,4729.60009765625,9749,0.0034311577265757,4647.862472754822,4613.084356940423,1.007539015791479,99.99999999144256,20.9072265625,0.0022117935598605,0,0.4130701,0
2026-05-06 07:00:00-04:00,4729.39990234375,4732.7001953125,4702.0,4703.2998046875,9417,-0.0055763045069927,4653.142218653173,4616.622217636387,1.0079105456966506,86.01796328825297,22.678676060267858,0.0027190578742271,0,0.33561966,0
2026-05-06 08:00:00-04:00,4703.2998046875,4704.7998046875,4671.0,4694.39990234375,13878,-0.001894060308772,4657.0715218618,4619.672322919029,1.008095638895691,80.61664295444564,22.871512276785715,0.0026369830523954,0,0.33561966,0
2026-05-06 09:00:00-04:00,4694.10009765625,4719.2001953125,4679.5,4713.5,13571,0.0040604436902543,4662.4456626368665,4623.351839667303,1.0084557317559413,80.37897509524831,23.792933872767858,0.0026201150021423,0,0.2944014,0
2026-05-06 10:00:00-04:00,4713.39990234375,4728.7001953125,4708.7998046875,4714.2001953125,11787,0.0001485400043025,4667.374665748832,4626.91452028084,1.0087445197637963,77.2609704944131,22.864362444196427,0.0026019763072191,0,0.3363995,0
2026-05-06 11:00:00-04:00,4714.2001953125,4717.2998046875,4699.2001953125,4699.2998046875,6023,-0.0031657519667051,4670.415155171562,4629.753158885023,1.008782756853571,69.28249173883123,22.771484375,0.0027977848596338,0,0.33561966,0
2026-05-06 12:00:00-04:00,4699.0,4703.5,4690.60009765625,4694.0,5182,-0.0011284224628335,4672.661330869509,4632.272642850316,1.0087189790267486,64.07253888710022,22.550048828125,0.0027920218474107,0,0.3382492,0
2026-05-06 13:00:00-04:00,4693.89990234375,4699.10009765625,4689.7998046875,4694.7998046875,6487,0.0001703742131204,4674.769756947413,4634.724688412559,1.0086402259523577,63.57647783377678,22.21435546875,0.0027966341263382,1,0.33903202,0
2026-05-06 14:00:00-04:00,4695.10009765625,4701.2998046875,4692.7001953125,4696.7998046875,3132,0.0004259125417223,4676.867856732183,4637.159006697852,1.008563184910627,62.4660090054087,22.035749162946427,0.0027633394375708,1,0.3250672,0
2026-05-06 15:00:00-04:00,4697.10009765625,4711.2998046875,4697.10009765625,4703.0,3765,0.0013192187792362,4679.356632281499,4639.741006435191,1.008538326986649,60.40025547617839,21.700055803571427,0.0026447477832251,1,0.40785038,0
2026-05-06 16:00:00-04:00,4703.5,4710.39990234375,4695.7998046875,4703.10009765625,2125,2.1283561776766235e-05,4681.617914698141,4642.225676679154,1.0084856361501078,58.77974081414068,21.857177734375,0.0024380514068471,1,0.41276303,0
2026-05-06 18:00:00-04:00,4702.2001953125,4709.2001953125,4698.0,4704.10009765625,0,0.0002126031088963,4683.759074979866,4644.652124560609,1.0084197802915018,54.77555184680238,20.892892020089285,0.0024363904245001,1,0.40385914,0
2026-05-06 19:00:00-04:00,4703.7001953125,4708.89990234375,4699.2998046875,4708.2001953125,1386,0.000871221229236,4686.086800725832,4647.144205766565,1.0083798981126826,48.22440653203602,19.32861328125,0.0023744489502385,1,0.37836534,0
2026-05-06 20:00:00-04:00,4708.2998046875,4710.39990234375,4694.2001953125,4697.60009765625,2468,-0.0022539500762748,4687.183305195396,4649.122868193612,1.0081865844549238,43.20152953509256,19.021449497767858,0.0024595862455181,1,0.3720925,0
2026-05-06 21:00:00-04:00,4697.39990234375,4730.5,4694.0,4723.7001953125,6562,0.0055406713755542,4690.661104254168,4652.047469257098,1.008300352748386,47.66064548075923,19.685721261160715,0.0027040318473694,1,0.36691576,0
2026-05-06 22:00:00-04:00,4723.39990234375,4727.2998046875,4708.2001953125,4716.0,2563,-0.0016314494869751,4693.074332420438,4654.555411639172,1.0082755316834224,55.907013918828106,18.857107979910715,0.0026941567287073,1,0.4090937,0
2026-05-06 23:00:00-04:00,4715.2001953125,4718.60009765625,4708.89990234375,4709.0,1410,-0.001485411413707,4694.591062666111,4656.690493535676,1.0081389495786863,56.91285469789383,17.135707310267858,0.0027215472951204,1,0.42750016,0
2026-05-07 00:00:00-04:00,4707.7001953125,4709.5,4700.39990234375,4705.10009765625,2338,-0.0008285237094116,4695.591923141362,4658.588909383542,1.0079429660950092,45.35408147681825,14.949986049107142,0.0026699788977004,1,0.38909188,0
2026-05-07 01:00:00-04:00,4705.0,4715.39990234375,4703.10009765625,4709.39990234375,2309,0.000913443090227,4696.906968779685,4660.581497342766,1.0077941929473029,47.44666593237656,14.407087053571429,0.0025053285950977,1,0.39098394,0
2026-05-07 02:00:00-04:00,4709.5,4759.39990234375,4709.5,4748.60009765625,7868,0.0082893676840436,4701.830123910787,4664.033207158981,1.0081039124450897,70.83692766590981,16.685686383928573,0.0031214825862667,0,0.4734188,0
2026-05-07 03:00:00-04:00,4747.7998046875,4760.5,4741.0,4752.5,6031,0.0008209370541704,4706.655826395474,4667.502493152746,1.0083884975530633,75.02130218138184,17.157121930803573,0.0030403596380562,0,0.45721057,0
2026-05-07 04:00:00-04:00,4753.2001953125,4763.60009765625,4740.89990234375,4741.10009765625,6660,-0.0024015984886088,4709.936233182214,4670.388673721511,1.0084677234002437,68.15690809259235,18.1142578125,0.0027934800505289,1,0.45634326,0
2026-05-07 05:00:00-04:00,4741.39990234375,4749.0,4732.0,4738.39990234375,5442,-0.0005696915207613,4712.647058816646,4673.055780726305,1.0084722459880815,66.22460055265071,18.714285714285715,0.0027516151645578,1,0.43790308,0
2026-05-07 06:00:00-04:00,4738.10009765625,4749.60009765625,4736.0,4745.0,3028,0.0013919266908141,4715.728291310298,4675.877122658607,1.0085227151198175,66.32963010053459,18.650006975446427,0.0026301897023402,1,0.43684477,0
2026-05-07 07:00:00-04:00,4745.39990234375,4753.0,4736.39990234375,4752.0,4139,0.0014741499984526,4719.182739756936,4678.862333534739,1.0086175662688788,68.04417937712486,18.792864118303573,0.0026419719753435,0,0.43395138,0
2026-05-07 08:00:00-04:00,4752.10009765625,4762.7001953125,4741.7001953125,4760.10009765625,8404,0.0017031148812605,4723.079630985442,4682.048128206171,1.0087635798812242,69.63526293119378,19.492850167410715,0.002517571887004,0,0.43205032,0
2026-05-07 09:00:00-04:00,4760.2001953125,4768.5,4741.0,4756.5,11580,-0.0007565932772295,4726.262523272543,4684.967809452988,1.0088143004389984,66.99493508421742,20.771414620535715,0.0025051461371645,0,0.43467668,0
2026-05-07 10:00:00-04:00,4756.0,4774.0,4751.10009765625,4773.2998046875,13270,0.003525745017699,4730.742264359682,4688.431809266107,1.0090244364885406,75.52244014314093,21.25,0.0025817187261947,0,0.43205032,0
2026-05-07 11:00:00-04:00,4773.39990234375,4775.2001953125,4694.2998046875,4739.10009765625,12905,-0.0071905838145528,4731.538248483164,4690.418800967681,1.008766689982353,54.92324550642115,24.421456473214285,0.0031446919750138,0,0.28379154,0
2026-05-07 12:00:00-04:00,4739.2998046875,4739.89990234375,4712.60009765625,4724.7998046875,11706,-0.0030220741977292,4730.896491931196,4691.76707562336,1.0083400168160814,52.69932658673135,25.007184709821427,0.0032300828509385,0,0.26053134,0
2026-05-07 13:00:00-04:00,4725.0,4729.5,4696.60009765625,4721.10009765625,25024,-0.0007833466919378,4729.963502000249,4692.917390212885,1.0078940472859428,53.78839068215119,26.664306640625,0.0032378370389905,0,0.22476155,0
2026-05-07 14:00:00-04:00,4721.0,4725.5,4704.60009765625,4719.10009765625,6563,-0.0004237198340171,4728.928892062726,4693.944163053801,1.0074531625843126,54.43600041599637,27.507149832589285,0.0032407386329792,0,0.22462204,0
2026-05-07 15:00:00-04:00,4719.60009765625,4722.5,4707.0,4712.89990234375,4212,-0.0013147150563134,4727.4023216133,4694.687525378898,1.00696847150264,51.09580328904558,27.735735212053573,0.0032523012618176,0,0.22491671,0
2026-05-07 16:00:00-04:00,4713.0,4729.10009765625,4693.2998046875,4696.0,4068,-0.0035923265617281,4724.411624316796,4694.738994971882,1.006320400213237,30.85875725977796,26.721470424107142,0.0033153573486687,0,0.23338154,0
2026-05-07 18:00:00-04:00,4682.5,4708.5,4671.0,4694.89990234375,0,-0.0002342901474239,4721.600984128887,4694.7453050648965,1.005720369757869,28.60324818955125,28.007184709821427,0.0030464120034887,0,0.22079384,0
2026-05-07 19:00:00-04:00,4694.39990234375,4714.39990234375,4693.89990234375,4713.2001953125,1629,0.0038903319181442,4720.800909003517,4695.469026251077,1.0053949632317487,40.14141127925473,27.850027901785715,0.003167743426606,0,0.21130885,0
2026-05-07 20:00:00-04:00,4713.39990234375,4718.5,4702.7001953125,4710.0,2412,-0.0006792162681892,4719.772251003182,4696.038868358878,1.0050539152910798,40.00006876782691,27.764299665178573,0.0031533410571702,0,0.21469444,0
2026-05-07 21:00:00-04:00,4710.10009765625,4734.2998046875,4709.10009765625,4731.2001953125,4467,0.0044910033695586,4720.860626651689,4697.417743925686,1.0049905892990498,45.59394857380232,28.592843191964285,0.0032997804937112,0,0.193311,0
2026-05-07 22:00:00-04:00,4731.10009765625,4741.39990234375,4715.39990234375,4721.7001953125,3497,-0.0020099657894893,4720.940585571766,4698.3699969212485,1.0048039189474876,40.47778343483394,29.264264787946427,0.0033346500884661,0,0.18973607,0
2026-05-07 23:00:00-04:00,4721.60009765625,4739.7998046875,4719.2998046875,4729.0,2252,0.0015448180533431,4721.708148850646,4699.571173512572,1.0047104245304,40.176866674012096,29.228550502232142,0.0027571497216675,0,0.18380421,0
2026-05-08 00:00:00-04:00,4728.60009765625,4731.89990234375,4716.60009765625,4719.39990234375,2211,-0.0020321114811162,4721.488315849989,4700.348770721637,1.004497441819643,38.709667829336986,28.357107979910715,0.0027749264040618,0,0.20108068,0
2026-05-08 01:00:00-04:00,4719.60009765625,4740.0,4718.2998046875,4736.0,2147,0.0035112454010819,4722.870381007133,4701.746858144318,1.0044926967572116,38.6350787581819,28.271414620535715,0.0028585031830302,0,0.21354568,0
2026-05-08 02:00:00-04:00,4736.5,4743.5,4721.10009765625,4734.2998046875,3944,-0.0003590583964247,4723.95889754812,4703.023444283266,1.0044514881783764,48.17619536514566,24.092808314732142,0.0028568900566202,0,0.24856336,0
2026-05-08 03:00:00-04:00,4734.0,4734.89990234375,4706.2001953125,4717.39990234375,6270,-0.0035760595189287,4723.33423133818,4703.587226952305,1.0041982859959993,47.24297143694927,24.192801339285715,0.0029402938518622,1,0.25697324,0
2026-05-08 04:00:00-04:00,4717.2001953125,4732.89990234375,4715.89990234375,4724.7998046875,2612,0.0015674110034406,4723.4738097524005,4704.419092745842,1.0040503868024726,51.34143706922622,23.057094029017858,0.0029433141019696,0,0.28610536,0
2026-05-08 05:00:00-04:00,4725.39990234375,4732.5,4716.89990234375,4721.60009765625,3270,-0.0006774447803816,4723.2953609813385,4705.092857644289,1.0038686809990318,50.89863028573858,22.678536551339285,0.0029065018189907,1,0.30365852,0
2026-05-08 06:00:00-04:00,4721.39990234375,4737.7998046875,4720.7001953125,4729.39990234375,2592,0.0016505780252503,4723.876745872996,4706.046075083484,1.0037888857238175,55.863531300618014,22.792794363839285,0.0029408592230898,0,0.30272123,0
2026-05-08 07:00:00-04:00,4730.10009765625,4737.0,4723.2001953125,4727.5,3506,-0.0004018023641848,4724.221817694616,4706.887405472367,1.0036827760532567,62.52981345978832,21.221330915178573,0.0028007478150735,0,0.40112683,0
2026-05-08 08:00:00-04:00,4727.5,4741.60009765625,4709.60009765625,4734.10009765625,10610,0.0013951337318557,4725.162606262391,4707.954569871735,1.0036550982247745,64.939076577191,20.828473772321427,0.0023381675747868,0,0.42556113,0
2026-05-08 09:00:00-04:00,4733.39990234375,4758.60009765625,4725.7001953125,4757.7998046875,13327,0.0049936801956859,4728.2709108743065,4709.9092849625495,1.0038985094618236,66.32494029832543,21.714181082589285,0.0024848061322275,0,0.4106503,0
2026-05-08 10:00:00-04:00,4757.7998046875,4760.39990234375,4723.10009765625,4725.7001953125,13223,-0.006769596027161,4728.026080820801,4710.528536348822,1.003714560762547,54.74328940771696,23.249895368303573,0.0029460010744226,0,0.2960716,0
2026-05-08 11:00:00-04:00,4725.7998046875,4730.7998046875,4711.5,4716.60009765625,10420,-0.0019275177004295,4726.937891947987,4710.76663679225,1.003432828752211,45.24113431871825,22.828473772321427,0.0029777127751939,0,0.2824642,0
2026-05-08 12:00:00-04:00,4716.39990234375,4729.89990234375,4715.0,4721.89990234375,4564,0.0011230185399155,4726.458083414251,4711.203235441329,1.0032379940347644,50.06692651358488,22.035609654017858,0.0029720933421413,0,0.29329848,0
2026-05-08 13:00:00-04:00,4721.89990234375,4732.10009765625,4721.7001953125,4730.39990234375,10898,0.0017985045897449,4726.83349474087,4711.95604590809,1.0031573827700917,50.46539638576136,21.314174107142858,0.0028624769718556,0,0.36995974,0
2026-05-08 14:00:00-04:00,4730.39990234375,4738.60009765625,4729.2998046875,4731.89990234375,3024,0.0003170476614622,4727.316009750669,4712.738157925175,1.00309328703123,54.39216546948291,20.885637555803573,0.002859055233171,0,0.38353604,0
2026-05-08 15:00:00-04:00,4731.5,4736.39990234375,4730.60009765625,4733.39990234375,1986,0.0003169471741009,4727.8954280928665,4713.548422412177,1.0030437802680612,48.97793882832714,19.749895368303573,0.002738056993889,0,0.36033687,0
2026-05-08 16:00:00-04:00,4733.7998046875,4733.89990234375,4723.2998046875,4730.7001953125,2075,-0.0005705153319638,4728.16254878045,4714.221040957288,1.0029573301086303,48.596076932419166,18.907052176339285,0.0027362983152837,0,0.35717064,0
2026-05-10 18:00:00-04:00,4696.7998046875,4704.5,4690.0,4700.10009765625,2147,-0.0064894185207889,4725.48993438767,4713.667278474895,1.0025081651322236,43.90415955080789,19.764229910714285,0.0029288893308304,0,0.35727057,0
2026-05-10 19:00:00-04:00,4700.0,4707.5,4697.2998046875,4700.2998046875,1740,4.248905011596375e-05,4723.090874416224,4713.143063816567,1.0021106532233297,40.90559772214786,19.278529575892858,0.0029027599521936,0,0.34991276,0
2026-05-10 20:00:00-04:00,4699.89990234375,4702.10009765625,4678.39990234375,4692.5,5051,-0.0016608054344863,4720.1774578051545,4712.333531902192,1.0016645523602818,39.5547579030853,19.857107979910715,0.0028882347500862,0,0.36311516,0
2026-05-10 21:00:00-04:00,4692.0,4714.10009765625,4683.5,4694.2001953125,6290,0.0003622562339727,4717.7034328058535,4711.622420663381,1.001290640802583,36.78677082068415,20.821428571428573,0.0028660115683216,0,0.33682275,0
2026-05-10 22:00:00-04:00,4694.7001953125,4709.0,4684.7001953125,4690.0,5125,-0.0008951632543116,4715.065010633868,4710.77448259815,1.0009107903703665,36.16226188987162,21.571428571428573,0.0027261784031335,0,0.31979746,0
2026-05-10 23:00:00-04:00,4689.60009765625,4698.2998046875,4683.10009765625,4687.0,2809,-0.0006398635176189,4712.392152478262,4709.842149947242,1.0005414199563032,32.145382387964005,20.371407645089285,0.0027262023923277,0,0.31979904,0
2026-05-11 00:00:00-04:00,4686.39990234375,4687.7001953125,4675.89990234375,4679.7998046875,2618,-0.0015373867021412,4709.288119355332,4708.664018760586,1.0001325430296704,16.204334468157413,18.864292689732142,0.0026420288548799,0,0.3745515,0
2026-05-11 01:00:00-04:00,4679.7998046875,4688.7998046875,4655.10009765625,4659.60009765625,6147,-0.0043257037368673,4704.555926812563,4706.739943423161,0.999535981032126,18.06743502281944,18.607142857142858,0.0027379263603477,1,0.37925568,0
2026-05-11 02:00:00-04:00,4659.5,4688.7001953125,4656.60009765625,4686.7001953125,5518,0.0057991232368673,4702.855380955414,4705.9540709482335,0.9993415384115308,37.69546398527192,19.521449497767858,0.0030992506047762,0,0.31972623,0
2026-05-11 03:00:00-04:00,4686.89990234375,4688.60009765625,4672.7998046875,4676.39990234375,3301,-0.002200189470685,4700.335811563827,4704.795083944136,0.999052185631734,32.01581027313658,19.585763113839285,0.0030866423175565,1,0.3374472,0
2026-05-11 04:00:00-04:00,4676.2998046875,4687.5,4672.7998046875,4675.89990234375,3633,-0.0001069255714461,4698.008582114296,4703.661939567651,0.9987980944366348,27.00421940609233,19.892926897321427,0.003088159173809,1,0.32103986,0
2026-05-11 05:00:00-04:00,4675.60009765625,4678.39990234375,4658.7001953125,4665.2998046875,6450,-0.0022695376479719,4694.893460454601,4702.15754212137,0.9984551598704005,23.90280302043301,20.6357421875,0.0030754442735997,1,0.3552992,0
2026-05-11 06:00:00-04:00,4665.0,4675.89990234375,4664.5,4672.2001953125,2995,0.0014779955836447,4692.732197107735,4700.982744207297,0.9982449314221096,26.992675805297893,21.035749162946427,0.0028208958356517,1,0.31965572,0
2026-05-11 07:00:00-04:00,4672.60009765625,4686.0,4672.60009765625,4683.2998046875,3770,0.0023728533125896,4691.8338740200925,4700.289295598678,0.9982010848594992,33.2389463618899,21.264299665178573,0.0025486191662872,1,0.3166231,0
2026-05-11 08:00:00-04:00,4682.89990234375,4710.2001953125,4675.89990234375,4708.7001953125,11000,0.0054089549729135,4693.440190333655,4700.619134803142,0.9984727661902376,53.157141878603845,20.807163783482142,0.0028365678032793,1,0.336279,0
2026-05-11 09:00:00-04:00,4708.89990234375,4758.39990234375,4707.2998046875,4745.7001953125,21316,0.0078270831287105,4698.417333664974,4702.387019528999,0.999155814728235,63.12142610678392,23.728585379464285,0.0033384117850478,0,0.26460472,0
2026-05-11 10:00:00-04:00,4745.7001953125,4748.5,4724.60009765625,4735.39990234375,13139,-0.0021728063020192,4701.939483062953,4703.681642384479,0.9996296179346348,62.22209238097296,23.742850167410715,0.0033595852562741,1,0.25838965,0
2026-05-11 11:00:00-04:00,4735.2998046875,4748.10009765625,4732.2001953125,4741.7998046875,5462,0.0013505895231555,4705.7357041700525,4705.176472278715,1.0001188546050572,63.20735288844856,22.692836216517858,0.003371790280557,1,0.2941912,0
2026-05-11 12:00:00-04:00,4742.0,4743.2001953125,4716.7998046875,4726.10009765625,7320,-0.0033164105203308,4707.6751702163565,4705.997006607247,1.0003566010787417,59.41574567259148,22.842878069196427,0.0034565562901177,1,0.29709083,0
2026-05-11 13:00:00-04:00,4726.0,4734.2001953125,4725.39990234375,4733.0,9394,0.0014588921771221,4710.08705876718,4707.05594752461,1.000643950544961,61.75865597800558,22.385777064732142,0.0034710685078652,1,0.28945607,0
2026-05-11 14:00:00-04:00,4733.10009765625,4738.7998046875,4730.10009765625,4733.7998046875,2600,0.0001689704453255,4712.345415521496,4708.10472623688,1.0009007211035437,64.27059837142689,22.164306640625,0.0031144289909727,1,0.295085,0
2026-05-11 15:00:00-04:00,4734.2001953125,4746.5,4731.7998046875,4743.5,4586,0.0020470384813579,4715.312518805163,4709.492776188376,1.001235747222336,73.4749807991533,20.807198660714285,0.003135947835865,1,0.39072105,0
2026-05-11 16:00:00-04:00,4743.7001953125,4748.5,4739.5,4745.60009765625,1702,0.0004426336889538,4718.197050124314,4710.908749579272,1.0015471113817886,69.16058567444787,19.157191685267858,0.0030961878577681,1,0.4312921,0
2026-05-11 18:00:00-04:00,4745.2998046875,4766.7998046875,4745.2001953125,4760.7001953125,0,0.0031768637410246,4722.244968713666,4712.861355294301,1.0019910650265202,76.59307042566265,19.571428571428573,0.0031500979813163,0,0.41516772,0
2026-05-11 19:00:00-04:00,4760.5,4780.2998046875,4755.2001953125,4777.2001953125,5329,0.0034598844156655,4727.478799818317,4715.3844470597205,1.0025648709865298,79.0257906852824,20.314243861607142,0.0031841229384663,0,0.41516772,0
2026-05-11 20:00:00-04:00,4776.7001953125,4783.39990234375,4757.7998046875,4759.2998046875,4961,-0.0037540841289219,4730.50937171062,4717.1066179470845,1.0028413082105336,75.85247415672514,20.735700334821427,0.0033369540029744,0,0.4210288,0
2026-05-11 21:00:00-04:00,4758.89990234375,4765.60009765625,4729.7998046875,4736.60009765625,5516,-0.0047809582036473,4731.089440848299,4717.871068131758,1.0028017664166002,66.29551378998276,22.478585379464285,0.00352810632763,0,0.33586589,0
2026-05-11 22:00:00-04:00,4736.2998046875,4743.39990234375,4731.10009765625,4739.7998046875,2971,0.0006753001531848,4731.918999309175,4718.731018584924,1.0027948151043808,64.89191929632855,22.371442522321427,0.0033321687399779,0,0.3237125,0
2026-05-11 23:00:00-04:00,4739.5,4742.39990234375,4726.7998046875,4729.0,2596,-0.0022811358553153,4731.640999374968,4719.133723738456,1.0026503329569996,55.79664476246835,21.035714285714285,0.0031876573147935,0,0.39813364,0
2026-05-12 00:00:00-04:00,4729.10009765625,4739.60009765625,4720.10009765625,4723.10009765625,2574,-0.0012483793123262,4730.827580163662,4719.289267813663,1.002444925855402,42.15271725636343,18.778564453125,0.0031529363213566,0,0.35783154,0
2026-05-12 01:00:00-04:00,4722.5,4731.0,4717.5,4723.2001953125,3936,2.1192986280222995e-05,4730.101162558789,4719.4426375195,1.0022584287717693,45.44104283502766,18.035714285714285,0.0031517750028175,0,0.36872658,0
2026-05-12 02:00:00-04:00,4722.60009765625,4722.60009765625,4701.60009765625,4705.39990234375,6639,-0.0037758127255917,4727.748661585929,4718.891942022411,1.0018768642453215,37.46557307226304,18.44287109375,0.0032383280448592,0,0.39163277,0
2026-05-12 03:00:00-04:00,4705.0,4711.7001953125,4692.39990234375,4707.7998046875,5043,0.0005099015149875,4725.848770452745,4718.456956244571,1.001566574470578,43.0628102615594,17.935721261160715,0.0032290281219646,0,0.37609008,0
2026-05-12 04:00:00-04:00,4707.5,4714.7998046875,4704.60009765625,4710.89990234375,2657,0.000658285721942,4724.425068728079,4718.1606011896365,1.0013277351213656,41.37389507417115,18.035679408482142,0.0031959118999408,0,0.38336074,0
2026-05-12 05:00:00-04:00,4710.7001953125,4713.2998046875,4702.2001953125,4707.60009765625,3690,-0.0007007070812792,4722.822690530762,4717.74646379617,1.0010759854887383,39.96949178728748,18.207101004464285,0.0029648914276095,0,0.33164227,0
2026-05-12 06:00:00-04:00,4708.0,4716.7001953125,4692.7998046875,4701.89990234375,4698,-0.0012115831892858,4720.830044036761,4717.125030013723,1.0007854390119966,33.570274258948814,18.8642578125,0.002327520429517,0,0.33782557,0
2026-05-12 07:00:00-04:00,4702.39990234375,4717.2001953125,4694.7001953125,4714.60009765625,3913,0.0026974359928256,4720.236715810046,4717.026013058528,1.0006806625069755,38.702639985231706,19.828543526785715,0.0023931330822269,0,0.32009435,0
2026-05-12 08:00:00-04:00,4714.5,4719.7998046875,4697.39990234375,4713.7998046875,9041,-0.0001697622033348,4719.623676655519,4716.899495083193,1.0005775364887814,30.91934842714932,19.885707310267858,0.0023645909336808,0,0.32140875,0
2026-05-12 09:00:00-04:00,4713.60009765625,4717.10009765625,4684.5,4687.0,13210,-0.0057016164253871,4716.516659831184,4715.726965864244,1.0001674596457035,16.1411174715617,20.421456473214285,0.0025756683723309,1,0.375872,0
2026-05-12 10:00:00-04:00,4686.5,4703.0,4676.0,4680.0,10866,-0.0014946090110136,4713.038882704404,4714.325908379373,0.9997269968814244,17.57975006785624,20.521449497767858,0.0025470618012084,1,0.3745515,0
2026-05-12 11:00:00-04:00,4680.0,4683.60009765625,4645.2001953125,4673.10009765625,18910,-0.0014754260134921,4709.235188890294,4712.709209919643,0.9992628399346098,20.187793424576256,20.707135881696427,0.0025487283046872,1,0.3745515,0
2026-05-12 12:00:00-04:00,4673.5,4682.39990234375,4671.2998046875,4678.10009765625,4852,0.0010693815493323,4706.269942106099,4711.351989830883,0.9989213186075347,21.51452440896098,20.621442522321427,0.0025033451760219,1,0.35213336,0
2026-05-12 13:00:00-04:00,4678.39990234375,4689.7998046875,4678.39990234375,4685.7001953125,10977,0.0016232937669257,4704.3109186019465,4710.346037104672,0.9987187526234408,29.4007786400538,20.342843191964285,0.0025451356889963,1,0.3166231,0
2026-05-12 14:00:00-04:00,4685.7001953125,4705.5,4683.0,4703.0,4942,0.0036852437305895,4704.186069211284,4710.057957218214,0.9987533299886616,41.373384796761606,20.55712890625,0.0025873986618613,0,0.31448883,0
2026-05-12 15:00:00-04:00,4704.10009765625,4723.2998046875,4703.60009765625,4723.2001953125,4188,0.0042859743727817,4705.996938363781,4710.573339104265,0.9990284832840848,49.99999999487557,21.042829241071427,0.0026613214627907,0,0.3330516,0
2026-05-12 16:00:00-04:00,4722.7998046875,4726.7001953125,4719.39990234375,4722.60009765625,1764,-0.0001270612628776,4707.57819162973,4711.0449766945385,0.9992641154813936,57.20273828521373,20.021414620535715,0.002554237570348,0,0.3421538,0
2026-05-12 18:00:00-04:00,4722.2998046875,4730.2001953125,4720.2998046875,4724.60009765625,0,0.0004234058744454,4709.199325537018,4711.576550065586,0.999495450301336,57.05891765463478,19.349993024553573,0.0023390801441525,0,0.3425792,0
2026-05-12 19:00:00-04:00,4724.5,4731.60009765625,4723.0,4724.7001953125,2894,2.118625784976533e-05,4710.675598848969,4712.091202820368,0.9996995805237064,55.94837709632085,19.235735212053573,0.002331835963031,0,0.3425792,0
2026-05-12 20:00:00-04:00,4724.5,4734.7998046875,4721.0,4723.0,2859,-0.0003599172911302,4711.849351339543,4712.518998788196,0.9998579003185292,56.73067483182775,19.428606305803573,0.0022788056265576,0,0.34103248,0
2026-05-12 21:00:00-04:00,4722.60009765625,4725.10009765625,4709.2001953125,4710.89990234375,4567,-0.0025652390669494,4711.7589276256585,4712.455504809983,0.9998521838172024,53.72514146507515,18.857142857142858,0.0023332184260076,0,0.34851503,0
2026-05-12 22:00:00-04:00,4710.5,4715.7001953125,4696.0,4700.60009765625,4072,-0.0021887709290665,4710.696181914286,4711.990586882386,0.9997252955106268,44.08785733795183,18.657156808035715,0.0023776230501966,0,0.32862344,0
2026-05-12 23:00:00-04:00,4700.5,4714.2998046875,4697.10009765625,4703.0,3029,0.0005104220449468,4709.963212208163,4711.638014847783,0.9996445391954258,45.50008137489999,18.285714285714285,0.0022307629402635,0,0.31949624,0
2026-05-13 00:00:00-04:00,4704.5,4711.39990234375,4703.39990234375,4707.89990234375,1367,0.0010413250246771,4709.76670650679,4711.4914222005655,0.9996339342388167,60.652335128147456,16.55712890625,0.0022406191756018,0,0.35371375,0
2026-05-13 01:00:00-04:00,4707.5,4715.7001953125,4701.2998046875,4711.39990234375,2464,0.0007431550611308,4709.922248967453,4711.487833186573,0.9996677091664988,66.5961257456633,15.657156808035714,0.0022420093229104,0,0.36995375,0
2026-05-13 02:00:00-04:00,4711.7998046875,4723.10009765625,4706.89990234375,4709.7998046875,4357,-0.0003396802363591,4709.910587607458,4711.421635990531,0.9996792797376636,70.54848074481639,14.071463448660714,0.0022374745383452,0,0.35741344,0
2026-05-13 03:00:00-04:00,4709.7998046875,4716.60009765625,4704.7998046875,4710.39990234375,4382,0.000127406567955,4709.957189010915,4711.381568004383,0.9996976727584236,69.02217671226043,14.121477399553571,0.0022185302843819,0,0.36049175,0
2026-05-13 04:00:00-04:00,4710.2998046875,4712.0,4701.7998046875,4707.7001953125,3497,-0.0005733018500972,4709.7422372301135,4711.237200447838,0.9996826813946912,63.74999998884375,14.014369419642858,0.0021352188006083,0,0.37324354,0
2026-05-13 05:00:00-04:00,4707.7998046875,4709.2001953125,4692.2998046875,4709.0,5883,0.0002760637311999,4709.671547970103,4711.149467096943,0.999686293305453,54.68749998803711,13.614397321428571,0.0021364847710919,0,0.3463598,0
2026-05-13 06:00:00-04:00,4708.39990234375,4718.2001953125,4701.0,4701.60009765625,3041,-0.0015726741742594,4708.902838416403,4710.774982020838,0.999602582672367,28.906033924022296,13.392996651785714,0.0017207691696791,0,0.34364307,0
2026-05-13 07:00:00-04:00,4701.7998046875,4713.89990234375,4698.60009765625,4705.2001953125,3113,0.0007654245269154,4708.550205739841,4710.556362934237,0.9995741145971244,33.94834279895346,13.964390345982142,0.0016804386098809,0,0.32190663,0
2026-05-13 08:00:00-04:00,4704.89990234375,4709.39990234375,4682.0,4690.7001953125,9990,-0.0030864549235314,4706.850204746761,4709.777689694169,0.9993784239638712,24.58766772787186,15.21435546875,0.001802605022912,0,0.3387197,0
2026-05-13 09:00:00-04:00,4690.60009765625,4702.0,4676.0,4686.2001953125,11058,-0.0009598055131222,4704.883537181593,4708.853082071358,0.9991570038774668,22.92530834919296,16.457205636160715,0.0018074828488275,1,0.315016,0
2026-05-13 10:00:00-04:00,4686.2001953125,4698.2998046875,4679.7998046875,4686.7998046875,9935,0.000127943961553,4703.161276944061,4707.988247664148,0.9989747275341052,24.142356891891552,16.792933872767858,0.0017711291232605,1,0.28898907,0
2026-05-13 11:00:00-04:00,4687.10009765625,4708.0,4686.0,4703.2998046875,6097,0.0035143433336128,4703.174470062484,4707.80438715526,0.9990165442928324,44.89233373398032,17.228655133928573,0.0017527903547623,0,0.25715056,0
2026-05-13 12:00:00-04:00,4703.0,4717.89990234375,4702.7998046875,4703.5,8297,4.256395728338783e-05,4703.205472913676,4707.635587658975,0.9990589512159964,52.255002456633214,16.900076729910715,0.0014351263493207,0,0.28867948,0
2026-05-13 13:00:00-04:00,4703.7001953125,4709.2001953125,4692.60009765625,4693.39990234375,11680,-0.0021496667306557,4702.271609049873,4707.077325489751,0.9989790445094552,43.33322029607372,16.857247488839285,0.0014988971325791,0,0.2885915,0
2026-05-13 14:00:00-04:00,4693.7998046875,4702.0,4685.5,4692.89990234375,4130,-0.0001065382548772,4701.379065554052,4706.521348111477,0.9989074133150404,38.90526132504484,17.435825892857142,0.0014899047976642,0,0.25869533,0
2026-05-13 15:00:00-04:00,4692.60009765625,4698.60009765625,4691.2998046875,4696.10009765625,2143,0.0006816903688205,4700.876306706642,4706.1126716230365,0.9988873269125136,38.63309873679396,16.928676060267858,0.0015054919631112,0,0.27091363,0
2026-05-13 16:00:00-04:00,4696.0,4701.39990234375,4693.7001953125,4697.10009765625,1059,0.0002129199810469,4700.516667749462,4705.759237349829,0.9988859248134164,40.47993791289492,16.321498325892858,0.0015098067583835,0,0.28261822,0
2026-05-13 18:00:00-04:00,4696.7998046875,4707.2998046875,4695.5,4706.39990234375,0,0.0019779460242346,4701.076975806061,4705.784361467237,0.998999659716726,47.3474594842729,16.321463448660715,0.0014887091690225,0,0.28098476,0
2026-05-13 19:00:00-04:00,4706.2001953125,4709.0,4699.7001953125,4703.5,832,-0.0006163513885692,4701.307740015007,4705.694778664601,0.9990677171266008,47.22207868503144,16.257149832589285,0.0014090807895011,0,0.2942247,0
2026-05-13 20:00:00-04:00,4703.10009765625,4713.7001953125,4696.2001953125,4712.0,2120,0.0018055339194165,4702.326050489768,4705.942042246381,0.9992316114979422,51.81159846742106,16.299979073660715,0.0014610801241919,0,0.3020086,0
2026-05-13 21:00:00-04:00,4712.2001953125,4714.0,4690.2001953125,4695.0,3819,-0.0036143336890593,4701.628331395505,4705.512942550445,0.9991744553245592,46.42851480259361,16.771379743303573,0.0016598308219892,0,0.29507717,0
2026-05-13 22:00:00-04:00,4695.5,4706.5,4686.0,4692.7001953125,2465,-0.0004899612654133,4700.778032720933,4705.010481874448,0.9991004378906658,43.13937782069714,17.142822265625,0.0016482708363638,0,0.25682262,0
2026-05-13 23:00:00-04:00,4692.7998046875,4699.39990234375,4679.2998046875,4680.7998046875,2850,-0.002539157629232,4698.875344336796,4704.061043553391,0.9988976122612818,44.40655896190179,16.621407645089285,0.0017295340852166,1,0.29092774,0
2026-05-14 00:00:00-04:00,4680.7998046875,4719.7001953125,4673.2001953125,4709.2001953125,5598,0.0060490899309894,4699.858663477339,4704.262578916493,0.9990638457430308,60.2312811615886,18.085693359375,0.002239759016915,0,0.34955844,0
2026-05-14 01:00:00-04:00,4709.5,4711.2001953125,4696.0,4696.2998046875,2585,-0.0027431606431437,4699.5197245449735,4703.950313260455,0.9990581131983916,53.80910613833534,17.849993024553573,0.0023194765481439,0,0.3523269,0
2026-05-14 02:00:00-04:00,4696.2001953125,4709.2998046875,4692.7001953125,4707.2001953125,3244,0.0023183698638421,4700.251197951405,4704.077759615438,0.9991865437053604,51.63742209953858,17.464250837053573,0.002382001690197,0,0.34222203,0
2026-05-14 03:00:00-04:00,4706.7001953125,4725.7998046875,4697.7001953125,4700.10009765625,5792,-0.0015094870543715,4700.236807447104,4703.92177287194,0.9992166184722528,48.65084808276303,18.392787388392858,0.0023798736363514,0,0.34026304,0
2026-05-14 04:00:00-04:00,4699.5,4713.60009765625,4698.89990234375,4700.2998046875,3367,4.248905011596375e-05,4700.242807184285,4703.779734903924,0.9992480668911018,52.97150667009232,18.257080078125,0.0023728608379157,0,0.34493834,0
2026-05-14 05:00:00-04:00,4699.7998046875,4709.2998046875,4694.60009765625,4706.10009765625,2763,0.0012332653861472,4700.800644372092,4703.870729521663,0.9993473279079922,55.43659252065528,18.128487723214285,0.0022767794578785,0,0.33597064,0
2026-05-14 06:00:00-04:00,4706.0,4711.89990234375,4698.0,4704.10009765625,2516,-0.0004250706655763,4701.114878018202,4703.879724350471,0.9994122200195816,53.3277545718887,18.599888392857142,0.0022660034488892,0,0.33962068,0
2026-05-14 07:00:00-04:00,4703.5,4711.60009765625,4695.89990234375,4700.39990234375,3102,-0.0007868989320928,4701.046785096826,4703.743260742363,0.9994267383451724,51.34246052287192,19.171351841517858,0.0022765443766846,0,0.3398003,0
2026-05-14 08:00:00-04:00,4700.2001953125,4716.89990234375,4698.39990234375,4711.7998046875,7363,0.002422368473474,4702.0708822007,4704.059203642172,0.99957731793853,52.15993561991255,19.649937220982142,0.0022034002460338,0,0.3177883,0
2026-05-14 09:00:00-04:00,4712.2001953125,4715.2001953125,4671.2998046875,4685.2001953125,13305,-0.0056613132742626,4700.4641501161095,4703.319634688068,0.999392878903892,43.84678531142978,22.121407645089285,0.0025515353885651,0,0.26994666,0
2026-05-14 10:00:00-04:00,4685.0,4707.2998046875,4683.0,4685.7001953125,9451,0.0001067133316185,4699.058059182432,4702.628676281182,0.9992407188947832,40.65402073472136,22.607107979910715,0.002510102526353,0,0.25877637,0
2026-05-14 11:00:00-04:00,4685.60009765625,4695.7998046875,4683.0,4691.89990234375,4380,0.0013222376450135,4698.3763299597,4702.207940048343,0.9991851466082542,48.80674492119748,21.821393694196427,0.0025296261415706,0,0.32093868,0
2026-05-14 12:00:00-04:00,4692.10009765625,4693.5,4676.10009765625,4684.7998046875,5124,-0.0015144132232155,4697.083327552824,4701.525268073408,0.9990552128793718,47.06743804519002,21.599958147321427,0.0025456046817626,0,0.32510236,0
2026-05-14 13:00:00-04:00,4684.39990234375,4689.60009765625,4682.7001953125,4684.2001953125,5545,-0.0001279985859362,4695.856362577555,4700.845853455333,0.9989385972156244,51.37778762019791,20.657087053571427,0.0025443959430251,0,0.3375764,0
2026-05-14 14:00:00-04:00,4684.5,4684.5,4672.5,4677.2998046875,3937,-0.0014742064572363,4694.089071349931,4699.92247899385,0.9987588289657988,34.347267739133244,18.192801339285715,0.002510198379635,0,0.3435331,0
2026-05-14 15:00:00-04:00,4677.39990234375,4677.39990234375,4658.0,4659.5,5696,-0.0038128323673734,4690.794874078509,4698.33728373919,0.9983946640683322,32.771595507897416,18.492780412946427,0.0026296407661738,0,0.33872718,0
2026-05-14 16:00:00-04:00,4659.60009765625,4663.0,4649.2998046875,4655.39990234375,2804,-0.0008803310747355,4687.423924389484,4696.653464860937,0.9980348687548471,24.099727046074506,18.285679408482142,0.0025753400944871,0,0.34005165,0
2026-05-14 18:00:00-04:00,4654.5,4667.0,4651.0,4666.7001953125,0,0.0024244104623229,4685.450235905961,4695.4788268394295,0.9978642027142908,33.97313039313744,17.421421595982142,0.0025577929585474,0,0.3256512,0
2026-05-14 19:00:00-04:00,4666.39990234375,4670.10009765625,4651.0,4656.7001953125,2992,-0.0021451409176304,4682.7121368018215,4693.958096191314,0.997604162806946,30.877364305418567,17.735700334821427,0.0025907494868526,0,0.33600456,0
2026-05-14 20:00:00-04:00,4656.39990234375,4662.7998046875,4618.2998046875,4635.10009765625,8786,-0.0046492898865617,4678.1776568831965,4691.649939386018,0.9971284553031712,22.650189968591107,19.864292689732142,0.0027226978718189,0,0.37808946,0
2026-05-14 21:00:00-04:00,4635.0,4636.7001953125,4611.0,4617.89990234375,7338,-0.0037177596722958,4672.43691835563,4688.757781070635,0.9965191499588876,20.27579471786993,20.707170758928573,0.0023365158531218,0,0.3729498,0
2026-05-14 22:00:00-04:00,4617.89990234375,4627.39990234375,4613.5,4621.89990234375,3538,0.0008658196788749,4667.623869211641,4686.135903473502,0.9960496164338428,22.986887293046166,20.578578404017858,0.0023324481824562,0,0.3384119,0
2026-05-14 23:00:00-04:00,4621.60009765625,4626.5,4611.2998046875,4619.7998046875,3428,-0.0004544829974947,4663.069196399818,4683.534487834836,0.9956303745625924,16.176470586570076,20.342878069196427,0.0022169831163126,0,0.33639893,0
2026-05-15 00:00:00-04:00,4619.2998046875,4625.89990234375,4608.2001953125,4610.0,2800,-0.0021235148274952,4658.014987218883,4680.650782429549,0.9951639641018216,18.456345595525264,18.471400669642858,0.0022295429690469,0,0.35698646,0
2026-05-15 01:00:00-04:00,4610.0,4610.60009765625,4560.10009765625,4562.89990234375,11957,-0.0102694921122019,4648.956407706965,4676.033100857557,0.9942094735929852,12.967407724808352,20.342843191964285,0.0030316781206543,0,0.3510011,0
2026-05-15 02:00:00-04:00,4562.39990234375,4585.39990234375,4560.5,4574.5,8487,0.0025390382410976,4641.865321258683,4672.051410627849,0.9935390074474568,15.712782249534342,21.207135881696427,0.0031064012824566,0,0.3156176,0
2026-05-15 03:00:00-04:00,4573.89990234375,4593.7998046875,4569.7998046875,4575.7001953125,8163,0.0002623320350952,4635.563880692381,4668.272931595874,0.9929933293569638,16.999669162253312,21.678571428571427,0.0031217317972945,0,0.3197043,0
2026-05-15 04:00:00-04:00,4575.60009765625,4576.89990234375,4553.2001953125,4558.89990234375,8723,-0.0036783902376116,4628.262549421082,4663.983793193831,0.9923410446183633,15.482291539367765,22.878557477678573,0.0031593649960932,0,0.31661403,0
2026-05-15 05:00:00-04:00,4559.0,4568.2001953125,4535.39990234375,4549.7998046875,9071,-0.0019981119098408,4620.789907065503,4659.505989722995,0.9916909469066284,15.296900748395627,24.364292689732142,0.0030199856853441,0,0.2992257,0
2026-05-15 06:00:00-04:00,4549.89990234375,4577.0,4548.0,4570.2001953125,8044,0.0044737773356584,4615.971839279502,4656.003801706897,0.9914020769457448,26.03355820596616,25.050013950892858,0.0031753452675713,0,0.26228476,0
2026-05-15 07:00:00-04:00,4570.5,4574.7998046875,4554.0,4555.89990234375,5014,-0.003133935529959,4610.250702428479,4652.078158594617,0.9910088664162138,24.682185488605185,25.55712890625,0.0031855352791045,0,0.29927891,0
2026-05-15 08:00:00-04:00,4556.0,4562.7001953125,4546.2998046875,4550.2001953125,8614,-0.0012518438660821,4604.531606512672,4648.08294434826,0.9906302580317454,19.48686074861056,25.585728236607142,0.0031209090121444,0,0.30716005,0
2026-05-15 09:00:00-04:00,4550.10009765625,4561.89990234375,4513.7998046875,4537.2998046875,19094,-0.0028391525261309,4598.1285777674175,4643.738507498818,0.9901781873252018,19.195225064497976,27.657156808035715,0.0031345148798191,0,0.28929985,0
2026-05-15 10:00:00-04:00,4536.89990234375,4570.89990234375,4529.2998046875,4566.7998046875,13635,0.0064806196135402,4595.14488509314,4640.721303467002,0.9901790227437676,33.068980958039745,27.450020926339285,0.0036100629993868,0,0.27161595,0
2026-05-15 11:00:00-04:00,4567.2998046875,4568.0,4538.0,4543.7998046875,7788,-0.0050490746708245,4590.254877435461,4636.920460377611,0.9899360829367452,32.144680828868275,27.757149832589285,0.0037079255368206,0,0.2982978,0
2026-05-15 12:00:00-04:00,4543.7998046875,4552.39990234375,4533.2001953125,4548.7001953125,5679,0.0010778974098355,4586.297288661846,4633.460842139763,0.9898210959184158,32.43784661233285,28.135707310267858,0.0037050178930697,0,0.28126886,0
2026-05-15 13:00:00-04:00,4548.5,4568.7001953125,4547.2001953125,4564.0,7373,0.0033579112086958,4584.173737360718,4630.736887546047,0.989944764447629,37.409880131604496,28.585693359375,0.0038430967716855,0,0.26162416,0
2026-05-15 14:00:00-04:00,4564.2998046875,4567.2998046875,4556.5,4563.39990234375,2804,-0.0001314936703848,4582.195276882912,4628.096221459683,0.9900821110062628,39.03020466456458,28.092843191964285,0.0037652385867254,0,0.2821708,0
2026-05-15 15:00:00-04:00,4563.89990234375,4564.2001953125,4548.89990234375,4549.7998046875,3691,-0.0029847053043486,4579.109993816682,4625.025773743127,0.9900723191236868,46.33874740010365,25.578578404017858,0.003781921667059,0,0.36264297,0
2026-05-15 16:00:00-04:00,4550.2001953125,4561.89990234375,4537.0,4561.89990234375,2058,0.0026559489794901,4577.470937485927,4622.550249374524,0.9902479563321788,46.48830341348907,25.578578404017858,0.0037800801968997,0,0.34943017,0
2026-05-17 18:00:00-04:00,4557.39990234375,4558.60009765625,4541.39990234375,4549.7001953125,2138,-0.0026778423527533,4574.826104897981,4619.693384509347,0.9902878230486436,43.17231793128763,25.328578404017858,0.0037447616395669,0,0.34311587,0
2026-05-17 19:00:00-04:00,4550.2001953125,4551.39990234375,4535.10009765625,4540.89990234375,1911,-0.0019361308655708,4571.595037988054,4616.6034440322655,0.9902507532670166,45.06582645454755,24.800013950892858,0.0037337650729482,0,0.36264297,0
2026-05-17 20:00:00-04:00,4541.0,4546.0,4483.5,4518.5,9809,-0.0049451284263883,4566.538367703477,4612.756250148647,0.9899804195281984,42.00316370122378,26.921421595982142,0.0038400844637383,1,0.31059077,0
2026-05-17 21:00:00-04:00,4518.10009765625,4538.60009765625,4492.10009765625,4527.89990234375,8772,0.0020781539238121,4562.858513859694,4609.428550234729,0.9898967874504392,38.54896144494424,28.171421595982142,0.0038961592075103,1,0.29720867,0
2026-05-17 22:00:00-04:00,4527.89990234375,4545.89990234375,4524.89990234375,4536.39990234375,4376,0.0018754901480951,4560.33864609627,4606.564681689985,0.9899651825627342,44.550039844980354,28.185721261160715,0.0032519234397728,1,0.2485259,0
2026-05-17 23:00:00-04:00,4537.0,4551.39990234375,4528.0,4546.7998046875,4319,0.0022899214426017,4559.049232628768,4604.220961023221,0.9901890615639752,49.07397064628698,28.685686383928573,0.0032409707414422,0,0.2178766,0
2026-05-18 00:00:00-04:00,4545.2001953125,4553.7998046875,4533.39990234375,4544.2001953125,5205,-0.0005719083590048,4557.635038598647,4601.867205505154,0.9903882131032394,51.99088239680523,26.707101004464285,0.0032386701417015,0,0.25234014,0
2026-05-18 01:00:00-04:00,4544.7998046875,4556.0,4533.60009765625,4534.60009765625,5303,-0.0021148391691701,4555.44123469937,4599.229279707158,0.9904792646017908,39.50465204007895,25.335658482142858,0.0031721697500052,1,0.28936112,0
2026-05-18 02:00:00-04:00,4534.2998046875,4551.7998046875,4533.10009765625,4550.5,6923,0.0035002186890659,4554.970640918478,4597.3183275617785,0.9907886111802574,52.28988525041801,24.528494698660715,0.003251530883605,0,0.28465897,0
2026-05-18 03:00:00-04:00,4551.0,4564.0,4541.60009765625,4550.0,5760,-0.0001098840724143,4554.497246545289,4595.462706873081,0.9910856723379514,50.45800212846519,24.757080078125,0.0030770289595366,0,0.2871178,0
2026-05-18 04:00:00-04:00,4550.0,4560.89990234375,4546.0,4553.7998046875,3990,0.0008347733890634,4554.430823511214,4593.828867571685,0.9914237022762024,46.08886458626419,24.28564453125,0.0030064828990778,0,0.27211457,0
2026-05-18 05:00:00-04:00,4553.89990234375,4555.7001953125,4543.7998046875,4547.0,3695,-0.0014943315090488,4553.723126033956,4591.992441392403,0.991666076143008,43.997068859318034,24.3642578125,0.0030121826521353,0,0.28123772,0
2026-05-18 06:00:00-04:00,4546.39990234375,4551.39990234375,4535.60009765625,4543.39990234375,3986,-0.0007920658899807,4552.739961872984,4590.086851625789,0.9918635766685816,47.4723748862747,24.399937220982142,0.0029459402879466,1,0.26241252,0
2026-05-18 07:00:00-04:00,4543.5,4571.89990234375,4533.5,4554.2001953125,9746,0.0023743180457705,4552.879031724367,4588.679531770365,0.9921980823027344,46.92747444071227,25.364222935267858,0.0025979777920054,0,0.24770139,0
2026-05-18 08:00:00-04:00,4554.39990234375,4579.39990234375,4548.7998046875,4575.2001953125,9361,0.0046005293096957,4555.004856827998,4588.150930340646,0.992775722940268,59.50785766721694,26.085658482142858,0.0025331717195263,0,0.25367913,0
2026-05-18 09:00:00-04:00,4575.39990234375,4588.60009765625,4565.39990234375,4579.89990234375,12978,0.0010266861954413,4557.375813543784,4587.827360615277,0.9933625342285308,65.00011267413487,26.578543526785715,0.0025324169768452,0,0.27044892,0
2026-05-18 10:00:00-04:00,4579.89990234375,4579.89990234375,4542.10009765625,4550.7998046875,15134,-0.0063741437386551,4556.749526986042,4586.375299598501,0.9935404822594756,61.8141877347752,24.814243861607142,0.0028388335243361,0,0.29036084,0
2026-05-18 11:00:00-04:00,4551.0,4552.39990234375,4536.2001953125,4547.7001953125,7691,-0.0006813451656671,4555.887685874276,4584.858628842188,0.9936811698433484,57.59219941191849,22.649937220982142,0.0028413590410277,1,0.2984267,0
2026-05-18 12:00:00-04:00,4548.60009765625,4558.7001953125,4537.60009765625,4554.39990234375,10432,0.0014721236130797,4555.745992204702,4583.664168979503,0.9939092010789664,56.99851918732482,22.657087053571427,0.002783358147078,0,0.29470927,0
2026-05-18 13:00:00-04:00,4554.2998046875,4562.5,4549.7998046875,4551.39990234375,5596,-0.0006589207258872,4555.332078884611,4582.398903621239,0.9940933067360772,51.89774992853771,21.892822265625,0.00271797374835,1,0.32040033,0
2026-05-18 14:00:00-04:00,4551.2998046875,4552.39990234375,4538.2998046875,4539.7998046875,3632,-0.0025519412894768,4553.852814675363,4580.728350721877,0.9941329120635852,48.310131704024975,21.442836216517858,0.0027118650454099,1,0.3154856,0
2026-05-18 15:00:00-04:00,4539.89990234375,4569.5,4539.10009765625,4562.89990234375,6702,0.0050754496991612,4554.7144420723525,4580.02919588352,0.9944727964105732,59.84688884077279,22.014264787946427,0.0029092495156502,0,0.2957444,0
2026-05-18 16:00:00-04:00,4563.2998046875,4571.60009765625,4562.39990234375,4570.7998046875,1323,0.0017298366635806,4556.246381369034,4579.667258973872,0.9948858997214384,57.47970580022432,21.335728236607142,0.0026546393262061,0,0.32288942,0
2026-05-18 18:00:00-04:00,4570.60009765625,4582.2998046875,4570.60009765625,4578.2001953125,0,0.0016177488772478,4558.33722079222,4579.609727065583,0.9953549521594292,59.8878935991936,20.571428571428573,0.0026428923336564,0,0.3282046,0
2026-05-18 19:00:00-04:00,4578.2001953125,4593.2001953125,4577.89990234375,4585.5,2156,0.001593200579678,4560.924152145341,4579.84071816105,0.9958696017656912,60.84882958656519,20.600027901785715,0.0026361996548327,0,0.3282046,0
2026-05-18 20:00:00-04:00,4585.39990234375,4593.10009765625,4564.7001953125,4566.2998046875,3854,-0.0041959448178638,4561.436119054119,4579.309701946401,0.9960968827059926,56.08826645797958,21.778564453125,0.0028030305510593,0,0.33408833,0
2026-05-18 21:00:00-04:00,4565.60009765625,4575.39990234375,4557.60009765625,4567.0,3609,0.0001533280038638,4561.966012477536,4578.826968536739,0.9963176254147488,57.58357417366912,21.921421595982142,0.0027970133297895,0,0.32969382,0
2026-05-18 22:00:00-04:00,4566.7001953125,4566.7001953125,4548.60009765625,4550.2998046875,4018,-0.0036634122706188,4560.854945068962,4577.708256228925,0.9963183955340468,48.79244871868053,20.492850167410715,0.0028859510696035,0,0.3295199,0
2026-05-18 23:00:00-04:00,4549.89990234375,4558.10009765625,4545.2001953125,4548.89990234375,3526,-0.0003076979074792,4559.7163695713225,4576.578516860879,0.9963155559928812,40.73280088789519,19.228550502232142,0.0027784868539406,0,0.30792642,0
2026-05-19 00:00:00-04:00,4547.7998046875,4548.7998046875,4540.89990234375,4545.39990234375,2047,-0.0007697129516219,4558.352896502031,4575.3558260955015,0.996283801688932,37.73988908333017,18.142822265625,0.0027835532370226,0,0.31696835,0
2026-05-19 01:00:00-04:00,4545.60009765625,4549.89990234375,4533.89990234375,4543.7998046875,4755,-0.0003520876918441,4556.96688775779,4574.118335059894,0.996250327156899,46.9081325373114,16.585693359375,0.0027763269697616,0,0.30750865,0
2026-05-19 02:00:00-04:00,4543.7001953125,4557.10009765625,4536.5,4551.2998046875,5310,0.0016492401451579,4556.427165560619,4573.223490731565,0.9963272459338612,51.53043853135414,16.900006975446427,0.00278280225215,0,0.32934427,0
2026-05-19 03:00:00-04:00,4550.39990234375,4562.7001953125,4544.7001953125,4560.7001953125,4900,0.0020632998156167,4556.834120775084,4572.732381107287,0.9965232471513336,52.61854799145748,16.678571428571427,0.0028105822141837,0,0.326593,0
2026-05-19 04:00:00-04:00,4560.7001953125,4562.5,4539.10009765625,4546.39990234375,5403,-0.003140473821205,4555.840385686385,4571.6997348812665,0.9965309731359046,48.10032650126472,17.442836216517858,0.0028551757719601,0,0.325121,0
2026-05-19 05:00:00-04:00,4545.7998046875,4550.0,4538.7998046875,4545.0,3629,-0.000307961891425,4554.807968001968,4570.65268645455,0.996533379466889,52.14173671119733,17.235700334821427,0.0026335129573388,0,0.31873634,0
2026-05-19 06:00:00-04:00,4544.5,4548.0,4528.60009765625,4547.89990234375,4535,0.0006378388573966,4554.1500569869,4569.760420410989,0.9965839864701956,42.5890186180589,16.449986049107142,0.0026243805298404,0,0.30592373,0
2026-05-19 07:00:00-04:00,4547.7001953125,4551.5,4533.10009765625,4534.0,3549,-0.0030610144015014,4552.231003940529,4568.358050983108,0.9964698373326696,32.83609961857327,17.107107979910715,0.0023098687069977,0,0.3247015,0
2026-05-19 08:00:00-04:00,4533.7998046875,4550.89990234375,4530.2998046875,4541.60009765625,6508,0.0016748422916512,4551.21853667536,4567.308719480094,0.996477097609779,32.96098782514284,17.742850167410715,0.0023430646069675,0,0.30734092,0
2026-05-19 09:00:00-04:00,4540.39990234375,4541.0,4467.10009765625,4506.7001953125,35176,-0.0077141726696785,4546.978694640802,4564.931914610776,0.9960671439780926,20.815098268253223,21.971400669642858,0.0028672190293323,0,0.33691046,0
2026-05-19 10:00:00-04:00,4506.60009765625,4517.0,4487.0,4496.89990234375,16526,-0.0021769729292557,4542.209285850607,4562.263992561089,0.9956042204608978,22.37288662470124,22.085693359375,0.0028909065695178,0,0.32253304,0
2026-05-19 11:00:00-04:00,4497.89990234375,4512.89990234375,4492.7998046875,4511.7001953125,7388,0.0032858171357081,4539.303658180311,4560.281098551341,0.9953999676954796,30.207823616025703,22.25,0.0029771251797079,0,0.27930775,0
2026-05-19 12:00:00-04:00,4512.0,4516.0,4499.5,4511.2001953125,4793,-0.0001108291079066,4536.627137907186,4558.356357247856,0.9952331021013484,34.1703238011318,22.114292689732142,0.0026958969709452,0,0.27660042,0
2026-05-19 13:00:00-04:00,4511.0,4514.60009765625,4502.60009765625,4504.60009765625,4982,-0.0014641182414872,4533.5769435975735,4556.248268636421,0.995024124300928,32.78966537316889,22.050013950892858,0.0026466566446709,0,0.2917124,0
2026-05-19 14:00:00-04:00,4504.5,4507.5,4493.10009765625,4496.7998046875,2427,-0.0017331292923051,4530.074358939472,4553.916956324699,0.9947643758957628,31.729487820968885,22.507149832589285,0.0025958227477513,0,0.2917124,0
2026-05-19 15:00:00-04:00,4496.39990234375,4500.7001953125,4484.7998046875,4487.0,3410,-0.002181662278217,4525.972039040474,4551.292761959025,0.9944365866484818,29.88692163753745,22.500034877232142,0.0025419057545886,0,0.2917124,0
2026-05-19 16:00:00-04:00,4486.89990234375,4491.89990234375,4484.2998046875,4485.39990234375,1485,-0.0003566710558219,4522.108026021738,4548.708728248622,0.9941520321884568,25.64697560516588,21.571463448660715,0.002437487792438,0,0.31022352,0
2026-05-19 18:00:00-04:00,4486.60009765625,4488.7998046875,4480.0,4487.60009765625,0,0.0004904035120014,4518.821556653596,4546.312311362646,0.9939531750512732,21.4678045800644,20.914306640625,0.0024462585199169,0,0.3304041,0
2026-05-19 19:00:00-04:00,4486.5,4499.5,4482.89990234375,4491.7998046875,2458,0.0009354093554468,4516.248056466348,4544.174566002837,0.993854437339309,26.864461131027426,20.428606305803573,0.0023859457912571,0,0.30823734,0
2026-05-19 20:00:00-04:00,4492.2001953125,4512.0,4482.2001953125,4503.89990234375,3532,0.0026901976161616,4515.072041788006,4542.595167427971,0.9939411009289764,34.03268090031533,21.757149832589285,0.0024998347125292,0,0.29986212,0
2026-05-19 21:00:00-04:00,4503.7998046875,4509.2998046875,4458.0,4484.2998046875,7224,-0.0043613024549574,4512.141352540339,4540.309074771482,0.9937960782476992,28.12939710456166,24.035714285714285,0.0026452256127223,0,0.27261263,0
2026-05-19 22:00:00-04:00,4484.0,4489.60009765625,4460.60009765625,4467.2001953125,4493,-0.0038205060993577,4507.861242328164,4537.442059890738,0.9934807283107684,27.52370750297648,24.792864118303573,0.0027349976049245,1,0.26683453,0
2026-05-19 23:00:00-04:00,4467.39990234375,4469.2001953125,4455.0,4467.10009765625,3805,-2.2407497615200115e-05,4503.979228549886,4534.683551567817,0.993229004258232,23.600393112609893,24.335728236607142,0.0026795789015493,1,0.26023677,0
2026-05-20 00:00:00-04:00,4465.7998046875,4472.5,4458.60009765625,4464.2001953125,2324,-0.0006493796760901,4500.190749193945,4531.919498381334,0.992998827715558,30.52256106447811,20.007149832589285,0.0025869487874129,1,0.30538568,0
2026-05-20 01:00:00-04:00,4464.0,4481.7998046875,4463.7998046875,4475.2001953125,3475,0.0024610164152442,4497.810696443331,4529.695211986478,0.9929610019988157,40.16335022399095,19.150006975446427,0.0026532836338636,1,0.30020916,0
2026-05-20 02:00:00-04:00,4474.7998046875,4481.10009765625,4463.60009765625,4476.7001953125,4796,0.0003351243755145,4495.800172526109,4527.616976038479,0.9929727263413064,31.958762881985336,18.964285714285715,0.0026633007095472,1,0.30356166,0
2026-05-20 03:00:00-04:00,4476.39990234375,4488.7001953125,4474.5,4480.89990234375,5645,0.0009376858295039,4494.381099175408,4525.784933932803,0.993061129678978,34.95512356896214,18.800013950892858,0.0026723947214107,1,0.30483398,0
2026-05-20 04:00:00-04:00,4481.10009765625,4492.7998046875,4479.10009765625,4486.5,5231,0.0012489904420986,4493.63051830156,4524.24434828838,0.9932333827198344,40.922692650423215,18.921421595982142,0.0026492333038504,1,0.30183843,0
2026-05-20 05:00:00-04:00,4486.2001953125,4494.2001953125,4475.10009765625,4487.5,8041,0.0002228660584218,4493.046659415698,4522.8033934535415,0.993420732353541,44.99469141223976,19.257149832589285,0.0026052608018263,1,0.30147663,0
2026-05-20 06:00:00-04:00,4487.5,4499.7998046875,4487.2998046875,4497.10009765625,5096,0.0021370124892367,4493.432701152893,4521.795421069334,0.9937275534880936,55.44775057235066,19.014264787946427,0.0020643804884516,1,0.25920182,0
2026-05-20 07:00:00-04:00,4497.5,4503.7001953125,4493.10009765625,4501.2001953125,5318,0.0009113049812767,4494.172462501427,4520.9877651573015,0.994068707094822,58.29849872712311,19.228550502232142,0.002016310117703,1,0.23256798,0
2026-05-20 08:00:00-04:00,4501.0,4508.10009765625,4495.2998046875,4499.0,9966,-0.0004889214258754,4494.632227977481,4520.125499857015,0.9943600521975904,55.987362085227545,19.514299665178573,0.0018685124773565,1,0.20259319,0
2026-05-20 09:00:00-04:00,4499.0,4509.0,4484.60009765625,4485.7001953125,11611,-0.0029605471774469,4493.781558199864,4518.775487914092,0.9944688710954822,47.07592482725316,20.071428571428573,0.0019718898085722,1,0.20717992,0
2026-05-20 10:00:00-04:00,4485.5,4540.5,4469.10009765625,4534.39990234375,26367,0.0107981462958834,4497.649971927853,4519.388210048589,0.9951900042416356,60.82332392434233,23.042864118303573,0.0031436471667277,0,0.2821738,0
2026-05-20 11:00:00-04:00,4534.7998046875,4558.39990234375,4526.5,4532.10009765625,14832,-0.0005073191941378,4500.930936282938,4519.886715444968,0.9958061384376612,69.33682558837904,21.657156808035715,0.0031131138912272,0,0.33288607,0
2026-05-20 12:00:00-04:00,4532.10009765625,4538.7998046875,4527.10009765625,4537.5,6808,0.0011907698076354,4504.413704255991,4520.577432486342,0.9964244107148365,81.41205217814615,20.421421595982142,0.0030572661352899,0,0.33152634,0
2026-05-20 13:00:00-04:00,4537.7001953125,4542.0,4533.0,4535.10009765625,6397,-0.0005290440169065,4507.336217913159,4521.146948767515,0.9969453037003982,79.77253291308689,20.049979073660715,0.0030602266303044,0,0.35178185,0
2026-05-20 14:00:00-04:00,4534.60009765625,4548.5,4532.2998046875,4545.60009765625,3543,0.0023125980274111,4510.980396936311,4522.105895782759,0.9975397526942428,83.41558258376921,20.214285714285715,0.0030853506220349,0,0.34543964,0
2026-05-20 15:00:00-04:00,4545.7998046875,4553.7998046875,4544.89990234375,4548.10009765625,3444,0.0005498312038637,4514.515606528687,4523.125276248386,0.9980965219413864,82.17137783044937,19.564278738839285,0.0030846258716353,0,0.3452263,0
2026-05-20 16:00:00-04:00,4548.39990234375,4553.2001953125,4544.5,4546.2001953125,2282,-0.0004178226603884,4517.533186412859,4524.030175035215,0.998563893614546,80.5630947782754,18.935721261160715,0.0030531194380786,0,0.3452263,0
2026-05-20 18:00:00-04:00,4548.0,4549.89990234375,4536.0,4541.2001953125,0,-0.0011004248277019,4519.787187260445,4524.703509163736,0.9989134488274568,76.3321179462735,18.914271763392858,0.0028628219211576,0,0.35164133,0
2026-05-20 19:00:00-04:00,4540.89990234375,4548.60009765625,4535.60009765625,4548.0,1374,0.0014962385710424,4522.4741218070685,4525.617097039668,0.9993055145485784,76.5775346813041,18.864292689732142,0.0026679821156447,0,0.3428483,0
2026-05-20 20:00:00-04:00,4548.2998046875,4554.60009765625,4538.7001953125,4547.0,2182,-0.0002199010454161,4524.8099197302045,4526.455642253798,0.9996364213738822,75.71322461017063,18.635707310267858,0.0026719238916461,0,0.3438179,0
2026-05-20 21:00:00-04:00,4548.0,4572.39990234375,4541.39990234375,4562.89990234375,5859,0.0034906900534816,4528.43753712197,4527.884828923992,1.0001220676361835,76.96734892294377,19.957135881696427,0.0027068234834412,0,0.34110582,0
2026-05-20 22:00:00-04:00,4562.60009765625,4566.7998046875,4533.2001953125,4535.2998046875,3748,-0.0060671744322254,4529.091086413926,4528.175612287267,1.0002021728406856,61.71815746666046,21.599958147321427,0.003120207268124,0,0.35061598,0
2026-05-20 23:00:00-04:00,4534.60009765625,4541.7001953125,4528.2998046875,4529.89990234375,2257,-0.0011913478261795,4529.16811650248,4528.243231505167,1.0002042480825406,60.39010293814667,21.642822265625,0.0031473046082551,0,0.34386215,0
2026-05-21 00:00:00-04:00,4529.39990234375,4541.60009765625,4528.39990234375,4540.0,1629,0.0022271694153063,4530.199724454625,4528.704281250063,1.000330214364129,68.65985193075886,20.842843191964285,0.0031679276124216,0,0.34552786,0
2026-05-21 01:00:00-04:00,4539.7998046875,4541.60009765625,4519.0,4528.89990234375,3253,-0.0024479492151965,4530.075931872637,4528.7119526655015,1.000301184800754,47.45132999049442,17.357142857142858,0.0032385246343535,0,0.34062475,0
2026-05-21 02:00:00-04:00,4528.0,4541.2001953125,4520.0,4523.10009765625,4701,-0.0012814417766573,4529.411566709172,4528.491879920041,1.0002030889782996,45.96048144031551,16.592878069196427,0.0032619581564181,0,0.34075493,0
2026-05-21 03:00:00-04:00,4522.89990234375,4525.7998046875,4513.2001953125,4520.7998046875,4691,-0.0005086949309905,4528.591398897584,4528.190229910922,1.0000885936690584,42.28983128246182,16.657156808035715,0.0032411792194323,1,0.33121356,0
2026-05-21 04:00:00-04:00,4520.89990234375,4538.2001953125,4519.2001953125,4534.2998046875,5113,0.0029817474317327,4529.135056591862,4528.429821078631,1.000155735109319,49.664868661135024,17.371442522321427,0.0032955900250794,0,0.34901282,0
2026-05-21 05:00:00-04:00,4533.7001953125,4544.2001953125,4528.7998046875,4531.7001953125,4265,-0.0005734854282479,4529.379355517637,4528.5580710485865,1.0001813567268356,43.76683263373104,17.314313616071427,0.0032967990788363,0,0.33108518,0
2026-05-21 06:00:00-04:00,4531.60009765625,4537.60009765625,4505.7001953125,4511.89990234375,7174,-0.0043788589484642,4527.714645691553,4527.90480953075,0.9999580018027772,35.94710783514161,18.957170758928573,0.0033860777780254,1,0.33915427,0
2026-05-21 07:00:00-04:00,4512.2998046875,4522.5,4508.7998046875,4515.0,3005,0.0006868576835162,4526.503727054263,4527.39873856876,0.9998023121959918,37.999924875715394,19.314313616071427,0.002322582181265,1,0.32140717,0
2026-05-21 08:00:00-04:00,4515.2001953125,4520.2001953125,4501.39990234375,4505.0,11145,-0.0022172958086475,4524.455753049095,4526.520356664103,0.9995438872572464,36.59252025083485,19.664341517857142,0.0023650195907632,1,0.3350561,0
2026-05-21 09:00:00-04:00,4505.10009765625,4522.2998046875,4488.2998046875,4513.7001953125,14316,0.0019293684950006,4523.431414217038,4526.017605238551,0.9994285945731808,37.47271481790472,21.164341517857142,0.0023950965995867,1,0.32009435,0
2026-05-21 10:00:00-04:00,4514.10009765625,4516.7001953125,4499.2001953125,4510.0,22074,-0.0008201060407148,4522.152231910653,4525.389463856647,0.999284651194809,36.74790662166184,21.278634207589285,0.0023976814395293,1,0.32328862,0
2026-05-21 11:00:00-04:00,4510.5,4517.0,4498.0,4513.0,13713,0.0006649673302772,4521.280590776305,4524.903602528936,0.9991993173621188,30.30795851416474,20.421491350446427,0.0023313938863829,1,0.32140875,0
2026-05-21 12:00:00-04:00,4513.2001953125,4522.39990234375,4513.10009765625,4520.7001953125,7374,0.0017047714692555,4521.225315017848,4524.738763030253,0.9992235025718806,43.165026877045335,18.692940848214285,0.0023691112286794,1,0.31794912,0
2026-05-21 13:00:00-04:00,4521.0,4561.2001953125,4515.0,4553.10009765625,16159,0.0071414487861519,4524.261008602458,4525.850972231273,0.9996486928892332,58.6696785621618,21.035784040178573,0.0028944365263264,0,0.3405344,0
2026-05-21 14:00:00-04:00,4553.0,4557.7998046875,4528.60009765625,4533.7001953125,5574,-0.0042699148640804,4525.15997876532,4526.158784901125,0.9997793258736,47.79881939000754,22.178606305803573,0.0030450747659396,0,0.27403256,0
2026-05-21 15:00:00-04:00,4533.39990234375,4545.0,4531.2998046875,4544.10009765625,3176,0.0022912834735403,4526.963799612075,4526.862365793482,1.0000224070913573,55.33713258450046,21.542898995535715,0.0030718431412188,0,0.33808368,0
2026-05-21 16:00:00-04:00,4543.89990234375,4545.89990234375,4540.7998046875,4544.2001953125,2517,2.202780564623318e-05,4528.605361107353,4527.542280676581,1.000234802982472,57.717626966224536,20.392892020089285,0.003071585754817,0,0.34324428,0
2026-05-21 18:00:00-04:00,4544.2001953125,4547.0,4540.39990234375,4544.10009765625,0,-2.202780564626063e-05,4530.081050302486,4528.191606832646,1.0004172622613825,58.66178749611755,19.96435546875,0.0029579543906532,0,0.34324428,0
2026-05-21 19:00:00-04:00,4544.39990234375,4545.7998046875,4532.7001953125,4536.0,934,-0.0017841432842804,4530.644759797488,4528.497818329405,1.0004740957275926,50.65847698752456,19.542898995535715,0.0026503629256936,0,0.3448903,0
2026-05-21 20:00:00-04:00,4536.2001953125,4541.89990234375,4526.5,4528.39990234375,1793,-0.0016769117689218,4530.430963849512,4528.49397848683,1.0004277327897275,48.769475561015305,19.542864118303573,0.002664113162215,0,0.3331999,0
2026-05-21 21:00:00-04:00,4527.60009765625,4537.2998046875,4521.7001953125,4526.7001953125,2528,-0.0003754143041781,4530.075652560273,4528.423634048621,1.0003648109464032,56.37940976467253,18.378557477678573,0.0026117977840466,0,0.3418299,0
2026-05-21 22:00:00-04:00,4526.89990234375,4530.39990234375,4519.39990234375,4523.7998046875,1882,-0.0006409349150409,4529.477952762866,4528.242307407009,1.0002728752730028,53.7995446047287,18.185686383928573,0.0025587155447818,0,0.3451193,0
2026-05-21 23:00:00-04:00,4523.89990234375,4530.5,4519.7001953125,4529.89990234375,1889,0.0013475372006401,4529.518138437236,4528.307311130018,1.0002673907100434,61.125874331825294,17.614222935267858,0.0025599947435385,0,0.35288948,0
2026-05-22 00:00:00-04:00,4530.60009765625,4533.7998046875,4526.60009765625,4528.10009765625,1152,-0.0003973956085638,4529.3830869342855,4528.299185111439,1.0002393617953536,56.85706445919519,15.699916294642858,0.0025587795444778,0,0.3504835,0
2026-05-22 01:00:00-04:00,4528.39990234375,4535.39990234375,4508.2001953125,4512.39990234375,2984,-0.0034733059225121,4527.765640782805,4527.675683826432,1.0000198682420418,51.02559500593444,16.392752511160715,0.0025806046754796,0,0.35245913,0
2026-05-22 02:00:00-04:00,4511.89990234375,4529.60009765625,4511.10009765625,4527.7001953125,4267,0.0033849863193689,4527.759407880872,4527.676645061179,1.0000182793132506,55.68449593064943,16.357038225446427,0.0027027585147502,0,0.35066956,0
2026-05-22 03:00:00-04:00,4527.2001953125,4528.2001953125,4516.7001953125,4522.7001953125,3594,-0.0011049236040141,4527.277578112456,4527.481490169074,0.9999549612611204,50.78988575406997,16.507045200892858,0.0025193231589627,0,0.35245913,0
2026-05-22 04:00:00-04:00,4522.7001953125,4531.89990234375,4516.89990234375,4522.89990234375,4597,4.4155618008056094e-05,4526.860656610674,4527.301820058277,0.9999025548847552,34.00420002392275,14.278459821428571,0.0025158024706696,0,0.3298784,0
2026-05-22 05:00:00-04:00,4522.39990234375,4536.7001953125,4515.0,4532.89990234375,5303,0.0022085302856397,4527.435822870967,4527.521352696924,0.9999811089072156,49.529242126250985,13.742780412946429,0.0024969884710595,0,0.3450742,0
2026-05-22 06:00:00-04:00,4532.89990234375,4537.60009765625,4511.39990234375,4515.5,5689,-0.0038459670171601,4526.299077835637,4527.049927100966,0.9998341415982992,34.456551155214555,14.635637555803571,0.0026300994871687,0,0.3434494,0
2026-05-22 07:00:00-04:00,4515.7001953125,4525.7998046875,4512.0,4521.5,3528,0.0013278744896813,4525.842022803671,4526.832282900928,0.9997812465681584,38.40648378503147,15.257045200892858,0.0026378360009565,0,0.3198035,0
2026-05-22 08:00:00-04:00,4521.10009765625,4537.39990234375,4515.7001953125,4529.5,10425,0.0017677609288077,4526.190401584274,4526.936899257755,0.999835098723465,43.10016198507577,16.335588727678573,0.0026610894466732,0,0.31419638,0
2026-05-22 09:00:00-04:00,4529.60009765625,4535.7001953125,4510.0,4514.5,10329,-0.0033171193618086,4525.077030004819,4526.449177718235,0.9996968600199532,40.46141847770846,17.235630580357142,0.0027454777851427,0,0.33678508,0
2026-05-22 10:00:00-04:00,4514.5,4515.0,4488.0,4501.39990234375,14962,-0.0029060009576778,4522.82206546567,4525.466853193745,0.9994155768202768,38.57869907091992,18.064208984375,0.0022270270456956,1,0.3374493,0
2026-05-22 11:00:00-04:00,4501.60009765625,4523.2001953125,4501.0,4521.0,7937,0.0043447705047492,4522.64853542132,4525.291682480265,0.9994159167531282,47.905888763575454,18.535679408482142,0.0023056617357686,0,0.32088745,0
2026-05-22 12:00:00-04:00,4521.2998046875,4528.39990234375,4512.7998046875,4516.2998046875,5715,-0.001040177008148,4522.043894399051,4524.939059821726,0.9993601758201824,47.28064584181138,18.8642578125,0.0022401592318349,0,0.32473665,0
2026-05-22 13:00:00-04:00,4516.5,4529.89990234375,4514.5,4520.2001953125,7341,0.0008632525573432,4521.868304009856,4524.753221997835,0.9993624142916891,46.426065518841625,19.192836216517858,0.0022545103759692,0,0.31741184,0
2026-05-22 14:00:00-04:00,4520.5,4522.7001953125,4513.5,4517.0,3408,-0.0007082271891961,4521.404656008917,4524.449174076352,0.9993270964154316,45.95185605496938,19.335728236607142,0.0022558427881955,0,0.3162825,0
2026-05-22 15:00:00-04:00,4516.89990234375,4517.7001953125,4505.60009765625,4510.0,3717,-0.0015509031578801,4520.318498293782,4523.882539798848,0.99921217196209,49.06546498048484,18.257184709821427,0.0022483518696513,1,0.33872142,0
2026-05-22 16:00:00-04:00,4510.10009765625,4523.2001953125,4505.39990234375,4523.2001953125,1621,0.0029225976227609,4520.592945628898,4523.85578119154,0.999278748987488,48.2185383301019,18.207205636160715,0.0023324077669383,0,0.32831103,0
2026-05-26 00:00:00-04:00,4542.7001953125,4543.60009765625,4523.89990234375,4526.10009765625,4458,0.0006409119708998,4521.117436298169,4523.943793601921,0.9993752448233886,51.36871321114768,18.842912946428573,0.0023361838677797,0,0.34116432,0
2026-05-26 01:00:00-04:00,4525.7998046875,4535.60009765625,4523.39990234375,4527.7998046875,3073,0.0003754640695282,4521.753852335249,4524.095009722924,0.999482513655738,51.94903567312338,18.642926897321427,0.0023327118137304,0,0.34116432,0
2026-05-26 02:00:00-04:00,4527.89990234375,4536.7001953125,4527.39990234375,4531.7998046875,5367,0.0008830412893261,4522.71060970213,4524.3971585450645,0.9996272323618298,49.54047978796222,17.757219587053573,0.0023213371198953,0,0.34307483,0
2026-05-26 03:00:00-04:00,4531.89990234375,4539.89990234375,4521.7998046875,4538.60009765625,5737,0.0014994475031048,4524.223894269189,4524.954136549424,0.999838618854866,60.58655829225364,17.178641183035715,0.0023420019976638,0,0.35288948,0
2026-05-26 04:00:00-04:00,4539.0,4539.60009765625,4520.2001953125,4524.7001953125,8306,-0.003067296192847,4524.269256273314,4524.944178069545,0.9998508441718458,51.36759341337958,17.578648158482142,0.0023108060200067,0,0.3523269,0
2026-05-26 05:00:00-04:00,4524.2998046875,4527.2001953125,4512.2998046875,4523.10009765625,8433,-0.0003536987159574,4524.1579078335935,4524.871861190592,0.9998422157844684,47.10676302099834,17.092982700892858,0.0021817723813384,0,0.3129313,0
2026-05-26 06:00:00-04:00,4523.0,4540.89990234375,4519.5,4534.89990234375,9571,0.0026053900115503,4525.180954929799,4525.265117706403,0.9999814015810312,59.49708351311438,16.785818917410715,0.0022442736379895,0,0.35096535,0
2026-05-26 07:00:00-04:00,4535.10009765625,4537.0,4503.0,4507.5,14849,-0.0060603349776176,4523.497054460294,4524.568446423799,0.9997632057120602,52.5061887334631,17.285818917410715,0.0026378362468118,0,0.34470683,0
2026-05-26 08:00:00-04:00,4507.10009765625,4524.2998046875,4500.2001953125,4520.7001953125,16727,0.0029242162187844,4523.2306869224085,4524.416750301788,0.9997378527565348,49.869990169098,17.421491350446427,0.002676381524195,0,0.3429191,0
2026-05-26 09:00:00-04:00,4520.60009765625,4532.2998046875,4512.60009765625,4514.60009765625,19814,-0.0013502813155718,4522.408726039917,4524.031783531375,0.9996412364967536,49.27176645727158,17.714320591517858,0.0025494096822048,0,0.3490153,0
2026-05-26 10:00:00-04:00,4515.10009765625,4525.60009765625,4508.2998046875,4515.60009765625,16707,0.000221479033124,4521.760285241473,4523.7011291833305,0.9995709610590016,47.97887265942835,17.850062779017858,0.0025307877889999,0,0.32562307,0
2026-05-26 11:00:00-04:00,4515.60009765625,4515.7998046875,4502.5,4506.7001953125,13472,-0.001972868324362,4520.325990962523,4523.034425894279,0.9994011907324316,45.690458284396094,18.142892020089285,0.0025264083987378,0,0.33207932,0
2026-05-26 12:00:00-04:00,4506.5,4512.0,4499.2998046875,4505.2001953125,7572,-0.000332893163225,4518.885438995854,4522.335044302837,0.9992372070460972,47.89482249960064,18.185756138392858,0.0024218332136451,0,0.32562307,0
2026-05-26 13:00:00-04:00,4504.89990234375,4508.89990234375,4487.39990234375,4490.0,20936,-0.0033796267899218,4516.134444805773,4521.0670033497845,0.9989089835341176,35.68957098168403,18.450020926339285,0.0024528007505308,1,0.34074092,0
2026-05-26 14:00:00-04:00,4490.0,4499.2001953125,4480.0,4498.7001953125,6964,0.0019358078121078,4514.474040092127,4520.189873622832,0.9987354881784812,38.75211968429726,18.364327566964285,0.0022743155782842,0,0.32246852,0
2026-05-26 15:00:00-04:00,4499.0,4509.7998046875,4497.2001953125,4508.7001953125,4716,0.0022203973787771,4513.924150113116,4519.739298002819,0.9987133886478202,42.65967587720162,18.392857142857142,0.0023306493391097,0,0.32134646,0
2026-05-26 16:00:00-04:00,4509.0,4511.7998046875,4504.2998046875,4507.2998046875,0,-0.0003106456602177,4513.293260072581,4519.251474735552,0.9986815925831348,40.392230447231086,18.264264787946427,0.0023202914442031,0,0.32480496,0
2026-05-26 18:00:00-04:00,4507.39990234375,4512.7001953125,4498.89990234375,4510.89990234375,1214,0.0007984072130681,4513.065321241264,4518.9239620927365,0.9987035318804612,38.857594037294064,17.957135881696427,0.0023254231738685,0,0.3261262,0
2026-05-26 19:00:00-04:00,4512.2998046875,4528.10009765625,4504.7001953125,4519.60009765625,1331,0.0019268474623325,4513.687680899834,4518.950477212875,0.9988353941164926,47.85892037368057,18.242850167410715,0.0023386562492291,0,0.32430127,0
2026-05-26 20:00:00-04:00,4517.39990234375,4525.7998046875,4513.60009765625,4514.60009765625,730,-0.0011069049616833,4513.774577733779,4518.779874093008,0.9988923345463396,46.5306398971065,18.049944196428573,0.0022553513375719,0,0.33055618,0
2026-05-26 21:00:00-04:00,4516.7998046875,4520.2998046875,4506.2001953125,4507.5,891,-0.0015739349032124,4513.17699890199,4518.337526089361,0.9988578703654668,38.370285624457935,17.528494698660715,0.002271624652261,0,0.3374493,0
2026-05-26 22:00:00-04:00,4508.60009765625,4508.60009765625,4497.7998046875,4505.2001953125,695,-0.0005103475512504,4512.417303322039,4517.822336647131,0.9988036197702488,48.75956007101304,15.871372767857142,0.0022683261255314,0,0.33095947,0
2026-05-26 23:00:00-04:00,4505.2998046875,4510.39990234375,4496.2001953125,4496.2998046875,407,-0.001977535638621,4510.882303452083,4516.978315785969,0.998650422493156,36.19908751898468,15.164236886160714,0.0022832471106387,1,0.3389901,0
2026-05-27 00:00:00-04:00,4496.0,4516.2001953125,4494.7998046875,4509.2998046875,858,0.0028870946064247,4510.731589284028,4516.677197703676,0.9986836322014176,47.21919077886293,15.285714285714286,0.0023634622464893,0,0.32283443,0
2026-05-27 01:00:00-04:00,4508.7998046875,4512.7998046875,4490.5,4496.5,1803,-0.0028425711394553,4509.376199828406,4515.88593504863,0.998558481034762,41.0831437466528,15.642822265625,0.0023502301121,1,0.3318734,0
2026-05-27 02:00:00-04:00,4496.39990234375,4497.7998046875,4478.5,4484.5,2862,-0.0026723097965123,4507.007037939987,4514.655114066331,0.9983059445443538,39.92742320886518,16.071393694196427,0.0024088192409877,1,0.33657163,0
2026-05-27 03:00:00-04:00,4485.2998046875,4520.60009765625,4479.5,4513.2001953125,24479,0.0063794729820676,4507.596862451655,4514.598058428926,0.9984492094563766,52.91117917854047,18.099958147321427,0.0027784684052472,0,0.34905434,0
2026-05-27 04:00:00-04:00,4513.10009765625,4529.5,4512.2001953125,4528.7001953125,6610,0.0034284861618218,4509.606703676497,4515.151083404753,0.9987720500098802,64.0522389053072,17.799944196428573,0.0025314252367283,0,0.36766246,0
2026-05-27 05:00:00-04:00,4528.5,4528.7001953125,4517.89990234375,4521.7998046875,7261,-0.0015248642532615,4510.767951391831,4515.411817572704,0.9989715520159644,58.49866702472182,17.199951171875,0.0024775439123182,0,0.36134654,0
2026-05-27 06:00:00-04:00,4521.60009765625,4522.2998046875,4472.7001953125,4476.2001953125,19486,-0.010135585629107,4507.475784146181,4513.874106895833,0.9985825207796828,40.52483529168039,19.842808314732142,0.0033551819887352,0,0.3318546,0
2026-05-27 07:00:00-04:00,4476.2998046875,4483.89990234375,4454.2998046875,4458.2998046875,16635,-0.0040070321956851,4502.792357531068,4511.6947224955065,0.9980268246164682,36.96815279731771,21.42138671875,0.0034442085756347,0,0.33915427,0
2026-05-27 08:00:00-04:00,4458.5,4496.5,4457.2998046875,4469.39990234375,23030,0.002486665936423,4499.612123703704,4510.036102097399,0.9976887150883678,39.386242273382976,23.235665457589285,0.0034972237332871,0,0.24064468,0
2026-05-27 09:00:00-04:00,4469.2001953125,4469.7001953125,4431.0,4458.2001953125,32963,-0.0025090086437643,4495.66813052359,4508.003321439167,0.9972637129930864,34.495012389516674,24.328543526785715,0.003528230884316,0,0.25787675,0
2026-05-27 10:00:00-04:00,4458.10009765625,4487.2001953125,4457.0,4465.60009765625,20310,0.001658464734067,4492.804508345748,4506.340449918268,0.9969962452409104,37.77447492548348,25.614292689732142,0.0034933237160199,0,0.23325203,0
2026-05-27 11:00:00-04:00,4465.39990234375,4473.0,4459.5,4468.0,11942,0.0005372755384718,4490.442174217582,4504.836902862649,0.996804606036698,39.90803255252264,25.571463448660715,0.0034606384103168,0,0.23433149,0
2026-05-27 12:00:00-04:00,4468.10009765625,4485.39990234375,4465.60009765625,4482.39990234375,9219,0.0032177142753844,4489.676243562932,4503.95702048936,0.9968292821486834,44.51389296533795,26.214285714285715,0.0035063931090405,0,0.23757134,0
2026-05-27 13:00:00-04:00,4482.39990234375,4485.89990234375,4472.7001953125,4481.89990234375,9843,-0.000111553609632,4488.935639637295,4503.092035464042,0.996856294360573,46.38919021837968,26.142857142857142,0.003506621531342,0,0.23866457,0
2026-05-27 14:00:00-04:00,4481.60009765625,4490.0,4479.0,4485.89990234375,2941,0.0008920806334634,4488.646521799814,4502.417834165208,0.99694135176418,43.8550645068654,25.399972098214285,0.0035082035338675,0,0.23975979,0
2026-05-27 15:00:00-04:00,4486.0,4486.7001953125,4480.7001953125,4483.0,3755,-0.0006466573328676,4488.108757818879,4501.656350472455,0.9969905315735276,46.26038780804628,24.235700334821427,0.0034700704509483,0,0.24686803,0
2026-05-27 16:00:00-04:00,4482.7998046875,4490.60009765625,4481.7998046875,4488.5,1578,0.0012261050413036,4488.146018978986,4501.140415159809,0.997113088021636,51.149425283240845,23.485735212053573,0.003484471720383,0,0.25354382,0
2026-05-27 18:00:00-04:00,4488.0,4502.0,4485.5,4488.0,0,-0.0001114019942108,4488.132112409558,4500.625104761385,0.9972241650746226,41.35794613096599,21.728585379464285,0.0034714284332588,0,0.32005605,0
2026-05-27 19:00:00-04:00,4487.7001953125,4488.2001953125,4473.2001953125,4477.7001953125,1841,-0.002297602862947,4487.1385964955525,4499.726088704566,0.9972026092342352,31.86339199816082,21.564313616071427,0.0035022506766888,0,0.34393266,0
2026-05-27 20:00:00-04:00,4477.39990234375,4488.7998046875,4474.0,4487.60009765625,1802,0.0022084940925776,4487.182548987047,4499.250559643848,0.9973177731498118,38.09195112705873,21.849993024553573,0.0035221337718403,0,0.3208942,0
2026-05-27 21:00:00-04:00,4487.89990234375,4489.5,4437.2998046875,4440.39990234375,6831,-0.0105736189663406,4482.727058830543,4496.942690730119,0.996838822978803,37.67205054635779,22.035749162946427,0.0041517445964031,0,0.33778358,0
2026-05-27 22:00:00-04:00,4441.60009765625,4443.2001953125,4423.0,4424.39990234375,6535,-0.0036097865099252,4477.172091546086,4494.09787549928,0.9962337749594932,38.171645474451296,21.364327566964285,0.0041753807382146,0,0.33038986,0
2026-05-27 23:00:00-04:00,4424.2001953125,4428.39990234375,4398.0,4405.2998046875,6196,-0.0043263368136316,4470.3271118452685,4490.615598212544,0.9954820255879058,28.81679204279908,20.735735212053573,0.0042302654100311,1,0.33487794,0
2026-05-28 00:00:00-04:00,4404.2001953125,4411.7998046875,4395.60009765625,4402.2001953125,3492,-0.0007038568272417,4463.838834080243,4487.148327510581,0.9948052768197057,30.446820695896733,19.128557477678573,0.0038707761958008,1,0.31486332,0
2026-05-28 01:00:00-04:00,4402.7001953125,4425.5,4396.10009765625,4417.10009765625,5287,0.0033789339346757,4459.387525849386,4484.401338104529,0.994422039784308,33.90834391452533,19.071393694196427,0.003867641863844,1,0.3117139,0
2026-05-28 02:00:00-04:00,4417.2001953125,4419.89990234375,4403.7998046875,4413.2998046875,4737,-0.000860729580857,4454.998219072064,4481.61304267641,0.99406132940285,32.01829855243008,19.257114955357142,0.003867986891087,1,0.31486332,0
2026-05-28 03:00:00-04:00,4413.60009765625,4426.0,4412.39990234375,4417.2001953125,5568,0.0008833907204912,4451.398407285439,4479.08704866214,0.993818239950266,26.977520454440903,18.814278738839285,0.0032687257253214,1,0.3078767,0
2026-05-28 04:00:00-04:00,4417.5,4424.7998046875,4415.60009765625,4416.7998046875,3734,-9.064763986285426e-05,4448.103302276112,4476.644411643527,0.99362444126829,26.996511300224483,18.528564453125,0.0031738092289113,1,0.3065958,0
2026-05-28 05:00:00-04:00,4416.2998046875,4429.0,4416.10009765625,4424.0,4114,0.0016288564526999,4445.807749678387,4474.579924912408,0.9935698600277916,28.61105393062749,18.664271763392858,0.0031373713391929,1,0.30531624,0
2026-05-28 06:00:00-04:00,4424.10009765625,4434.2998046875,4405.5,4413.60009765625,5963,-0.0023535591177378,4442.740354247708,4472.188559137657,0.993415258659034,27.201185726403608,20.292829241071427,0.0031323481992219,1,0.3226157,0
2026-05-28 07:00:00-04:00,4413.0,4421.0,4410.89990234375,4418.2001953125,3607,0.0010417124300016,4440.403196253878,4470.071368399415,0.993362930991377,26.768195076654607,20.385672433035715,0.0031129274619011,1,0.3078767,0
2026-05-28 08:00:00-04:00,4417.89990234375,4464.0,4409.7998046875,4461.89990234375,11792,0.0098422448655309,4442.450501595771,4469.750918750174,0.9938921837814542,43.29048016819621,23.078543526785715,0.0038817897010956,1,0.3005047,0
2026-05-28 09:00:00-04:00,4462.2998046875,4469.39990234375,4448.0,4460.60009765625,12835,-0.0002913543730332,4444.179034553912,4469.3920630210005,0.9943587342279284,45.3908213861322,23.535679408482142,0.003803970521925,1,0.3119489,0
2026-05-28 10:00:00-04:00,4460.10009765625,4511.39990234375,4450.60009765625,4500.2998046875,25430,0.0088607097961368,4449.52386980473,4470.604131321647,0.9952846951110642,52.94930091392572,26.821393694196427,0.0043151052776022,1,0.33238125,0
2026-05-28 11:00:00-04:00,4500.7001953125,4515.89990234375,4499.39990234375,4512.5,7872,0.0027073058380674,4455.5215964899935,4472.247106563936,0.996260155202651,69.99444827556329,24.271379743303573,0.0043492757358081,0,0.37658572,0
2026-05-28 12:00:00-04:00,4512.89990234375,4542.0,4507.5,4541.7998046875,10682,0.0064720425861066,4463.73856869928,4474.974663353096,0.9974891266433682,80.3202074127338,25.292794363839285,0.0045545491752887,0,0.38912952,0
2026-05-28 13:00:00-04:00,4541.89990234375,4545.39990234375,4531.5,4539.2001953125,7531,-0.0005725381447004,4470.925390281492,4477.49331166523,0.9985331253613206,87.80369450643092,24.114222935267858,0.0045603609635738,0,0.37928647,0
2026-05-28 14:00:00-04:00,4539.2001953125,4547.10009765625,4529.2998046875,4532.5,4776,-0.0014771644535363,4476.789638826112,4479.650436697966,0.9993613792164632,86.05414051657954,24.228550502232142,0.004581147574702,0,0.38793486,0
2026-05-28 15:00:00-04:00,4532.2001953125,4534.60009765625,4528.0,4528.7001953125,3487,-0.0008386979270587,4481.7335013486245,4481.573956643634,1.0000356001499773,82.90095323507177,22.599993024553573,0.0045458479386859,0,0.37612718,0
2026-05-28 16:00:00-04:00,4528.7001953125,4531.7001953125,4525.60009765625,4527.2998046875,1792,-0.0003092735503892,4486.07314928566,4483.367127155158,1.0006035691599091,84.09086926106355,21.885707310267858,0.0045328198211306,1,0.35134584,0
2026-05-28 18:00:00-04:00,4527.60009765625,4530.2998046875,4521.60009765625,4521.7001953125,0,-0.0012376196463133,4489.466201288216,4484.870384729957,1.001024737877355,80.93557208513127,21.535679408482142,0.0037524173959584,1,0.361175,0
2026-05-28 19:00:00-04:00,4522.5,4527.89990234375,4519.5,4525.60009765625,1243,0.0008621141023313,4492.907524751839,4486.4676283741255,1.0014354046236698,81.55480594002277,21.478550502232142,0.0035992047758949,1,0.43799874,0
2026-05-28 20:00:00-04:00,4525.5,4531.5,4522.5,4525.2998046875,2056,-6.63564887691165e-05,4495.99250379333,4487.990458817788,1.0017829906388995,80.6043511801102,21.199986049107142,0.003378546045772,1,0.4312921,0
2026-05-28 21:00:00-04:00,4526.0,4551.2001953125,4522.7001953125,4536.89990234375,5033,0.0025601077811124,4499.888446512417,4489.908476210963,1.0022227558433163,86.98271821179272,21.178571428571427,0.0033531672861983,1,0.41516772,0
2026-05-28 22:00:00-04:00,4536.60009765625,4541.39990234375,4528.39990234375,4531.7001953125,2334,-0.0011467497838856,4502.91813687433,4491.547367156121,1.0025315929653456,83.92133742015774,21.385707310267858,0.0033728389596778,1,0.4210288,0
2026-05-28 23:00:00-04:00,4532.0,4532.2001953125,4525.2001953125,4530.89990234375,1982,-0.0001766144290173,4505.583066919037,4493.0906038301455,1.002780371951156,77.73324958892817,18.014264787946427,0.0033533915936792,1,0.44010666,0
2026-05-29 00:00:00-04:00,4531.39990234375,4545.39990234375,4531.39990234375,4544.7001953125,2426,0.0030411881212543,4509.308507718414,4495.1145093784735,1.0031576500020916,80.71590855575546,17.521414620535715,0.0033734298803942,1,0.437141,0
2026-05-29 01:00:00-04:00,4544.60009765625,4547.0,4533.0,4545.7998046875,3525,0.0002419249503027,4512.7838693345175,4497.102168018044,1.0034870680564023,73.1434844271393,14.178571428571429,0.0033663894109932,1,0.45151058,0
2026-05-29 02:00:00-04:00,4546.10009765625,4554.89990234375,4540.7001953125,4554.39990234375,4965,0.0018900904361217,4516.747301049682,4499.3491379916,1.0038668177384091,72.12250894806313,14.014264787946429,0.0033676696951411,1,0.452214,0
2026-05-29 03:00:00-04:00,4554.2001953125,4557.2001953125,4541.2998046875,4555.5,5830,0.0002415169592179,4520.438034283046,4501.551132580165,1.0041956430453909,60.30089871850807,12.685721261160714,0.0032616316843527,1,0.43547955,0
2026-05-29 04:00:00-04:00,4555.0,4555.5,4540.0,4544.7001953125,3905,-0.0023735323456424,4522.748716285852,4503.243252687316,1.004331425708992,53.681382600112734,12.800013950892858,0.003378720417694,1,0.41880572,0
2026-05-29 05:00:00-04:00,4545.2001953125,4571.2001953125,4543.39990234375,4562.0,7602,0.0037993620360626,4526.4869337824375,4505.547438856442,1.004647491833159,67.29195048525196,13.514299665178571,0.002806922737142,1,0.452214,0
2026-05-29 06:00:00-04:00,4562.0,4574.39990234375,4556.39990234375,4569.60009765625,3657,0.00166457123173,4530.592949389467,4508.059307828983,1.0049985237597363,72.95165964975493,14.328578404017858,0.0027895727908535,0,0.452214,0
2026-05-29 07:00:00-04:00,4569.39990234375,4571.7001953125,4556.7001953125,4569.10009765625,4027,-0.0001094247518384,4534.260296843447,4510.4530642927975,1.0052782352928402,73.69638990598051,14.964285714285714,0.0021396665601075,0,0.43887365,0
2026-05-29 08:00:00-04:00,4569.2001953125,4569.2998046875,4543.39990234375,4554.0,6399,-0.0033103027005399,4536.140268572642,4512.160787261708,1.0053144119727804,66.53006146280399,16.19287109375,0.002270327739553,1,0.44474718,0
2026-05-29 09:00:00-04:00,4553.60009765625,4571.0,4547.5,4567.2998046875,8304,0.0029162102765452,4539.107843440723,4514.323101670563,1.005490245428155,69.46763258126946,17.271449497767858,0.0018802765853407,1,0.36890814,0
2026-05-29 10:00:00-04:00,4567.0,4604.10009765625,4556.10009765625,4595.2001953125,17995,0.0060901450172099,4544.449972190416,4517.49475240162,1.005966851378071,75.94665525226907,20.057163783482142,0.0022709324417157,0,0.44008988,0
2026-05-29 11:00:00-04:00,4596.10009765625,4627.10009765625,4587.2998046875,4602.10009765625,21304,0.0015004193444635,4549.940460330019,4520.8126090782725,1.0064430565410418,75.07699818903018,20.864327566964285,0.002223801027978,0,0.42671424,0
2026-05-29 12:00:00-04:00,4602.10009765625,4604.5,4590.5,4597.7001953125,6344,-0.0009565213459211,4554.4890065188265,4523.827808538439,1.0067777111061824,75.5417570458049,20.935756138392858,0.0022284158406415,0,0.42915988,0
2026-05-29 13:00:00-04:00,4597.7998046875,4599.2998046875,4582.39990234375,4584.39990234375,5782,-0.0028970065952993,4557.3376632640575,4526.203184766099,1.00687871870241,68.8778850525673,21.642892020089285,0.0023644968549695,0,0.42213845,0
2026-05-29 14:00:00-04:00,4584.2001953125,4592.7001953125,4581.60009765625,4584.2001953125,2820,-4.3563254838162206e-05,4559.895999649624,4528.477577336546,1.0069379657459974,65.41768947399768,21.400041852678573,0.0023297661479169,0,0.4323367,0
2026-05-29 15:00:00-04:00,4584.2998046875,4591.39990234375,4574.10009765625,4576.7998046875,4106,-0.0016156297859938,4561.505885843708,4530.372566644427,1.0068721322013348,61.53270456976056,21.6357421875,0.0023851491877069,0,0.40629888,0
2026-05-29 16:00:00-04:00,4576.89990234375,4593.0,4567.2998046875,4593.0,1797,0.0035333840459422,4564.505325287164,4532.828544423077,1.0069883033416431,63.59153693964488,22.457205636160715,0.0024695262783904,0,0.32776624,0
2026-05-31 18:00:00-04:00,4555.2998046875,4571.10009765625,4554.10009765625,4565.89990234375,1372,-0.0059177798715007,4564.638142149696,4534.125460419967,1.0067295627340016,53.09520003045255,24.100027901785715,0.00284081327854,0,0.27099654,0
2026-05-31 19:00:00-04:00,4566.2001953125,4576.39990234375,4565.89990234375,4570.7001953125,1950,0.0010507833021314,4565.215480546154,4535.559763749086,1.006538491022452,58.02464297914966,23.742885044642858,0.0028236001195151,0,0.2767285,0
2026-05-31 20:00:00-04:00,4570.5,4577.2998046875,4565.5,4571.39990234375,2361,0.0001530735881562,4565.804473098306,4536.96525938025,1.0063564986878464,53.2324090471646,22.599993024553573,0.0028208427472062,0,0.3084498,0
2026-05-31 21:00:00-04:00,4571.2001953125,4572.10009765625,4554.39990234375,4556.2001953125,3504,-0.0033304967173157,4564.889779975848,4537.71957059328,1.005987635189853,45.62096091749335,22.578578404017858,0.0028715436086689,0,0.28778252,0
2026-05-31 22:00:00-04:00,4556.10009765625,4565.7001953125,4551.39990234375,4552.0,2019,-0.0009222888210979,4563.66218188291,4538.279587432759,1.0055929992767392,44.54370674187528,22.528599330357142,0.0028808627491857,0,0.28652695,0
2026-05-31 23:00:00-04:00,4551.7001953125,4556.2998046875,4540.2998046875,4546.0,2803,-0.0013189713936782,4561.9800693226325,4538.582348709905,1.0051552927357104,47.28998365337495,21.821463448660715,0.0028633599287905,0,0.35223454,0
2026-06-01 00:00:00-04:00,4546.89990234375,4550.10009765625,4537.60009765625,4544.7001953125,1842,-0.0002859636042178,4560.334367035953,4538.822264262948,1.0047395781373472,41.66684670629552,21.035749162946427,0.002862552494255,0,0.35401052,0
2026-06-01 01:00:00-04:00,4544.7998046875,4555.39990234375,4542.7001953125,4548.2001953125,2089,0.0007698314118698,4559.17873163372,4539.190026264892,1.0044035841754075,28.866943589441945,18.514299665178573,0.002818183104894,0,0.35765505,0
2026-06-01 02:00:00-04:00,4548.10009765625,4548.60009765625,4529.10009765625,4531.7001953125,4367,-0.0036344051041067,4556.561728174556,4538.896307404013,1.0038920080068203,20.86103823945073,17.064278738839285,0.0027860927448174,0,0.43559635,0
2026-06-01 03:00:00-04:00,4531.60009765625,4540.2001953125,4522.10009765625,4532.7001953125,4450,0.0002206433875297,4554.289201235312,4538.65332261611,1.003445048014857,22.31695752449769,17.357142857142858,0.0027500751987302,0,0.40095735,0
2026-06-01 04:00:00-04:00,4533.0,4534.5,4519.60009765625,4527.39990234375,4106,-0.0011700298045896,4551.728315626592,4538.212012017194,1.0029783323418138,23.94890471548273,17.214285714285715,0.0027542903000397,0,0.40392736,0
2026-06-01 05:00:00-04:00,4527.60009765625,4536.2001953125,4518.60009765625,4525.60009765625,4864,-0.0003976150913977,4549.239913915131,4537.717427140295,1.0025392693484878,23.603675726912243,17.678571428571427,0.0026713142922658,0,0.38024935,0
2026-06-01 06:00:00-04:00,4525.89990234375,4540.89990234375,4525.89990234375,4534.10009765625,2940,0.0018764423349163,4547.798026652381,4537.575571082097,1.0022528452496595,30.954652166827685,17.535714285714285,0.0026146824547944,0,0.35671553,0
2026-06-01 07:00:00-04:00,4534.2001953125,4542.7998046875,4529.7001953125,4536.0,3192,0.0004189374650955,4546.67440506644,4537.513783980839,1.0020188635278513,20.85883750587604,16.635672433035715,0.0021427328557149,0,0.38732874,0
2026-06-01 08:00:00-04:00,4535.7998046875,4540.39990234375,4527.60009765625,4532.0,5394,-0.000882223259691,4545.27684267916,4537.297557158061,1.0017585986857993,27.30921331644926,14.771379743303571,0.0020823629475365,0,0.38133007,0
2026-06-01 09:00:00-04:00,4532.2998046875,4533.7998046875,4476.2001953125,4480.10009765625,21180,-0.0115179537616307,4539.069533629358,4535.054519530539,1.000885328738944,12.807632943666064,18.135637555803573,0.0031817608693104,1,0.39729685,0
2026-06-01 10:00:00-04:00,4479.10009765625,4494.89990234375,4476.0,4488.5,12274,0.001873180810477,4534.25338756942,4533.228852097969,1.0002260056804713,17.99219500964925,18.642787388392858,0.0032337595793594,1,0.35265085,0
2026-06-01 11:00:00-04:00,4489.0,4510.5,4485.0,4504.10009765625,9756,0.0034695445446244,4531.381645672927,4532.086548002216,0.9998444640626736,29.94605972575557,19.199916294642858,0.0033836487684004,1,0.3197278,0
2026-06-01 12:00:00-04:00,4504.7001953125,4513.10009765625,4493.10009765625,4510.60009765625,6521,0.0014420892510305,4529.40245062372,4531.243942106295,0.9995936013363872,34.341908434192135,19.607038225446427,0.0034176352676163,1,0.32141438,0
2026-06-01 13:00:00-04:00,4510.89990234375,4525.60009765625,4501.39990234375,4517.5,8859,0.0015285394739855,4528.268883897652,4530.70496398448,0.999462317651184,39.293732662015096,20.192766462053573,0.0033138785015356,1,0.3192629,0
2026-06-01 14:00:00-04:00,4517.39990234375,4520.2001953125,4514.7998046875,4516.7998046875,1632,-0.000155008208503,4527.176590639543,4530.159663619893,0.9993415082023916,39.471550703376586,19.685651506696427,0.0030911508245291,1,0.3188897,0
2026-06-01 15:00:00-04:00,4516.5,4518.2001953125,4509.10009765625,4511.10009765625,2675,-0.001262687413506,4525.645496069706,4529.412229660535,0.9991683835783012,36.22859006746508,19.428536551339285,0.0030716906236702,1,0.3346793,0
2026-06-01 16:00:00-04:00,4511.2001953125,4515.7001953125,4510.2001953125,4514.7998046875,1681,0.0008197979765972,4524.612573080924,4528.839193387083,0.9990667320861534,43.06789504812801,18.428536551339285,0.0030845275456242,1,0.3324194,0
2026-06-01 18:00:00-04:00,4515.7998046875,4517.89990234375,4509.5,4515.2998046875,0,0.0001107407497457,4523.72564275774,4528.308236967491,0.9989880118644884,42.8334124298017,17.735665457589285,0.0030208673855307,1,0.3292993,0
2026-06-01 19:00:00-04:00,4515.2998046875,4518.60009765625,4508.2001953125,4514.2998046875,1281,-0.0002214937643636,4522.827943893908,4527.7588866820015,0.9989109528772396,44.406406492925,17.414236886160715,0.0030191753619611,1,0.3292993,0
2026-06-01 20:00:00-04:00,4514.39990234375,4526.7998046875,4506.2998046875,4511.0,2641,-0.0007312343979578,4521.701473046869,4527.1016754395705,0.9988071391411422,43.84476987102396,17.621372767857142,0.0030127756175532,1,0.32947618,0
2026-06-01 21:00:00-04:00,4510.7001953125,4522.0,4492.2998046875,4503.60009765625,5185,-0.001641759795379,4519.977532533477,4526.1800449382645,0.9986296363946626,37.02116872205773,18.649972098214285,0.0030256216024699,1,0.33288366,0
2026-06-01 22:00:00-04:00,4503.7001953125,4516.39990234375,4502.0,4516.2001953125,3035,0.0027938769026116,4519.617786131479,4525.788678286274,0.9986365045755669,42.27772021842459,18.742850167410715,0.0031016157286813,1,0.31758234,0
2026-06-01 23:00:00-04:00,4515.7998046875,4530.0,4515.60009765625,4528.39990234375,3113,0.0026976791230376,4520.454178151696,4525.891079229705,0.998798711461935,48.68030571015855,18.857142857142858,0.0030720731273579,1,0.32752854,0
2026-06-02 00:00:00-04:00,4529.2998046875,4548.60009765625,4528.0,4547.7001953125,3902,0.0042529989429491,4523.049036928915,4526.746338683933,0.9991832319554949,82.56288190211146,16.214320591517858,0.0032186555319716,0,0.36171857,0
2026-06-02 01:00:00-04:00,4547.7001953125,4558.7998046875,4545.7001953125,4547.0,4575,-0.0001539787566046,4525.330081030923,4527.540599912014,0.9995117616656748,80.43716845361922,15.800013950892858,0.0032044587503821,0,0.36271203,0
2026-06-02 02:00:00-04:00,4546.89990234375,4568.7998046875,4546.89990234375,4566.0,6064,0.0041698732647302,4529.203406647025,4529.048811680171,1.0000341340915682,81.10563119948246,15.542864118303571,0.0033191320405034,0,0.36171857,0
2026-06-02 03:00:00-04:00,4565.7998046875,4571.2998046875,4558.0,4565.2001953125,4952,-0.0001751806273957,4532.6316722342135,4530.466512999086,1.0004779108793576,79.10474176465458,15.064278738839286,0.003304213088975,0,0.36271203,0
2026-06-02 04:00:00-04:00,4565.2001953125,4569.2998046875,4556.10009765625,4557.0,3327,-0.0017978551984625,4534.952465354765,4531.507041901084,1.0007603261832814,70.76769833219151,14.278529575892858,0.0033384921457631,0,0.37255606,0
2026-06-02 05:00:00-04:00,4557.10009765625,4565.89990234375,4550.89990234375,4559.39990234375,5891,0.0005265022212489,4537.280792687049,4532.600879565503,1.0010325005986398,72.0043380561199,14.964215959821429,0.0033286163159854,0,0.36271203,0
2026-06-02 06:00:00-04:00,4559.7001953125,4563.5,4554.10009765625,4563.10009765625,2316,0.0008112240099577,4539.739774112688,4533.796927333767,1.001310788037967,77.42621683121317,14.985630580357142,0.0018278088142622,0,0.4199351,0
2026-06-02 07:00:00-04:00,4563.0,4564.2001953125,4555.2001953125,4557.2998046875,2262,-0.001271938470428,4541.412157976955,4534.718608798619,1.0014760671511898,71.92973614746957,15.235630580357142,0.0018759516396884,0,0.45604938,0
2026-06-02 08:00:00-04:00,4557.5,4563.7998046875,4542.7998046875,4544.0,7081,-0.002922618623674,4541.658619122007,4535.082584924164,1.0014500362616776,63.08119607858482,16.135637555803573,0.0019337617447207,0,0.46645972,0
2026-06-02 09:00:00-04:00,4544.2998046875,4554.39990234375,4532.10009765625,4532.10009765625,8375,-0.0026222516355165,4540.748283744316,4534.965624639148,1.0012751274395002,57.379883307980535,16.985630580357142,0.0020339806272575,0,0.382936,0
2026-06-02 10:00:00-04:00,4532.0,4536.7998046875,4519.39990234375,4533.7001953125,9964,0.0003529964528573,4540.077037227,4534.915999959671,1.0011380667838996,59.54588760243072,16.764195033482142,0.0020115788823542,0,0.3418112,0
2026-06-02 11:00:00-04:00,4533.39990234375,4538.2001953125,4529.5,4531.7001953125,5302,-0.0004412381022942,4539.279242758953,4534.789889973507,1.0009899803286082,62.37884438397874,15.264195033482142,0.0020150952799823,0,0.35082603,0
2026-06-02 12:00:00-04:00,4531.7001953125,4532.7998046875,4515.60009765625,4521.2998046875,5675,-0.0022976682206002,4537.566915323576,4534.260867021115,1.0007291261794191,52.2909135511385,15.464181082589286,0.002066318583663,0,0.35054818,0
2026-06-02 13:00:00-04:00,4521.2001953125,4522.7001953125,4511.2998046875,4514.0,5045,-0.0016158415179526,4535.322447197521,4533.466323216366,1.0004094271025352,43.2331844887564,15.249930245535714,0.0020940532060859,0,0.3303507,0
2026-06-02 14:00:00-04:00,4514.2998046875,4520.2001953125,4508.0,4516.89990234375,3235,0.0006422178243095,4533.567919116209,4532.8166596527335,1.0001657378887971,32.88881895745473,14.649937220982142,0.0020990171965656,0,0.32667598,0
2026-06-02 15:00:00-04:00,4517.0,4520.2001953125,4513.2001953125,4517.7001953125,1853,0.0001771617918208,4532.05670732538,4532.223857129588,0.9999631196936698,33.74050268814472,14.214250837053571,0.0020985188559651,0,0.32667598,0
2026-06-02 16:00:00-04:00,4517.7998046875,4521.0,4516.10009765625,4519.2001953125,990,0.0003319722358191,4530.832277609868,4531.713125293623,0.9998056258947992,17.768989679529525,12.999965122767858,0.0020914710515891,0,0.35170332,0
2026-06-02 18:00:00-04:00,4520.0,4522.7001953125,4512.89990234375,4514.0,0,-0.0011513518519497,4529.229203551785,4531.018492929167,0.9996051021684916,16.75354157642863,12.75,0.0020728814979715,0,0.37731522,0
2026-06-02 19:00:00-04:00,4514.2001953125,4517.60009765625,4490.5,4502.89990234375,5432,-0.0024620664271878,4526.721651055782,4529.915803102288,0.9992948760671624,16.14549276469917,13.742885044642858,0.0020484527867511,0,0.37731522,0
2026-06-02 20:00:00-04:00,4502.60009765625,4525.10009765625,4502.60009765625,4514.39990234375,3074,0.002550654072471,4525.548151178446,4529.307336405876,0.9991700308792882,24.719378514166834,14.278599330357142,0.0020379419090289,0,0.33478114,0
2026-06-02 21:00:00-04:00,4514.2001953125,4516.0,4491.2001953125,4504.0,5957,-0.0023063752032378,4523.495946304308,4528.31489184094,0.9989358192502658,19.122426589717705,15.378592354910714,0.00180583844404,0,0.34840924,0
2026-06-02 22:00:00-04:00,4504.0,4513.10009765625,4500.7998046875,4509.7998046875,2927,0.0012868724874222,4522.191551864612,4527.588809991785,0.9988079177783852,25.182913758982195,15.614327566964286,0.0018478974928606,0,0.30716577,0
2026-06-02 23:00:00-04:00,4510.10009765625,4515.5,4510.10009765625,4512.0,1264,0.0004877508709461,4521.220927877506,4526.977484109754,0.9987283885876496,31.0876014308311,14.521484375,0.0015222404432454,0,0.32059437,0
2026-06-03 00:00:00-04:00,4512.39990234375,4516.10009765625,4496.39990234375,4497.5,1742,-0.0032188273532066,4518.961791889173,4525.821504340744,0.9984843166163332,30.160649986478475,14.335797991071429,0.0016266374511255,0,0.33870107,0
2026-06-03 01:00:00-04:00,4497.2001953125,4502.2001953125,4484.7998046875,4485.7998046875,3961,-0.0026048784261349,4515.803507393775,4524.252025922969,0.998132615406749,25.38540286278128,14.335832868303571,0.0016636648652788,0,0.348422,0
2026-06-03 02:00:00-04:00,4485.39990234375,4499.2998046875,4483.7001953125,4491.7001953125,4252,0.0013144843162554,4513.507953862226,4522.975483546088,0.9979067917307304,30.237382993018585,14.828648158482142,0.0017052294860723,0,0.32096863,0
2026-06-03 03:00:00-04:00,4491.39990234375,4500.5,4481.10009765625,4481.60009765625,4607,-0.002251145418477,4510.4691104140375,4521.352919393546,0.9975927981793185,30.32737302683566,14.985804966517858,0.001695315386238,0,0.32761705,0
2026-06-03 04:00:00-04:00,4481.7998046875,4487.7998046875,4468.2001953125,4472.2998046875,5944,-0.0020773733043224,4506.8339384400815,4519.429267836446,0.9972130707994477,29.73778363661424,15.571463448660714,0.0017140509883676,0,0.33071333,0
2026-06-03 05:00:00-04:00,4472.2998046875,4487.5,4467.2001953125,4471.2998046875,6054,-0.0002236236074609,4503.44973522555,4517.541837909037,0.99688058169927,27.42602162529377,16.150006975446427,0.0016550888688212,0,0.30716246,0
2026-06-03 06:00:00-04:00,4471.7001953125,4496.0,4469.5,4487.7001953125,4638,0.0036612141857129,4501.949779043355,4516.371577415055,0.996806773285923,37.13567838750103,17.542864118303573,0.001874139240831,0,0.26653093,0
2026-06-03 07:00:00-04:00,4487.7998046875,4496.5,4487.0,4490.60009765625,2303,0.0006459802746545,4500.868857006488,4515.360931150004,0.996790494854234,37.88146498658841,17.871442522321427,0.001882221483033,0,0.2661953,0
2026-06-03 08:00:00-04:00,4490.89990234375,4495.60009765625,4476.2998046875,4488.60009765625,5977,-0.0004454739819964,4499.700403735036,4514.311486699268,0.9967633861758806,38.937447095156735,18.550013950892858,0.0018822174139541,0,0.19399436,0
2026-06-03 09:00:00-04:00,4488.5,4494.5,4454.0,4475.2001953125,12532,-0.0029897837719242,4497.367050551938,4512.777710566454,0.9965851054488164,38.17273572136747,19.507149832589285,0.0019233506187478,0,0.19881256,0
2026-06-03 10:00:00-04:00,4473.89990234375,4488.2998046875,4470.5,4485.2998046875,7807,0.0022542522519707,4496.217789041039,4511.700145630024,0.9965683985882836,37.42440547330492,19.171421595982142,0.0019996623683417,0,0.21582255,0
2026-06-03 11:00:00-04:00,4485.7001953125,4486.5,4464.7998046875,4469.7998046875,4959,-0.0034617181616714,4493.701790531178,4510.056995004828,0.9963736146811972,35.84438156415631,18.950020926339285,0.0021037015875351,1,0.25649044,0
2026-06-03 12:00:00-04:00,4470.0,4472.10009765625,4461.10009765625,4469.39990234375,4378,-8.947162097791735e-05,4491.387324989518,4508.462599214197,0.9962126170842238,32.49584286716346,18.857142857142858,0.0020998648921943,1,0.24345347,0
2026-06-03 13:00:00-04:00,4469.89990234375,4476.7998046875,4463.39990234375,4467.2001953125,4622,-0.0004922917108604,4489.083788829802,4506.844465727857,0.9960591768735052,30.58940509064459,19.407121930803573,0.0020899685213658,1,0.24345347,0
2026-06-03 14:00:00-04:00,4467.10009765625,4470.89990234375,4462.0,4470.10009765625,2389,0.000648943719123,4487.275818241845,4505.403510117206,0.9959764554196636,36.80162571299127,18.635672433035715,0.0021027347699207,1,0.24345216,0
2026-06-03 15:00:00-04:00,4469.7998046875,4480.0,4469.5,4472.0,3531,0.0004249342663556,4485.820978409288,4504.093568543982,0.9959431148894624,42.6596783513592,18.142787388392858,0.0020587664464708,1,0.2959134,0
2026-06-03 16:00:00-04:00,4471.89990234375,4473.60009765625,4458.60009765625,4462.7001953125,2452,-0.0020817280586183,4483.618999066737,4502.470299005492,0.995813120645589,35.11284678200289,18.099958147321427,0.0019748000924278,1,0.27966487,0
2026-06-03 18:00:00-04:00,4462.60009765625,4479.2001953125,4450.10009765625,4475.2998046875,0,0.0028193371494373,4482.826694840143,4501.404789424394,0.9958728229400968,46.84666630166629,18.792829241071427,0.0020687709239709,1,0.2405355,0
2026-06-03 19:00:00-04:00,4475.5,4491.2001953125,4471.5,4483.5,2582,0.0018306464663482,4482.890819141082,4500.702640819516,0.9960424353484524,55.668182259582295,18.800013950892858,0.002094409862517,1,0.26387724,0
2026-06-03 20:00:00-04:00,4484.0,4491.7998046875,4470.60009765625,4475.60009765625,2142,-0.0017635486388362,4482.196464713955,4499.718227362134,0.9961060311417652,52.03422166714282,18.864292689732142,0.0021107064476239,1,0.27262765,0
2026-06-03 21:00:00-04:00,4475.0,4500.7998046875,4470.0,4492.5,4079,0.0037688969044479,4483.1777537888165,4499.435159622442,0.9963867896176128,52.25983244825883,19.171421595982142,0.0021969953027116,1,0.3015711,0
2026-06-03 22:00:00-04:00,4492.10009765625,4504.2001953125,4482.5,4502.0,3216,0.0021124028089635,4484.970348666072,4499.535741598033,0.9967629120495022,55.05322256698388,20.042864118303573,0.0021618452301605,1,0.31689534,0
2026-06-03 23:00:00-04:00,4501.7001953125,4504.2001953125,4485.10009765625,4490.60009765625,2333,-0.0025353976217617,4485.506515236565,4499.185324188552,0.9969597142668368,50.81834237136656,20.028564453125,0.0022259837656732,1,0.3535263,0
2026-06-04 00:00:00-04:00,4490.60009765625,4511.2001953125,4489.10009765625,4508.10009765625,3061,0.0038894555172711,4487.658284990821,4499.5349231480695,0.9973604742800976,63.02467727081972,18.714285714285715,0.0023223212414439,0,0.3632935,0
2026-06-04 01:00:00-04:00,4508.2001953125,4509.60009765625,4493.5,4496.0,2816,-0.0026876877886598,4488.452734039314,4499.39629871089,0.9975677704418456,54.17002846156447,18.592878069196427,0.002358854816734,1,0.34851503,0
2026-06-04 02:00:00-04:00,4495.7998046875,4504.2998046875,4489.7998046875,4494.7001953125,3389,-0.000289144264255,4489.047730351046,4499.212137793306,0.9977408472570388,60.91178307494003,18.078578404017858,0.0023596134496944,1,0.35387218,0
2026-06-04 03:00:00-04:00,4495.0,4497.7001953125,4486.2001953125,4488.5,2587,-0.0013803981125288,4488.995565555709,4498.792053958275,0.9978224180435398,57.96508288775957,18.114292689732142,0.0022436985881997,1,0.35976145,0
2026-06-04 04:00:00-04:00,4488.39990234375,4496.10009765625,4485.39990234375,4490.2001953125,2898,0.0003787174748766,4489.110292199212,4498.455118325108,0.9979226588061691,59.631538045598674,17.921456473214285,0.0022404981994483,1,0.35230184,0
2026-06-04 05:00:00-04:00,4489.89990234375,4503.2998046875,4487.7001953125,4498.2001953125,3809,0.0017800724855965,4489.975997257621,4498.445121344222,0.9981173219060924,61.28522403468117,18.400006975446427,0.0022724805560167,1,0.34955844,0
2026-06-04 06:00:00-04:00,4497.89990234375,4501.7001953125,4491.89990234375,4501.60009765625,2386,0.0007555506555282,4491.083054438444,4498.568845905478,0.9983359615638988,61.746116010763984,18.350027901785715,0.0021551612013558,1,0.34540492,0
2026-06-04 07:00:00-04:00,4501.60009765625,4542.39990234375,4496.39990234375,4539.2001953125,9500,0.0083179172697978,4495.665639283592,4500.162232156734,0.9990007931622976,74.78940272607367,20.564313616071427,0.0027810526993792,0,0.35665378,0
2026-06-04 08:00:00-04:00,4539.10009765625,4541.89990234375,4518.7998046875,4531.60009765625,9388,-0.0016757285331495,4499.087968652417,4501.395089627304,0.999487465345976,68.85471616631551,20.1357421875,0.0026703287975791,0,0.3532712,0
2026-06-04 09:00:00-04:00,4531.60009765625,4543.2001953125,4523.2998046875,4523.7001953125,7856,-0.0017448133341467,4501.431990239091,4502.269799654175,0.9998139139917496,63.48999842104792,20.150041852678573,0.0027208246750971,0,0.3659137,0
2026-06-04 10:00:00-04:00,4523.39990234375,4528.0,4483.7998046875,4493.10009765625,15279,-0.0067873778140711,4500.638476659773,4501.910203497393,0.9997175139484942,55.09609204367022,21.792933872767858,0.0031797188253171,0,0.34281525,0
2026-06-04 11:00:00-04:00,4493.2001953125,4506.60009765625,4490.60009765625,4504.89990234375,9260,0.002622763158841,4501.044326724914,4502.027446589407,0.9997816273054404,53.72145710091149,20.735804966517858,0.0032218294070548,0,0.33808368,0
2026-06-04 12:00:00-04:00,4504.89990234375,4513.2001953125,4502.7998046875,4510.7998046875,7936,0.0013088064992552,4501.973419864207,4502.371460632469,0.9999115930856124,52.69932658673135,19.928676060267858,0.0032284216628102,0,0.33981866,0
2026-06-04 13:00:00-04:00,4510.5,4510.5,4502.0,4506.0,4630,-0.0010646360670814,4502.356903686664,4502.513756293942,0.9999651633252516,54.92324550642115,19.192940848214285,0.003194575312448,0,0.348131,0
2026-06-04 14:00:00-04:00,4506.10009765625,4508.7998046875,4500.0,4505.89990234375,2237,-2.221455127973208e-05,4502.694332130196,4502.646546335111,1.0000106128239457,49.20856283227396,18.242919921875,0.0031480385124846,0,0.3412428,0
2026-06-04 15:00:00-04:00,4506.10009765625,4511.2998046875,4503.89990234375,4508.89990234375,2341,0.000665572209199,4503.285338817202,4502.891775982509,1.0000874022415531,54.96532410556519,17.621477399553573,0.0031297431165752,0,0.35363945,0
2026-06-04 16:00:00-04:00,4508.5,4509.2998046875,4502.2998046875,4502.39990234375,1315,-0.0014426334198603,4503.201011534015,4502.872486820204,1.000072958920061,52.84963044069861,17.085763113839285,0.0031195073320739,0,0.36111167,0
2026-06-04 18:00:00-04:00,4503.0,4508.7001953125,4496.0,4496.89990234375,0,-0.0012223174700575,4502.600905896848,4502.638267821128,0.9999917022149998,53.12496593464439,17.171491350446427,0.003025495832253,0,0.35925075,0
2026-06-04 19:00:00-04:00,4497.0,4501.10009765625,4487.7001953125,4488.39990234375,1953,-0.001891979726955,4501.248429367981,4502.0799005475055,0.9998153139886692,49.36250116221096,17.364327566964285,0.0030142333923294,0,0.35590988,0
2026-06-04 20:00:00-04:00,4488.2001953125,4493.89990234375,4477.5,4485.7998046875,3027,-0.0005794606346829,4499.777131779364,4501.44146541574,0.9996302665159232,45.43431204991157,17.421491350446427,0.0029641229155942,0,0.3292993,0
2026-06-04 21:00:00-04:00,4485.7998046875,4497.0,4470.7001953125,4473.2998046875,5576,-0.0027904607954206,4497.255481580139,4500.337870877378,0.999315076026361,40.2345369036626,18.600027901785715,0.0028713445434195,0,0.32896754,0
2026-06-04 22:00:00-04:00,4473.39990234375,4481.60009765625,4464.5,4467.10009765625,4431,-0.0013868972512914,4494.383540254054,4499.034428790274,0.9989662474004516,18.237705797352035,16.535749162946427,0.0028309476493196,1,0.3867157,0
2026-06-04 23:00:00-04:00,4466.7001953125,4470.10009765625,4461.2001953125,4468.39990234375,2258,0.0002909304899933,4491.9089080721205,4497.83307481198,0.9986828842597484,20.52208213119735,15.521449497767858,0.0028342761973493,1,0.36225262,0
2026-06-05 00:00:00-04:00,4468.7001953125,4472.89990234375,4463.7998046875,4471.0,1908,0.000581716392146,4489.917583493823,4496.780797368372,0.9984737495146384,24.14107048400893,14.75,0.0028286243085444,1,0.34442762,0
2026-06-05 01:00:00-04:00,4471.0,4476.10009765625,4464.89990234375,4465.89990234375,2702,-0.0011413573533635,4487.630185289055,4495.5697818772105,0.998233906496088,32.198688527071695,12.392857142857142,0.0028328070445856,1,0.34964415,0
2026-06-05 02:00:00-04:00,4466.39990234375,4483.2001953125,4454.7998046875,4479.7001953125,5810,0.0030853835999502,4486.87494814843,4494.947445149182,0.9982040953538924,33.9287382462161,13.278599330357142,0.0028968694050578,0,0.336974,0
2026-06-05 03:00:00-04:00,4479.89990234375,4494.2001953125,4478.7001953125,4487.7001953125,3762,0.0017842410896936,4486.953543116437,4494.663239273234,0.9982846999327044,35.65241653106666,13.642857142857142,0.0029238483256478,0,0.33697242,0
2026-06-05 04:00:00-04:00,4487.2998046875,4495.39990234375,4485.5,4489.7998046875,2190,0.0004677492427247,4487.224615647014,4494.472516348304,0.9983873745639948,39.58853727933094,13.721435546875,0.0021515107981575,0,0.32450613,0
2026-06-05 05:00:00-04:00,4489.60009765625,4496.60009765625,4485.7998046875,4491.89990234375,4905,0.0004676392582748,4487.669881046703,4494.371629524596,0.9985088575155052,41.22804869863495,13.864327566964286,0.002145709559899,0,0.32236418,0
2026-06-05 06:00:00-04:00,4491.60009765625,4495.0,4488.7001953125,4493.7001953125,1918,0.0004007062351479,4488.244196691065,4494.345298771181,0.9986424936949584,40.33098717700254,13.785749162946429,0.0021306197147005,0,0.32450613,0
2026-06-05 07:00:00-04:00,4493.2001953125,4502.2001953125,4484.7998046875,4497.0,3213,0.0007340484642985,4489.078082720487,4494.449404701722,0.9988048987767854,46.41915825558428,14.528634207589286,0.0015025877810433,0,0.3176281,0
2026-06-05 08:00:00-04:00,4497.39990234375,4502.7998046875,4430.10009765625,4432.10009765625,19016,-0.0145369733873819,4483.6516079524645,4492.004333837194,0.9981405347671172,25.964429308709924,18.814313616071427,0.0035101978440061,0,0.35105005,0
2026-06-05 09:00:00-04:00,4432.0,4446.60009765625,4390.0,4390.5,26144,-0.0094304185832752,4474.780026242706,4488.023771725932,0.9970490919485188,20.84575363565389,21.900041852678573,0.003960761946834,0,0.3971487,0
2026-06-05 10:00:00-04:00,4390.39990234375,4404.2001953125,4369.39990234375,4394.60009765625,28089,0.0009334208849905,4467.143842567806,4484.360098233004,0.996160822215865,23.081534943081493,23.21435546875,0.0039934439821504,0,0.30413857,0
2026-06-05 11:00:00-04:00,4394.60009765625,4397.2998046875,4358.7998046875,4360.39990234375,12096,-0.0078127628270054,4456.977753022657,4479.498914080485,0.9949723927854884,20.460532533959565,24.085797991071427,0.0042395762075086,0,0.3640827,0
2026-06-05 12:00:00-04:00,4360.2998046875,4370.2998046875,4347.5,4369.10009765625,11479,0.0019932867158779,4448.608452511571,4475.169548730515,0.994064784377504,24.690159244003908,24.492919921875,0.0042877196546365,0,0.30915603,0
2026-06-05 13:00:00-04:00,4369.2998046875,4372.0,4360.2001953125,4366.2001953125,9819,-0.0006639502599847,4440.76004706404,4470.896240753338,0.993259473701358,23.82188802918916,24.700055803571427,0.0042925156996237,0,0.3122913,0
2026-06-05 14:00:00-04:00,4366.7998046875,4366.7998046875,4339.7998046875,4346.7001953125,9937,-0.0044761288856307,4431.8019659448455,4466.025807598796,0.9923368464204304,20.69791105388012,25.978620256696427,0.0043413892640234,0,0.34035304,0
2026-06-05 15:00:00-04:00,4347.39990234375,4349.5,4338.2998046875,4343.5,6585,-0.0007365067283228,4423.392254902479,4461.220873967471,0.9915205679939022,20.88498946412628,25.978620256696427,0.0043463653374675,0,0.33152536,0
2026-06-05 16:00:00-04:00,4343.7001953125,4365.2998046875,4336.60009765625,4365.2998046875,4141,0.0050063959923098,4417.859640596291,4457.4592634074725,0.9911160998965788,23.78545182605841,26.0,0.0045907544959779,0,0.35660055,0
2026-06-07 18:00:00-04:00,4342.2001953125,4354.7001953125,4337.2998046875,4341.39990234375,2919,-0.0054900164648073,4410.577760762715,4452.907915914778,0.9904938175342064,18.75262025972616,26.892857142857142,0.0046739134173554,0,0.37152007,0
2026-06-07 19:00:00-04:00,4341.5,4371.0,4341.39990234375,4367.89990234375,2778,0.0060854678045908,4406.513202818052,4449.574268323757,0.9903224302126488,26.421726867587125,28.300013950892858,0.0049722699386247,0,0.32923847,0
2026-06-07 20:00:00-04:00,4367.0,4377.5,4363.10009765625,4366.0,3579,-0.0004350639221794,4402.654802549666,4446.296846036551,0.9901846311665432,25.629159978119347,28.55712890625,0.0049640486988851,0,0.30628875,0
2026-06-07 21:00:00-04:00,4365.60009765625,4369.5,4323.60009765625,4349.60009765625,8305,-0.0037633488264014,4397.601973512198,4442.504816688304,0.9898924491860024,23.598360346544524,31.385707310267858,0.0049789082138123,0,0.30507442,0
2026-06-07 22:00:00-04:00,4350.2001953125,4354.7998046875,4331.0,4334.5,4973,-0.0034776459747927,4391.592261749132,4438.26933368092,0.989483046561062,21.461206792000667,31.842808314732142,0.0050004633811269,0,0.28350905,0
2026-06-07 23:00:00-04:00,4334.89990234375,4341.10009765625,4327.39990234375,4339.7998046875,2880,0.0012219557696397,4386.659646790881,4434.407783524315,0.9892323532105372,29.497944705923445,27.628557477678573,0.0049274899268013,0,0.33669344,0
2026-06-08 00:00:00-04:00,4342.0,4346.39990234375,4331.7998046875,4337.2001953125,2225,-0.000599195448376,4381.949222840559,4430.5957212415,0.9890203256036844,35.67976448835833,24.628557477678573,0.0048701686902893,0,0.3626843,0
2026-06-08 01:00:00-04:00,4337.10009765625,4340.10009765625,4293.0,4317.5,8600,-0.0045524926091252,4375.811201617648,4426.160594918303,0.9886245895916064,30.88740464730742,25.507114955357142,0.0048816188989332,1,0.3848145,0
2026-06-08 02:00:00-04:00,4316.7998046875,4336.5,4316.7998046875,4325.2998046875,5186,0.0018049259455851,4371.000592386205,4422.205269811213,0.9884210084559928,39.98852408924871,24.164271763392858,0.0049255324440752,1,0.37235633,0
2026-06-08 03:00:00-04:00,4325.10009765625,4342.0,4319.2998046875,4319.89990234375,5779,-0.0012492257504704,4366.1338600012095,4418.193294616411,0.9882170310025512,35.69753643387011,24.157156808035715,0.0048988968210591,1,0.3904671,0
2026-06-08 04:00:00-04:00,4319.2998046875,4322.39990234375,4309.60009765625,4313.10009765625,6573,-0.0015753054775147,4361.083025492166,4414.071992774835,0.9879954456181492,34.90607676249836,24.228585379464285,0.004858804527324,1,0.3904671,0
2026-06-08 05:00:00-04:00,4313.5,4326.39990234375,4297.10009765625,4318.7998046875,7699,0.0013206149107616,4357.056052082197,4410.335828536116,0.987919337999346,41.39400803310204,24.392857142857142,0.0039243506455115,1,0.34980738,0
2026-06-08 06:00:00-04:00,4319.0,4330.2998046875,4310.60009765625,4326.39990234375,4891,0.0017582241872216,4354.136418773774,4407.044223587396,0.9879947188797314,44.86479035603388,24.999965122767858,0.0034753523515563,1,0.30504474,0
2026-06-08 07:00:00-04:00,4326.2001953125,4358.5,4321.2998046875,4356.2998046875,9552,0.0068872635338911,4354.342455527461,4405.054246375636,0.9884878169457508,47.42266022697229,25.607142857142858,0.0038595789451713,0,0.36762348,0
2026-06-08 08:00:00-04:00,4355.7001953125,4364.7998046875,4344.7998046875,4358.0,8759,0.0003902081342573,4354.690793096274,4403.208981811886,0.9889811751120552,55.44626464905417,25.035714285714285,0.0034485670804974,0,0.30936924,0
2026-06-08 09:00:00-04:00,4358.10009765625,4371.5,4345.7001953125,4351.7998046875,11828,-0.0014237287879984,4354.415460866868,4401.192935650145,0.9893716373112448,43.90605420564549,24.764264787946427,0.0034277626259726,0,0.3180335,0
2026-06-08 10:00:00-04:00,4351.2998046875,4356.2998046875,4339.0,4355.7998046875,11690,0.0009187377603014,4354.5473031355,4399.412812867296,0.9898019322941064,46.199607039278725,24.971400669642858,0.0034347107414713,0,0.30822858,0
2026-06-08 11:00:00-04:00,4356.2998046875,4370.0,4346.89990234375,4366.10009765625,8803,0.0023619389978439,4355.647569280333,4398.106431878628,0.9903461038844942,56.440300663171605,23.342843191964285,0.0033164928673832,0,0.33269563,0
2026-06-08 12:00:00-04:00,4365.89990234375,4371.0,4362.2001953125,4365.0,4258,-0.0002519952010095,4356.538276967921,4396.808140432407,0.9908411142405396,63.36551463643328,22.271414620535715,0.0033108826369476,0,0.38640746,0
2026-06-08 13:00:00-04:00,4365.10009765625,4366.7998046875,4356.60009765625,4363.39990234375,6531,-0.0003666416965485,4357.191765098952,4395.498013448538,0.991285117583404,60.68845947244322,22.021379743303573,0.0031166525069196,0,0.3173762,0
2026-06-08 14:00:00-04:00,4363.2998046875,4370.2001953125,4357.10009765625,4358.7998046875,3858,-0.0010548022832016,4357.344911726433,4394.058868006928,0.9916446371377022,59.60833376032125,21.914236886160715,0.0028537950732795,0,0.3603934,0
2026-06-08 15:00:00-04:00,4358.7001953125,4362.2998046875,4346.60009765625,4350.2998046875,4505,-0.0019519819683231,4356.673949151296,4392.342826308127,0.991879304834042,66.20540581353558,19.671351841517858,0.0025287916575744,0,0.3682094,0
2026-06-08 16:00:00-04:00,4350.5,4354.39990234375,4348.0,4353.7998046875,1396,0.0008042187809685,4356.400221107126,4390.831335264181,0.9921584065685858,64.7058230612176,18.721330915178573,0.0025379438581789,0,0.35124284,0
2026-06-08 18:00:00-04:00,4354.7001953125,4363.39990234375,4345.7998046875,4351.5,0,-0.0005283688770294,4355.9335333826375,4389.288929959704,0.992400728885858,66.84434911523213,18.357038225446427,0.0023938559811562,0,0.33754668,0
2026-06-08 19:00:00-04:00,4350.89990234375,4352.39990234375,4336.0,4340.89990234375,1894,-0.0024389358588683,4354.501758997982,4387.391321033588,0.9925036178382516,64.24161771288667,18.614188058035715,0.0023241915684884,0,0.35270762,0
2026-06-08 20:00:00-04:00,4340.89990234375,4347.5,4338.7998046875,4344.10009765625,2452,0.0007369477161389,4353.511124584484,4385.693625999183,0.992661935794166,63.30179136190941,17.142787388392858,0.0023140892906466,0,0.33754668,0
2026-06-08 21:00:00-04:00,4344.0,4362.89990234375,4342.5,4360.7998046875,4070,0.0038368568750042,4354.205284594294,4384.717397712449,0.9930412589112187,66.50656269168252,17.192801339285715,0.0024568307982379,0,0.3348588,0
2026-06-08 22:00:00-04:00,4360.89990234375,4365.7001953125,4352.7001953125,4360.39990234375,2458,-9.1708103807735e-05,4354.795248189481,4383.763770443089,0.9933918605630796,52.74435081730941,15.464215959821429,0.0021830929197344,0,0.30781206,0
2026-06-08 23:00:00-04:00,4360.10009765625,4366.5,4355.2001953125,4359.7998046875,2613,-0.0001376339252215,4355.271872617864,4382.824007080125,0.9937136114939245,51.22268365817495,14.8427734375,0.002164852782527,0,0.30459765,0
2026-06-09 00:00:00-04:00,4360.7998046875,4364.10009765625,4348.60009765625,4356.5,2376,-0.0007571572614723,4355.388837130448,4381.791693076983,0.9939744155368568,53.32403275322937,14.107073102678571,0.0021478856995594,0,0.30906522,0
2026-06-09 01:00:00-04:00,4356.89990234375,4375.7001953125,4354.7998046875,4367.89990234375,3338,0.0026133393607271,4356.580367150763,4381.246916969798,0.9943699704019204,57.74653169663012,14.3642578125,0.0021471120019978,0,0.3122701,0
2026-06-09 02:00:00-04:00,4368.10009765625,4373.2001953125,4354.10009765625,4354.39990234375,3574,-0.0030955163391063,4356.372703835809,4380.194092866816,0.9945615677008928,42.80429063178049,14.078543526785714,0.0022945052975259,0,0.29799002,0
2026-06-09 03:00:00-04:00,4354.39990234375,4358.89990234375,4346.0,4350.2001953125,3794,-0.0009649397582884,4355.784845881209,4379.017861590176,0.9946944688413464,41.23228231887641,14.371407645089286,0.0022911136048545,0,0.29034147,0
2026-06-09 04:00:00-04:00,4350.10009765625,4360.7998046875,4344.5,4350.39990234375,3357,4.5906495883790665e-05,4355.271994115737,4377.895588678552,0.994832312899074,42.168582548687176,14.80712890625,0.0016814086701904,0,0.24444471,0
2026-06-09 05:00:00-04:00,4350.2001953125,4359.5,4347.89990234375,4356.0,3675,0.0012864326222934,4355.341328009476,4377.036938142138,0.995043311162489,48.3334302076044,14.699986049107142,0.0017060189755026,0,0.25211915,0
2026-06-09 06:00:00-04:00,4356.0,4365.2001953125,4349.10009765625,4363.2998046875,3633,0.0016744019718342,4356.099278169288,4376.49822702627,0.9953389792937622,57.850352642778965,14.728585379464286,0.0017127759199617,0,0.27276477,0
2026-06-09 07:00:00-04:00,4363.2998046875,4368.2998046875,4359.89990234375,4364.2998046875,2577,0.0002291580844982,4356.880280694832,4376.01985752279,0.995626259146184,56.538077970343565,14.871442522321429,0.0017030169971888,0,0.27109817,0
2026-06-09 08:00:00-04:00,4364.39990234375,4369.0,4359.0,4365.39990234375,5434,0.0002520356252774,4357.691673232824,4375.60338869224,0.995906458179984,58.78638228534509,14.328578404017858,0.0016186183562577,0,0.27361867,0
2026-06-09 09:00:00-04:00,4366.10009765625,4388.60009765625,4349.10009765625,4353.2001953125,13662,-0.0027985490461354,4357.263913430888,4374.724832089112,0.9960086818420794,57.62111924262506,15.978585379464286,0.001734811806205,0,0.27967823,0
2026-06-09 10:00:00-04:00,4352.89990234375,4360.2998046875,4302.10009765625,4325.0,20832,-0.006499111322346,4354.191159770804,4372.774838673853,0.9957501404511636,40.96484055058394,19.514264787946427,0.0022448245678135,0,0.31896392,0
2026-06-09 11:00:00-04:00,4324.7998046875,4326.39990234375,4287.10009765625,4296.7001953125,13547,-0.0065648087226526,4348.715829822394,4369.791519326349,0.9951769576624552,22.67679037976345,20.8642578125,0.00262919927334,0,0.3484649,0
2026-06-09 12:00:00-04:00,4296.5,4305.2998046875,4259.89990234375,4276.0,18406,-0.0048293384983911,4341.790512696452,4366.113420529237,0.9944291626235772,19.33123493875415,23.178536551339285,0.0027749875993085,0,0.31678548,0
2026-06-09 13:00:00-04:00,4276.10009765625,4292.7001953125,4275.10009765625,4287.2001953125,11571,0.0026158915928271,4336.591434850361,4363.018784246228,0.9939428751736552,25.50607553990844,23.628557477678573,0.0028604702183028,0,0.25883695,0
2026-06-09 14:00:00-04:00,4287.5,4298.7998046875,4283.60009765625,4294.39990234375,3469,0.0016779408591734,4332.573193659256,4360.327847701033,0.9936347322928,29.58564874735304,23.607107979910715,0.0029123826128696,0,0.2531661,0
2026-06-09 15:00:00-04:00,4294.60009765625,4296.10009765625,4274.0,4282.7001953125,4787,-0.0027281281912241,4327.823384292898,4357.283626038737,0.993238851478525,22.047143180091386,23.692801339285715,0.0029223781130286,0,0.2954246,0
2026-06-09 16:00:00-04:00,4282.7998046875,4286.10009765625,4280.0,4284.7998046875,1157,0.0004901335084989,4323.725900520954,4354.441123240649,0.9929462307905002,25.31885789231401,22.764229910714285,0.00291661778353,0,0.28386366,0
2026-06-09 18:00:00-04:00,4276.10009765625,4281.10009765625,4255.39990234375,4260.39990234375,0,-0.005710801267051,4317.694853075506,4350.7532322250845,0.9924016883088836,22.146091748421185,23.942801339285715,0.0029185194393747,0,0.29606134,0
2026-06-09 19:00:00-04:00,4260.10009765625,4270.60009765625,4233.0,4245.10009765625,5370,-0.003597630048683,4310.781066845101,4346.609972045915,0.9917570461966364,20.13598847677024,25.464250837053573,0.0029557362946513,0,0.29944995,0
2026-06-09 20:00:00-04:00,4245.2001953125,4251.10009765625,4222.0,4241.60009765625,5697,-0.0008248200402701,4304.192403112829,4342.491937756125,0.9911802865285028,17.163967831247078,26.714250837053573,0.0029449992451145,0,0.26866007,0
2026-06-09 21:00:00-04:00,4242.2001953125,4242.5,4207.2001953125,4212.2001953125,8495,-0.006955456682538,4295.431240465179,4337.3824576602965,0.9903279875351948,11.512860055892489,28.085658482142858,0.0031923853644128,0,0.31981874,0
2026-06-09 22:00:00-04:00,4212.89990234375,4216.5,4196.89990234375,4197.7998046875,6025,-0.003424590891502,4286.133008486352,4331.908628131951,0.9894329212420764,10.30028128016474,28.885672433035715,0.003046763014375,0,0.24983045,0
2026-06-09 23:00:00-04:00,4197.5,4210.2001953125,4195.5,4208.2001953125,2830,0.0024745172334053,4278.710835803128,4327.057317040993,0.9888269376401684,14.10957590693529,29.221400669642858,0.0031911675251264,0,0.23059502,0
2026-06-10 00:00:00-04:00,4208.89990234375,4211.2001953125,4194.2001953125,4198.0,2101,-0.002426827836994,4271.024089536163,4321.996245784484,0.9882063395362648,14.239586332606663,27.6142578125,0.0031900039391556,0,0.28929985,0
2026-06-10 01:00:00-04:00,4197.7001953125,4232.2001953125,4196.2998046875,4228.7001953125,4746,0.0072864420067921,4266.993242467242,4318.337577138524,0.9881101618958416,28.063825809713464,26.021449497767858,0.0037669017374967,0,0.31076434,0
2026-06-10 02:00:00-04:00,4228.60009765625,4245.5,4225.10009765625,4227.10009765625,5390,-0.000378461557726,4263.193895342386,4314.75963676667,0.9880489886424064,31.950209568281835,24.671456473214285,0.0037221056117479,0,0.31703144,0
2026-06-10 03:00:00-04:00,4226.7001953125,4231.0,4205.0,4209.7001953125,5807,-0.0041247692037942,4258.099257244301,4310.639658670429,0.9878114605751266,32.50664783730822,23.285749162946427,0.0036873636351138,0,0.35389787,0
2026-06-10 04:00:00-04:00,4209.39990234375,4211.0,4184.0,4191.7001953125,9850,-0.0042850064763008,4251.77553706032,4305.975365989726,0.9874128799348232,25.674963059891866,23.957170758928573,0.0036952939752064,0,0.35162842,0
2026-06-10 05:00:00-04:00,4192.0,4202.60009765625,4185.60009765625,4191.60009765625,7157,-2.388025067856283e-05,4246.044542831361,4301.490061349198,0.9871101600312784,22.83306063080434,24.085763113839285,0.0036868802817606,0,0.34344402,0
2026-06-10 06:00:00-04:00,4191.60009765625,4201.5,4178.5,4197.5,5985,0.0014065640528252,4241.421253037898,4297.412019727662,0.9869710499173148,26.77207910254521,24.150041852678573,0.0037600059843134,0,0.32463428,0
2026-06-10 07:00:00-04:00,4197.5,4198.60009765625,4168.2001953125,4170.2001953125,10724,-0.0065250668429929,4234.638295159289,4292.423320730989,0.9865379014943336,22.53133090056501,25.8857421875,0.0037617096834945,0,0.37216833,0
2026-06-10 08:00:00-04:00,4169.89990234375,4197.2998046875,4152.0,4169.60009765625,20336,-0.0001439117571656,4228.44418111138,4287.606723747666,0.9862014997064436,25.433057133079288,27.021449497767858,0.0036064582710779,0,0.27741873,0
2026-06-10 09:00:00-04:00,4170.10009765625,4209.5,4154.89990234375,4203.0,21755,0.0079784246535793,4226.02092576744,4284.288813012464,0.9863996360217244,39.62545211871719,28.235735212053573,0.0040892234539982,0,0.3366896,0
2026-06-10 10:00:00-04:00,4202.60009765625,4204.10009765625,4139.7001953125,4147.10009765625,16028,-0.0133892376841699,4218.504656423516,4278.908863390652,0.9858832686332863,31.49241856093656,30.757149832589285,0.0048654197509565,0,0.2877443,0
2026-06-10 11:00:00-04:00,4147.7001953125,4159.7001953125,4129.60009765625,4151.89990234375,17546,0.0011567189354567,4212.161346511158,4273.928119820186,0.9855480083947628,36.931054550909806,30.3857421875,0.0048479570847652,0,0.29145038,0
2026-06-10 12:00:00-04:00,4152.7001953125,4158.7998046875,4138.7001953125,4144.60009765625,8394,-0.0017597315907305,4205.726941858309,4268.856432676503,0.9852116153790133,38.10382741341525,30.421421595982142,0.0048418465536603,0,0.30677658,0
2026-06-10 13:00:00-04:00,4144.5,4157.60009765625,4123.5,4134.89990234375,13691,-0.0023431849147304,4198.981509523589,4263.603235408552,0.9848434006831852,33.55757624669022,31.80712890625,0.0048176654324994,0,0.26233113,0
2026-06-10 14:00:00-04:00,4135.2998046875,4144.0,4120.2001953125,4125.0,5372,-0.0023971009821608,4191.935651473724,4258.167814412139,0.9844458542206236,33.602846335990165,32.29282924107143,0.0047315972475078,0,0.25936708,0
2026-06-10 15:00:00-04:00,4125.39990234375,4125.7998046875,4105.0,4106.2001953125,8585,-0.0045679456048514,4183.770369934559,4252.208299937644,0.9839053204415956,20.93012476918345,31.214215959821427,0.0047578993490457,0,0.3076708,0
2026-06-10 16:00:00-04:00,4106.0,4106.39990234375,4090.10009765625,4094.10009765625,4027,-0.00295113739883,4175.230344003292,4246.00797827955,0.9833307816098508,19.936602679438195,30.921351841517858,0.004761930455047,0,0.30342048,0
2026-06-10 18:00:00-04:00,4094.39990234375,4094.39990234375,4059.199951171875,4069.10009765625,0,-0.0061250680030104,4165.12270149405,4239.070414333539,0.9825556771622737,19.27436238227193,31.5784912109375,0.0047177509285705,1,0.2876113,0
2026-06-10 19:00:00-04:00,4069.199951171875,4087.199951171875,4046.199951171875,4069.699951171875,6250,0.0001474058861532,4156.034820510986,4232.428435386022,0.9819504060041908,21.144578242281625,32.5784912109375,0.0047177616992124,1,0.26802105,0
2026-06-10 20:00:00-04:00,4070.89990234375,4100.0,4058.0,4097.5,9399,0.0068077569697418,4150.460075700416,4227.137124194413,0.9818607614938418,30.32194822919408,34.364205496651785,0.0050031619445648,0,0.21031186,0
2026-06-10 21:00:00-04:00,4097.2998046875,4138.5,4087.39990234375,4122.39990234375,15001,0.0060584627068557,4147.787678237876,4223.029782161054,0.9821829094739004,35.45130697308775,36.37135532924107,0.0052587597653925,0,0.2187049,0
2026-06-10 22:00:00-04:00,4122.7998046875,4122.89990234375,4073.39990234375,4089.300048828125,7475,-0.008061676139473,4142.2174278179,4217.785478893096,0.9820834768735018,34.67214835915684,37.735648018973215,0.0051178992579234,0,0.23602046,0
2026-06-10 23:00:00-04:00,4089.39990234375,4099.7998046875,4078.10009765625,4095.5,3870,0.0015149917702893,4137.7681489781,4212.989969916896,0.9821452646514892,36.25225117307608,36.0499267578125,0.0051605012389122,0,0.2200309,0
2026-06-11 00:00:00-04:00,4094.39990234375,4107.39990234375,4091.199951171875,4103.7998046875,3031,0.0020245161709049,4134.533068569472,4208.708002652998,0.98237584217371,29.705271820710266,33.307059151785715,0.0051841231951088,0,0.23346114,0
2026-06-11 01:00:00-04:00,4104.2998046875,4127.39990234375,4093.800048828125,4115.5,5095,0.002847007286137,4132.720395372379,4205.052786862685,0.9827986959601828,42.10783691731061,31.1070556640625,0.0052113208868497,1,0.29862633,0
2026-06-11 02:00:00-04:00,4115.0,4118.5,4097.0,4115.7001953125,4578,4.864304300451762e-05,4131.099423938105,4201.548763664639,0.983232530743,40.74647767489719,30.49276297433036,0.0052120004601406,1,0.29988998,0
2026-06-11 03:00:00-04:00,4115.60009765625,4131.5,4112.0,4125.7998046875,6488,0.0024509165638995,4130.594698295191,4198.578216253771,0.9838079667789924,45.26200894537399,30.449933733258927,0.0052416172067867,0,0.32907003,0
2026-06-11 04:00:00-04:00,4125.7001953125,4133.60009765625,4105.60009765625,4105.60009765625,5467,-0.0049079738121764,4128.2142601391015,4194.932015524456,0.984095628930708,42.98708583829247,30.01421247209821,0.0051615152442296,1,0.3564506,0
2026-06-11 05:00:00-04:00,4105.0,4117.5,4098.10009765625,4112.39990234375,5149,0.0016548567143588,4126.708130825258,4191.695462066389,0.9844961706237376,46.93873434941532,29.699933733258927,0.005188792954086,1,0.3578418,0
2026-06-11 06:00:00-04:00,4111.7998046875,4115.60009765625,4107.2001953125,4110.2998046875,2539,-0.0005108049124346,4125.145433097853,4188.503475502512,0.9848733461067364,51.08398424513672,28.81422642299108,0.004772860282944,1,0.34346873,0
2026-06-11 07:00:00-04:00,4110.2998046875,4116.39990234375,4100.2001953125,4100.7001953125,4443,-0.0023382325535712,4122.817315213533,4185.060209612708,0.9851273598749648,51.76852786707896,28.807076590401785,0.0038220944825863,1,0.3063472,0
2026-06-11 08:00:00-04:00,4100.89990234375,4107.7998046875,4078.0,4102.5,12489,0.0004388055084668,4120.882332812244,4181.822554333778,0.985427353568989,60.220386081381065,28.421351841517858,0.0038084444539021,1,0.3119222,0
2026-06-11 09:00:00-04:00,4102.7001953125,4114.2998046875,4088.0,4104.2998046875,12299,0.0004386130426444,4119.303044419411,4178.782446504511,0.9857663319767092,60.51038645574365,27.371337890625,0.0038048869636603,1,0.34892517,0
2026-06-11 10:00:00-04:00,4104.0,4106.60009765625,4072.800048828125,4094.39990234375,14400,-0.0024149944525411,4116.931316602681,4175.473327125658,0.9859795510744463,48.943375999696094,26.785627092633927,0.0038067626111974,1,0.34349117,0
2026-06-11 11:00:00-04:00,4094.199951171875,4116.7998046875,4090.89990234375,4110.0,9703,0.003802865935931,4116.271191211949,4172.90574566975,0.9864280293134896,45.48761158346996,24.98561314174108,0.0038948934734464,1,0.36762348,0
2026-06-11 12:00:00-04:00,4110.2001953125,4129.0,4098.89990234375,4101.2001953125,7687,-0.0021433670710886,4114.835858269144,4170.093763302799,0.9867490017802648,55.26097082754514,23.59990583147321,0.00378745120771,1,0.41378808,0
2026-06-11 13:00:00-04:00,4101.5,4191.7998046875,4092.89990234375,4173.2001953125,26850,0.0174035129762365,4120.394366558988,4170.215584165924,0.9880530834434303,71.71628673179983,29.114205496651785,0.005372877526011,1,0.44951144,0
2026-06-11 14:00:00-04:00,4173.2001953125,4193.0,4152.0,4183.10009765625,11568,0.0023694473937983,4126.366340949203,4170.720859204761,0.9893652632835238,71.96701842481777,30.885637555803573,0.0051130540985595,1,0.38038936,0
2026-06-11 15:00:00-04:00,4183.5,4241.2998046875,4183.5,4229.89990234375,13812,0.0111257072225835,4136.226680129636,4173.0416059945255,0.9911779154533216,76.53081791845838,32.642769949776785,0.0055446642273564,0,0.38763282,0
2026-06-11 16:00:00-04:00,4230.2001953125,4240.0,4229.2001953125,4233.7998046875,3933,0.0009215597799426,4145.519358658956,4175.424280453074,0.9928378723249476,76.92675931660963,31.87847028459821,0.0054271254813644,0,0.3878115,0
2026-06-11 18:00:00-04:00,4234.89990234375,4267.7998046875,4226.2001953125,4264.2001953125,0,0.0071547470719974,4156.822295483103,4178.905688878934,0.9947155080683922,78.88171542932375,33.45701381138393,0.0054794261919726,0,0.33818606,0
2026-06-11 19:00:00-04:00,4264.5,4267.2001953125,4234.60009765625,4240.60009765625,3490,-0.0055498441864247,4164.801133785307,4181.325077458437,0.996048156178478,77.77788940640426,33.785592215401785,0.005268865851025,0,0.30724853,0
2026-06-11 20:00:00-04:00,4240.10009765625,4251.7001953125,4221.39990234375,4229.0,4643,-0.002739233204837,4170.91531152004,4183.194682263988,0.9970645949623116,73.52712253743762,34.56419154575893,0.0053666479306789,0,0.3349149,0
2026-06-11 21:00:00-04:00,4229.7001953125,4232.39990234375,4192.89990234375,4208.2001953125,7376,-0.0049305092549162,4174.466252833608,4184.175290618832,0.9976795814919628,68.36787042276289,36.78562709263393,0.0055598153473192,0,0.30802009,0
2026-06-11 22:00:00-04:00,4208.2001953125,4221.89990234375,4204.2001953125,4213.5,2896,0.0012586069948356,4178.18375256374,4185.325279222016,0.9982936746413166,71.51032432614315,36.89276994977679,0.0055472241173917,0,0.2949529,0
2026-06-11 23:00:00-04:00,4212.7001953125,4226.7001953125,4211.39990234375,4220.89990234375,2318,0.0017546960846283,4182.251957304694,4186.720362481691,0.9989327194581612,72.10608748230491,35.857090541294646,0.0055420800029526,0,0.29334518,0
2026-06-12 00:00:00-04:00,4219.0,4222.60009765625,4211.10009765625,4211.89990234375,1397,-0.0021345232012121,4185.075571117937,4187.707795417458,0.9993714403133854,69.56368885244021,34.799961635044646,0.0055849874550474,0,0.31627768,0
2026-06-12 01:00:00-04:00,4211.7998046875,4214.39990234375,4192.10009765625,4194.7001953125,3268,-0.0040919588968068,4185.99220199361,4187.982007178049,0.9995248773320832,67.76488413550321,33.978515625,0.0055421202823317,0,0.3343565,0
2026-06-12 02:00:00-04:00,4194.7001953125,4207.0,4193.7001953125,4205.39990234375,3332,0.0025475203136848,4187.84055440791,4188.66506189043,0.999803157457009,67.19543470766092,33.07850864955357,0.0055506366134097,0,0.38941932,0
2026-06-12 03:00:00-04:00,4205.5,4215.2001953125,4191.10009765625,4215.2001953125,5707,0.0023276957176595,4190.446234494061,4189.705655357961,1.0001767616145427,70.47418101869182,32.649937220982146,0.0055430778611078,0,0.38624316,0
2026-06-12 04:00:00-04:00,4215.89990234375,4247.7001953125,4213.2001953125,4241.2001953125,7808,0.006149207872516,4195.279945048198,4191.725049081669,1.000848074700727,64.6299852467821,28.049944196428573,0.0055778831517472,0,0.45234683,0
2026-06-12 05:00:00-04:00,4241.39990234375,4249.60009765625,4239.10009765625,4243.10009765625,5599,0.0004478630670537,4199.834245296584,4193.739756868908,1.0014532347692042,63.36901886150768,25.871372767857142,0.0055777770613688,0,0.44089094,0
2026-06-12 06:00:00-04:00,4242.89990234375,4246.7001953125,4223.60009765625,4231.89990234375,4817,-0.0026431154767988,4202.888117396314,4195.236233162039,1.001823945973242,50.52966156113405,23.3642578125,0.0056560347698382,0,0.39878607,0
2026-06-12 07:00:00-04:00,4232.2998046875,4236.2998046875,4218.10009765625,4227.7998046875,4085,-0.0009693247087426,4205.260659043093,4196.513235966959,1.0020844502529298,48.41269840911229,23.892822265625,0.0056120204887295,1,0.37671322,0
2026-06-12 08:00:00-04:00,4227.89990234375,4236.2998046875,4209.2998046875,4212.2998046875,9011,-0.0036729465628712,4205.93105386637,4197.132317093255,1.0020963686889932,35.09462748907259,22.849993024553573,0.0057059695462299,1,0.36412042,0
2026-06-12 09:00:00-04:00,4212.10009765625,4231.2001953125,4203.0,4206.7001953125,11695,-0.0013302316666389,4206.004305432668,4197.507528003814,1.0020242435236073,39.14154605189928,22.535714285714285,0.005683526340004,1,0.35543284,0
2026-06-12 10:00:00-04:00,4207.39990234375,4229.5,4197.5,4224.89990234375,13983,0.004317030002782,4207.803886090866,4198.581738762243,1.0021964910778045,48.73997244536437,22.657121930803573,0.0043175092805975,1,0.3666437,0
2026-06-12 11:00:00-04:00,4224.89990234375,4256.7998046875,4221.0,4232.39990234375,12300,0.0017736161988521,4210.146363829236,4199.907941255636,1.0024377730933167,58.09902309820336,22.392822265625,0.0043068130540344,1,0.406247,0
2026-06-12 12:00:00-04:00,4232.2998046875,4254.10009765625,4228.60009765625,4236.5,7092,0.0009682716820049,4212.656233940737,4201.3429239514935,1.002692784234476,57.759824976751865,22.949986049107142,0.0035267599002632,1,0.3023511,0
2026-06-12 13:00:00-04:00,4236.5,4247.10009765625,4234.0,4241.7998046875,6316,0.0012502047580045,4215.431812107096,4202.929468294082,1.002974673714448,57.15264478365207,22.792829241071427,0.0035316596044648,1,0.31901124,0
2026-06-12 14:00:00-04:00,4242.2001953125,4256.2001953125,4234.89990234375,4236.2001953125,4806,-0.0013209743310365,4217.409753364753,4204.234202686961,1.003133876478473,58.514544198305785,23.492850167410715,0.0031249629050035,1,0.27566183,0
2026-06-12 15:00:00-04:00,4236.2001953125,4240.7998046875,4223.2001953125,4231.89990234375,4469,-0.0010156453723543,4218.789767553229,4205.319132085267,1.0032032373869524,64.32970066529813,23.157121930803573,0.0028812679413087,1,0.31063256,0
2026-06-12 16:00:00-04:00,4231.60009765625,4240.60009765625,4230.7001953125,4238.7998046875,1729,0.0016291225302377,4220.69548537554,4206.632099638296,1.0033431461093194,63.253980856922894,22.914271763392858,0.0028361024049089,1,0.3210814,0
2026-06-14 18:00:00-04:00,4325.60009765625,4327.0,4300.0,4305.7998046875,4983,0.0156827414435293,4228.800658643346,4210.521029248069,1.0043414174322605,74.7270730662099,27.492850167410715,0.0042824492362758,1,0.40477097,0
2026-06-14 19:00:00-04:00,4305.60009765625,4315.39990234375,4301.2998046875,4314.2998046875,3312,0.0019721356225836,4236.9434344570745,4214.590785147654,1.0053036345517083,72.05792215143555,26.035714285714285,0.0042864036008649,1,0.4036007,0
2026-06-14 20:00:00-04:00,4314.2998046875,4328.5,4312.7001953125,4313.10009765625,5140,-0.0002781155510496,4244.196449999853,4218.453895442109,1.0061023671695353,71.21224675204695,26.414271763392858,0.0042962007866221,1,0.41539428,0
2026-06-14 21:00:00-04:00,4313.89990234375,4340.7001953125,4306.39990234375,4337.5,5800,0.005641219516681,4253.082502380819,4223.1223701306535,1.0070943083397412,79.62986811302572,27.214285714285715,0.0043415451507287,0,0.40974092,0
2026-06-14 22:00:00-04:00,4337.10009765625,4356.7998046875,4337.10009765625,4350.7001953125,5070,0.0030386513138848,4262.37942551717,4228.125422098569,1.008101463414394,82.80863842879785,27.321428571428573,0.0041493528679461,0,0.40974092,0
2026-06-14 23:00:00-04:00,4350.5,4352.5,4342.5,4345.7001953125,2438,-0.0011499011835602,4270.314736926249,4232.736197518723,1.0088780726352742,87.72660486926985,26.107142857142858,0.0041975897175572,0,0.42598906,0
2026-06-15 00:00:00-04:00,4346.39990234375,4351.7001953125,4341.7001953125,4349.5,1731,0.0008740005621561,4277.85619055232,4237.315170165048,1.009567619768461,90.80017186869507,24.80712890625,0.0041976568792049,0,0.42480984,0
2026-06-15 01:00:00-04:00,4349.2001953125,4353.89990234375,4328.60009765625,4331.39990234375,3384,-0.0041701031205421,4282.955591675313,4241.004767505389,1.0098917182294516,80.44607111703002,24.328543526785715,0.0042389424356547,1,0.4399925,0
2026-06-15 02:00:00-04:00,4331.5,4334.39990234375,4321.60009765625,4329.10009765625,3909,-0.0005311020706791,4287.35030653064,4244.459486334835,1.0101051312502556,78.49164421698976,22.685686383928573,0.0042519207980684,1,0.44911242,0
2026-06-15 03:00:00-04:00,4329.2001953125,4346.0,4326.10009765625,4344.2998046875,4514,0.0035049052879551,4292.774068259865,4248.3747929369,1.0104508847469815,79.81208611336308,22.285679408482142,0.0041963006324557,1,0.4461345,0
2026-06-15 04:00:00-04:00,4344.10009765625,4366.10009765625,4342.7001953125,4355.39990234375,6463,0.0025518360526416,4298.738433410711,4252.571856050895,1.010856154563062,80.43961219320337,23.021379743303573,0.0041693870258452,0,0.4478379,0
2026-06-15 05:00:00-04:00,4355.5,4364.39990234375,4355.10009765625,4357.7001953125,5858,0.0005280079412403,4304.353839306119,4256.694536021938,1.011196317443234,83.14242483341984,22.164202008928573,0.0039980680315385,0,0.45501557,0
2026-06-15 06:00:00-04:00,4357.89990234375,4362.7998046875,4356.2998046875,4359.10009765625,3052,0.0003211963814094,4309.567768672798,4260.710440399755,1.0114669440593242,85.25515754850501,21.371372767857142,0.0039490136686371,0,0.4127502,0
2026-06-15 07:00:00-04:00,4359.0,4368.89990234375,4352.89990234375,4356.60009765625,4567,-0.0005736773896624,4314.047038099793,4264.470819115696,1.0116254093619,83.46608515983448,21.807094029017858,0.003935001404879,0,0.41008496,0
2026-06-15 08:00:00-04:00,4356.60009765625,4370.7998046875,4345.2998046875,4370.5,7662,0.0031854599905843,4319.423510661718,4268.6288262091975,1.0118995317982775,76.32241812732593,17.328508649553573,0.0039521373967587,0,0.38757506,0
2026-06-15 09:00:00-04:00,4370.39990234375,4390.7998046875,4362.7998046875,4376.7998046875,14176,0.0014404001045751,4324.887919616554,4272.870825365209,1.0121738045396913,75.89080551888435,18.321358816964285,0.0039495405876274,0,0.38941464,0
2026-06-15 10:00:00-04:00,4376.7001953125,4391.5,4375.5,4378.5,12336,0.0003883808371613,4329.993832034026,4277.013145939123,1.0123873096217173,76.98022294118785,18.335658482142858,0.0039585822189615,0,0.38516444,0
2026-06-15 11:00:00-04:00,4378.2998046875,4382.7998046875,4370.60009765625,4377.60009765625,7472,-0.0002055486659315,4334.527762093286,4280.957732280972,1.012513561955626,70.52211764753679,16.757045200892858,0.0039231713249534,0,0.388718,0
2026-06-15 12:00:00-04:00,4377.7998046875,4380.2998046875,4355.89990234375,4360.60009765625,6150,-0.0038909663472594,4337.010841670711,4284.080962295689,1.0123550137919566,54.87682263724411,17.0927734375,0.0040754058261963,0,0.358968,0
2026-06-15 13:00:00-04:00,4360.5,4360.5,4341.7001953125,4346.0,6309,-0.0033538031327131,4337.866951987786,4286.50915985272,1.0119812626591542,50.13492607001446,17.728480747767858,0.0042168232453801,0,0.3466305,0
2026-06-15 14:00:00-04:00,4346.2001953125,4349.7001953125,4339.10009765625,4347.2998046875,3362,0.0002990359763009,4338.765318911568,4288.893106708986,1.0116282245702437,48.98701508279879,17.771344866071427,0.0024982140919647,0,0.36175776,0
2026-06-15 15:00:00-04:00,4347.5,4348.2998046875,4338.2001953125,4342.39990234375,3198,-0.00112774964113,4339.111469714633,4290.991412420153,1.0112142049865671,55.76523456275066,16.685616629464285,0.0024969017533012,1,0.4403953,0
2026-06-15 16:00:00-04:00,4342.60009765625,4343.89990234375,4328.5,4331.0,2330,-0.0026287059369193,4338.33894878943,4292.560376638971,1.0106646309274054,50.90904842436435,16.871337890625,0.0025806809069932,1,0.42664233,0
2026-06-15 18:00:00-04:00,4331.2998046875,4337.2998046875,4326.7001953125,4333.10009765625,0,0.0004847814946059,4337.84001058627,4294.150169620041,1.010174269469038,43.87323905368464,16.20703125,0.0022449491302944,1,0.3929428,0
2026-06-15 19:00:00-04:00,4333.7001953125,4340.7998046875,4332.7998046875,4337.2998046875,1937,0.0009687459418234,4337.788562405434,4295.842312171707,1.0097643831373602,39.28982114861449,15.107038225446429,0.0021403012800508,1,0.4023362,0
2026-06-15 20:00:00-04:00,4336.60009765625,4341.60009765625,4327.39990234375,4340.2998046875,3273,0.0006914354786039,4338.02772833706,4297.585743250758,1.0094103963253822,39.788409511594985,15.457066127232142,0.0021348142145182,1,0.39064378,0
2026-06-15 21:00:00-04:00,4340.2998046875,4346.7998046875,4332.7998046875,4334.0,3413,-0.0014525220333558,4337.6441351621015,4299.0137533193565,1.008985870727424,36.07084211163799,15.992780412946429,0.0021444814686753,1,0.39945057,0
2026-06-15 22:00:00-04:00,4334.60009765625,4341.60009765625,4328.0,4339.7001953125,2285,0.0013143631909701,4337.839950414521,4300.609300064186,1.0086570640931691,40.94317996842151,15.821358816964286,0.0019489401600085,1,0.38285467,0
2026-06-15 23:00:00-04:00,4339.7998046875,4354.10009765625,4336.60009765625,4351.39990234375,1857,0.0026923436543376,4339.131374407781,4302.601088388875,1.0084902795468276,39.51685952729509,15.249930245535714,0.0020261316772291,1,0.3884014,0
2026-06-16 00:00:00-04:00,4352.10009765625,4353.0,4342.10009765625,4343.2001953125,1433,-0.0018861613806489,4339.518881160611,4304.1932102290175,1.0082072688669368,31.93550419025499,14.028494698660714,0.0019274872116109,1,0.39532164,0
2026-06-16 01:00:00-04:00,4343.39990234375,4351.89990234375,4335.5,4337.2001953125,2538,-0.0013824249310041,4339.298053936982,4305.487601800919,1.007852874113938,28.77682316867188,14.057059151785714,0.001851239246627,1,0.39532164,0
2026-06-16 02:00:00-04:00,4337.39990234375,4345.5,4334.2001953125,4345.0,2627,0.0017967350695334,4339.8410964191735,4307.037107612648,1.007616370137268,34.356768302639296,13.992780412946429,0.0018989595099269,1,0.38635615,0
2026-06-16 03:00:00-04:00,4345.10009765625,4357.10009765625,4343.5,4356.60009765625,2838,0.0026662003304659,4341.437191775086,4308.980754281024,1.007532277200778,47.97568448465178,13.221365792410714,0.0019990765502802,0,0.39154145,0
2026-06-16 04:00:00-04:00,4356.39990234375,4369.5,4354.2001953125,4368.2998046875,3940,0.0026819136436797,4343.995535861983,4311.306991551866,1.007582049799323,61.62678206839632,12.964215959821429,0.0020831430114414,0,0.44209456,0
2026-06-16 05:00:00-04:00,4368.10009765625,4369.7998046875,4359.39990234375,4366.2001953125,4587,-0.0004807623597094,4346.11026533346,4313.459666209146,1.007569468976398,59.77287186442093,12.949916294642858,0.0019580519087421,0,0.4431556,0
2026-06-16 06:00:00-04:00,4366.2001953125,4369.89990234375,4363.10009765625,4369.89990234375,2217,0.0008469928712062,4348.375945048726,4315.67300880266,1.007577714108405,64.39820021553112,12.714215959821429,0.0019386919971165,0,0.46208122,0
2026-06-16 07:00:00-04:00,4369.89990234375,4370.60009765625,4355.7001953125,4361.39990234375,4577,-0.0019470188575233,4349.616321933966,4317.466220314075,1.0074465207089802,66.4149629990126,12.678501674107142,0.0019789801330312,0,0.4630699,0
2026-06-16 08:00:00-04:00,4361.60009765625,4376.5,4358.2001953125,4375.89990234375,5684,0.0033191062766971,4352.119520068231,4319.757737256416,1.0074915735511525,70.38123848091496,13.228515625,0.0021292842855697,0,0.45994467,0
2026-06-16 09:00:00-04:00,4375.89990234375,4376.5,4352.60009765625,4352.7001953125,7907,-0.0053158035429867,4352.174822472447,4321.049598356654,1.0072031628907083,56.2099327357898,14.364222935267858,0.0022838618105353,0,0.43434975,0
2026-06-16 10:00:00-04:00,4352.5,4360.0,4333.7001953125,4344.39990234375,11778,-0.001908750134092,4351.4343538887615,4321.965296552226,1.00681843913926,51.585518285370405,15.228480747767858,0.0021963776936581,0,0.41053918,0
2026-06-16 11:00:00-04:00,4344.39990234375,4364.5,4341.39990234375,4355.7001953125,6929,0.0025977400711893,4351.840624500546,4323.288233758512,1.0066043227280297,58.07907097895158,15.878487723214286,0.002272683343664,0,0.42912924,0
2026-06-16 12:00:00-04:00,4355.60009765625,4368.10009765625,4355.39990234375,4361.7998046875,4793,0.0013993944067468,4352.789117851685,4324.798491442002,1.0064721226815705,58.203377044794834,15.814208984375,0.0022712853975143,0,0.42912924,0
2026-06-16 13:00:00-04:00,4361.5,4362.2998046875,4346.39990234375,4361.5,5901,-6.873653189291581e-05,4353.618725675334,4326.237766287414,1.0063290463601626,54.095796283187006,15.699916294642858,0.00217209375861,0,0.40765804,0
2026-06-16 14:00:00-04:00,4361.7998046875,4364.39990234375,4357.39990234375,4360.0,1886,-0.0003439775301931,4354.226466087207,4327.561775452614,1.0061615967646826,57.20411734951399,15.421351841517858,0.0021773038332409,0,0.42888343,0
2026-06-16 15:00:00-04:00,4359.60009765625,4364.2998046875,4352.39990234375,4355.60009765625,2650,-0.0010096614503253,4354.357288141402,4328.661317499816,1.0059362395800528,58.000059436631,15.099923270089286,0.002190674372027,0,0.4326285,0
2026-06-16 16:00:00-04:00,4355.2998046875,4356.7001953125,4351.2998046875,4353.0,1142,-0.000597133340457,4354.228022604126,4329.615775637079,1.0056846261290762,53.64302612404587,14.678536551339286,0.0021947309441366,0,0.41125828,0
2026-06-16 18:00:00-04:00,4352.60009765625,4355.89990234375,4348.7001953125,4355.0,0,0.0004593477343055,4354.301544260876,4330.611235416017,1.0054704307445377,49.20153795235686,14.221365792410714,0.0021628421231726,0,0.38302824,0
2026-06-16 19:00:00-04:00,4354.7998046875,4358.0,4349.10009765625,4350.7998046875,575,-0.0009649189580783,4353.968045253888,4331.402944014899,1.0052096518219735,40.56086974230457,13.764229910714286,0.0021633956598369,0,0.37361816,0
2026-06-16 20:00:00-04:00,4350.89990234375,4361.89990234375,4348.2001953125,4356.89990234375,1639,0.0014010815391839,4354.2472697386365,4332.402824733677,1.0050421084762131,45.19114728114016,13.999930245535714,0.0021012042324279,0,0.37191445,0
2026-06-16 21:00:00-04:00,4356.39990234375,4369.7998046875,4354.10009765625,4361.0,2926,0.0009406159750577,4354.890386906385,4333.524282587258,1.0049304221981583,45.41715066653491,14.635637555803571,0.0020578051339029,0,0.37291956,0
2026-06-16 22:00:00-04:00,4360.89990234375,4364.39990234375,4349.60009765625,4351.2001953125,1822,-0.0022496748469738,4354.53894008792,4334.217455635307,1.0046886167250773,44.817216886980646,14.628487723214286,0.0021016748904298,0,0.37698886,0
2026-06-16 23:00:00-04:00,4351.0,4353.7001953125,4348.39990234375,4351.2001953125,1339,0.0,4354.220964395024,4334.883445426569,1.0044609086292404,35.28025280653475,13.699951171875,0.0020661822393826,1,0.37611592,0
2026-06-17 00:00:00-04:00,4352.2001953125,4353.60009765625,4337.10009765625,4346.10009765625,1891,-0.0011728003102193,4353.447548515141,4335.3233141414585,1.0041805957849932,44.98475054512276,13.17138671875,0.0019893193265879,1,0.37698886,0
2026-06-17 01:00:00-04:00,4346.2001953125,4353.7998046875,4340.39990234375,4346.10009765625,2374,0.0,4352.747791290484,4335.745933102823,1.0039213225244252,51.47843069398786,12.249965122767858,0.0018777223678622,1,0.39837304,0
2026-06-17 02:00:00-04:00,4346.5,4351.2001953125,4340.10009765625,4351.2001953125,2750,0.0011728003102193,4352.600401197343,4336.351982601242,1.003747024840533,45.61401837669334,11.392822265625,0.0019034744211759,1,0.36330053,0
2026-06-17 03:00:00-04:00,4351.10009765625,4352.5,4344.10009765625,4344.7001953125,2750,-0.001494957604983,4351.848000636882,4336.67936349188,1.0034977538973018,33.46272264445851,11.085658482142858,0.0019095106745739,1,0.38214272,0
2026-06-17 04:00:00-04:00,4344.7998046875,4347.5,4335.60009765625,4344.2001953125,2581,-0.0001150893618463,4351.119638225036,4336.974298073081,1.0032615688218949,33.333646925867015,10.799944196428571,0.0018693148549718,1,0.36627582,0
2026-06-17 05:00:00-04:00,4344.39990234375,4355.10009765625,4340.5,4349.2998046875,2885,0.0011732006579456,4350.94632074527,4337.457651273647,1.003109810067578,40.36018439297221,11.342808314732142,0.0017117884371338,1,0.3655677,0
2026-06-17 06:00:00-04:00,4349.2001953125,4355.10009765625,4346.2001953125,4351.10009765625,1636,0.0004138414359456,4350.960966165363,4337.992649171004,1.0029894741746133,45.74672326646068,11.128522600446429,0.0012447738925456,1,0.36469322,0
2026-06-17 07:00:00-04:00,4351.2998046875,4351.5,4340.0,4342.60009765625,2169,-0.0019554395752151,4350.164692974019,4338.173333425328,1.0027641494765318,41.15658967821727,11.564208984375,0.0012485437838302,1,0.38855568,0
2026-06-17 08:00:00-04:00,4342.7998046875,4355.2001953125,4338.7001953125,4353.2998046875,4742,0.002460863752127,4350.46327504197,4338.766528376786,1.002695869111344,48.740596054705655,12.228515625,0.0012337226184717,1,0.37496114,0
2026-06-17 09:00:00-04:00,4353.39990234375,4365.5,4343.7001953125,4359.7998046875,8681,0.0014920066330474,4351.352468341544,4339.591362741911,1.0027101873463498,56.44700943253972,13.149937220982142,0.0012395205761241,1,0.41741073,0
2026-06-17 10:00:00-04:00,4359.60009765625,4384.2001953125,4349.89990234375,4364.10009765625,15806,0.0009858648918916,4352.5665282762775,4340.552489601297,1.0027678593229232,55.29426124780706,14.621407645089286,0.0012597363324904,1,0.39960673,0
2026-06-17 11:00:00-04:00,4363.7998046875,4385.5,4363.60009765625,4383.60009765625,5949,0.0044583220421684,4355.522106312465,4342.240631093648,1.0030586686338183,63.54923507302516,15.064278738839286,0.0015972144358475,0,0.42662713,0
2026-06-17 12:00:00-04:00,4383.2998046875,4386.7001953125,4375.2001953125,4379.7998046875,4098,-0.0008673102333164,4357.834268062469,4343.713539862034,1.003250842411879,68.47510660145778,14.828578404017858,0.0015915192626934,0,0.4372329,0
2026-06-17 13:00:00-04:00,4379.60009765625,4403.60009765625,4375.7001953125,4401.10009765625,10332,0.004851515217057,4361.954823261876,4345.963993108866,1.003679466783058,75.27839752764987,16.442836216517858,0.0018750872443721,0,0.3954131,0
2026-06-17 14:00:00-04:00,4399.60009765625,4399.60009765625,4288.2998046875,4305.2001953125,41879,-0.0220308920938228,4356.549620600031,4344.365412803126,1.0028046001289388,39.20849684196429,23.321428571428573,0.0053870062149777,0,0.35832274,0
2026-06-17 15:00:00-04:00,4305.0,4315.0,4237.39990234375,4254.2998046875,28614,-0.0118934495308155,4346.811542894076,4340.83342817114,1.001377181322863,30.906830832926445,27.907156808035715,0.0059531479799889,1,0.3510448,0
2026-06-17 16:00:00-04:00,4254.2001953125,4289.0,4253.2998046875,4276.2998046875,6489,0.0051579138118117,4340.0961392553545,4338.302697838449,1.00041339702225,35.44497411336084,29.664306640625,0.0060945238141162,1,0.3176096,0
2026-06-17 18:00:00-04:00,4275.10009765625,4290.5,4273.2998046875,4285.7998046875,0,0.0022190827791874,4334.925059772702,4336.243760852138,0.9996958886187765,38.68609030810735,30.292898995535715,0.0061218602037032,1,0.3176096,0
2026-06-17 19:00:00-04:00,4285.7001953125,4303.0,4283.2001953125,4297.2001953125,3335,0.0026565064265185,4331.332215538398,4334.712640634897,0.999220150128336,41.33484570021758,30.857177734375,0.0061618206651813,0,0.30988505,0
2026-06-17 20:00:00-04:00,4297.60009765625,4335.0,4296.2001953125,4328.0,5487,0.0071418482828235,4331.014861677598,4334.449399825686,0.9992076183544268,46.41298305523727,32.585728236607146,0.0064021669698788,0,0.32189935,0
2026-06-17 21:00:00-04:00,4328.7998046875,4348.89990234375,4326.2998046875,4337.7001953125,5735,0.002238757202614,4331.651560119017,4334.57688200164,0.999325119391752,47.80186244339762,33.56431361607143,0.0064221885546198,0,0.29582658,0
2026-06-17 22:00:00-04:00,4338.0,4350.2001953125,4330.39990234375,4331.0,3763,-0.0015458365143048,4331.589506774349,4334.436612119223,0.999343142927292,48.085801717873565,34.157191685267854,0.0064302602098004,0,0.29461,0
2026-06-17 23:00:00-04:00,4331.2998046875,4343.0,4328.89990234375,4339.60009765625,3031,0.0019837382371827,4332.3524201916725,4334.639101748126,0.9994724632194796,47.723558895429385,33.985770089285715,0.0064417462480829,0,0.28364697,0
2026-06-18 00:00:00-04:00,4340.0,4344.2001953125,4330.0,4336.0,2495,-0.0008299363323273,4332.699808744846,4334.692470307024,0.9995402992078846,46.00677034985761,33.442940848214285,0.0064360625079106,0,0.29725063,0
2026-06-18 01:00:00-04:00,4335.7998046875,4345.2001953125,4321.5,4328.0,4037,-0.0018467225931646,4332.252207912004,4334.430020491062,0.9994975550259751,44.01725239929426,32.685791015625,0.006447909567647,0,0.33261648,0
2026-06-18 02:00:00-04:00,4328.39990234375,4330.2998046875,4316.2998046875,4326.60009765625,3757,-0.0003235048044191,4331.71391169717,4334.122964693619,0.9994441659786598,39.95069006166244,32.121512276785715,0.0064399749890261,0,0.3051685,0
2026-06-18 03:00:00-04:00,4326.39990234375,4329.7001953125,4307.10009765625,4308.39990234375,4020,-0.0042154539117605,4329.493529853988,4333.114217150487,0.9991644145261234,38.02020949933375,32.914376395089285,0.0064973562052473,0,0.32380998,0
2026-06-18 04:00:00-04:00,4308.60009765625,4312.60009765625,4284.60009765625,4285.89990234375,5321,-0.0052360406121583,4325.341755805393,4331.26267539336,0.9986329807190858,30.748705862482737,32.92152622767857,0.0065771374573327,0,0.31098175,0
2026-06-18 05:00:00-04:00,4286.0,4292.60009765625,4278.60009765625,4287.7001953125,5895,0.0004199619703983,4321.756845282261,4329.55434284117,0.9981990068858236,45.73382089353769,25.864362444196427,0.0065419535051195,0,0.35869128,0
2026-06-18 06:00:00-04:00,4287.60009765625,4291.89990234375,4273.2001953125,4273.89990234375,4541,-0.0032237676983673,4317.199041192878,4327.37181576284,0.997649202563804,55.833311530600575,21.657191685267858,0.0065415287475722,0,0.36773244,0
2026-06-18 07:00:00-04:00,4274.2001953125,4274.2001953125,4257.89990234375,4260.60009765625,7379,-0.0031167181331336,4311.808665617961,4324.753317013562,0.9970068462992614,45.07232205679615,20.271484375,0.0065404688236434,0,0.35203552,0
2026-06-18 08:00:00-04:00,4260.5,4288.60009765625,4259.0,4265.10009765625,11179,0.0010556318694759,4307.360230573989,4322.413975077981,0.9965172830296244,43.29243786967687,21.157191685267858,0.0064288355009403,0,0.32770002,0
2026-06-18 09:00:00-04:00,4265.0,4296.2001953125,4263.5,4275.5,11148,0.0024354043896572,4304.325922900276,4320.574211349433,0.9962393219849168,42.92234679185033,22.078648158482142,0.0064846099018555,0,0.32915658,0
2026-06-18 10:00:00-04:00,4275.2998046875,4277.2998046875,4255.0,4271.7001953125,14309,-0.0008891344185233,4301.218710749059,4318.6575832695535,0.9959619691572557,27.7120124919024,20.900076729910715,0.0063275615210376,0,0.31791884,0
2026-06-18 11:00:00-04:00,4271.89990234375,4274.2001953125,4241.7001953125,4245.5,9942,-0.0061523217380684,4295.912166868196,4315.788658435453,0.9953944705961432,17.71719506350361,21.607212611607142,0.004279651170271,0,0.36110836,0
2026-06-18 12:00:00-04:00,4245.7998046875,4252.5,4233.0,4238.7001953125,9605,-0.0016029339211507,4290.463407672416,4312.76558145024,0.99482879990655,17.704845211140466,21.585763113839285,0.003388704976969,0,0.35817716,0
2026-06-18 13:00:00-04:00,4238.7001953125,4252.5,4237.7998046875,4249.5,7254,0.0025446644204135,4286.562130751234,4310.284578256113,0.994496315249218,18.952433831227083,21.628627232142858,0.0032179832816543,0,0.33153585,0
2026-06-18 14:00:00-04:00,4249.2001953125,4252.10009765625,4237.39990234375,4237.7001953125,2752,-0.0027806136343617,4281.9086130904025,4307.438131866167,0.9940731548558064,17.938705175487357,21.664341517857142,0.0032049907670355,0,0.35205042,0
2026-06-18 15:00:00-04:00,4237.89990234375,4238.39990234375,4220.2998046875,4236.2001953125,6025,-0.0003540282388323,4277.555430444888,4304.644487295435,0.9937070164724412,18.73299494908592,21.264334542410715,0.0031151975758599,0,0.3300299,0
2026-06-18 16:00:00-04:00,4236.2001953125,4238.7001953125,4226.60009765625,4227.89990234375,1627,-0.001961294297963,4272.826332530493,4301.634895728703,0.9933028804404542,17.89197465987776,21.128627232142858,0.0025138271557486,0,0.332458,0
2026-06-18 18:00:00-04:00,4231.2001953125,4231.39990234375,4221.2998046875,4225.89990234375,0,-0.0004731600188129,4268.357148703184,4298.664895988116,0.9929494975723236,19.99999999796364,20.235770089285715,0.002390390934892,0,0.317287,0
2026-06-18 19:00:00-04:00,4226.2001953125,4226.7998046875,4205.0,4206.7998046875,1721,-0.0045300155306459,4262.494544511214,4295.062343388091,0.9924173862279292,20.50706932937668,19.792898995535715,0.0024969377416976,0,0.33691832,0
2026-06-18 20:00:00-04:00,4206.89990234375,4216.89990234375,4202.2001953125,4209.0,2276,0.0005228725525056,4257.3998259863365,4291.687349529735,0.9920107126286458,20.74342181475532,19.842878069196427,0.002410941778539,0,0.31567886,0
2026-06-18 21:00:00-04:00,4209.2998046875,4213.10009765625,4201.2001953125,4202.60009765625,2233,-0.0015216851738972,4252.180804240614,4288.193731809206,0.9916018422158837,21.95121013972576,19.357177734375,0.0024053579005912,0,0.34559962,0
2026-06-18 22:00:00-04:00,4202.2998046875,4204.0,4189.5,4193.89990234375,3208,-0.0020723392904538,4246.630242155198,4284.495934575267,0.9911621593302264,22.775430482090968,19.228585379464285,0.002407289589371,0,0.34559962,0
2026-06-18 23:00:00-04:00,4194.0,4194.7001953125,4162.7001953125,4167.5,3948,-0.0063147296812704,4239.094028616608,4279.90785870957,0.9904638530920924,16.204929478260226,19.400006975446427,0.0026079349614106,1,0.47563785,0
2026-06-21 18:00:00-04:00,4163.89990234375,4176.0,4151.39990234375,4172.7998046875,2972,0.0012708908612276,4232.780293004312,4275.707542865567,0.9899601997024132,13.13699235021464,18.821428571428573,0.0026369865056092,1,0.4534791,0
2026-06-21 19:00:00-04:00,4172.7998046875,4181.5,4152.89990234375,4157.0,3971,-0.0037935662335391,4225.563122241996,4271.0523451061335,0.9893494110611264,12.09506167149638,19.271449497767858,0.0025505849262903,1,0.47923014,0
2026-06-21 20:00:00-04:00,4157.2998046875,4218.2998046875,4156.60009765625,4218.10009765625,5774,0.0145911525752139,4224.852357995735,4268.975786382609,0.9896641652249184,42.642334729589216,21.357142857142858,0.0044102918901449,0,0.4887352,0
2026-06-21 21:00:00-04:00,4217.7001953125,4238.10009765625,4172.89990234375,4208.10009765625,8227,-0.0023735502273839,4223.25690463007,4266.588504471772,0.9898439702361064,41.92182855183033,24.621442522321427,0.0043899357102414,0,0.37267983,0
2026-06-21 22:00:00-04:00,4208.2001953125,4217.89990234375,4172.89990234375,4205.7001953125,3342,-0.000570468117918,4221.584837076015,4264.200727641996,0.9900061246437742,37.90060643698559,26.785714285714285,0.0043552577741935,0,0.33803666,0
2026-06-21 23:00:00-04:00,4206.2998046875,4207.39990234375,4172.89990234375,4189.60009765625,2146,-0.0038355072080655,4218.53867141699,4261.275212740595,0.989970950199173,37.02104111763932,28.199986049107142,0.00439170451491,0,0.35863853,0
2026-06-22 00:00:00-04:00,4189.2001953125,4199.7001953125,4172.89990234375,4199.39990234375,1038,0.0023363473942546,4216.715931505252,4258.848729979934,0.9901069981241432,40.49579689638633,28.821428571428573,0.0043878073710389,0,0.2995839,0
2026-06-22 01:00:00-04:00,4199.2998046875,4216.39990234375,4172.89990234375,4211.2998046875,2679,0.0028297075626784,4216.2001099035615,4256.984066242976,0.9904195186768908,45.79104403374167,31.064278738839285,0.0044662962228338,0,0.29181382,0
2026-06-22 02:00:00-04:00,4211.60009765625,4225.39990234375,4172.89990234375,4215.39990234375,3678,0.0009731207049854,4216.123899659769,4255.353314717517,0.9907811614791024,47.3657776459625,34.092843191964285,0.004290212751075,0,0.22602767,0
2026-06-22 03:00:00-04:00,4216.0,4219.7001953125,4172.89990234375,4208.5,2943,-0.0016381732847715,4215.397813977887,4253.515929826634,0.9910384452585554,50.45435565153028,35.878592354910715,0.004290759120177,0,0.2223222,0
2026-06-22 04:00:00-04:00,4208.2998046875,4215.89990234375,4172.89990234375,4215.7001953125,2753,0.0017094078722866,4215.426612200231,4252.032959845688,0.9913908598566494,51.74393777265111,37.90004185267857,0.0042650124857201,0,0.20714568,0
2026-06-22 05:00:00-04:00,4215.5,4228.60009765625,4172.89990234375,4226.2001953125,4819,0.0024875928235929,4216.452667734733,4251.019910256152,0.9918684825639088,56.014305015452194,41.028634207589285,0.0042728758956373,0,0.20137721,0
2026-06-22 06:00:00-04:00,4226.5,4232.2998046875,4172.89990234375,4222.7001953125,2350,-0.0008285102293529,4217.047670361187,4249.909333199538,0.992267679081612,57.53936297885617,44.23577008928572,0.0042754673465622,0,0.23282644,0
2026-06-22 07:00:00-04:00,4222.7998046875,4233.7001953125,4172.89990234375,4225.2998046875,2900,0.0006154378449462,4217.833587916073,4248.944253650046,0.992678024498145,67.28471134637411,46.292933872767854,0.0042571016796868,0,0.23781666,0
2026-06-22 08:00:00-04:00,4225.89990234375,4229.89990234375,4172.89990234375,4211.39990234375,5246,-0.0032951071872208,4217.220855956804,4247.471926147839,0.992877864594041,60.97845498726971,48.607212611607146,0.0043188537838164,0,0.24689671,0
2026-06-22 09:00:00-04:00,4211.60009765625,4224.5,4172.89990234375,4218.5,12460,0.0016845038297987,4217.342679199013,4246.335772181256,0.9931722090438104,68.40219741113545,50.250069754464285,0.0042110066812356,0,0.23564045,0
2026-06-22 10:00:00-04:00,4218.7001953125,4229.5,4172.89990234375,4216.7001953125,11138,-0.0004267366922275,4217.281490257441,4245.173592696207,0.9934296909585149,49.35069052187096,49.885811941964285,0.0042118025454468,0,0.2068931,0
2026-06-22 11:00:00-04:00,4216.60009765625,4219.60009765625,4172.89990234375,4201.0,8812,-0.0037302857440717,4215.730872137685,4243.441294943415,0.9934698229857096,46.87219021392438,48.56438337053572,0.0042846459565603,0,0.22356288,0
2026-06-22 12:00:00-04:00,4200.7998046875,4211.89990234375,4172.89990234375,4208.5,4517,0.0017836974822486,4215.042217648382,4242.071048082889,0.9936283880849373,51.18035998934735,48.135811941964285,0.0042741327637091,0,0.2049238,0
2026-06-22 13:00:00-04:00,4208.5,4210.10009765625,4172.89990234375,4201.39990234375,3983,-0.0016885098337912,4213.74294952413,4240.476101191158,0.9936957192944637,55.38314175537759,48.328683035714285,0.004022263375512,0,0.2123246,0
2026-06-22 14:00:00-04:00,4201.60009765625,4211.2998046875,4172.89990234375,4209.10009765625,1864,0.0018310914842151,4213.300773155761,4239.245669679985,0.9938798318036184,54.5117187429008,49.1572265625,0.0040305520607561,0,0.19765712,0
2026-06-22 15:00:00-04:00,4209.5,4211.60009765625,4172.89990234375,4209.39990234375,2252,7.122520345107734e-05,4212.929261649855,4238.075247431506,0.9940666495251846,49.00943467561494,48.81438337053572,0.0039080295271885,0,0.18892197,0
2026-06-22 16:00:00-04:00,4209.39990234375,4212.2998046875,4172.89990234375,4172.89990234375,965,-0.00870888217894,4209.116941715941,4235.519351545711,0.9937664291817871,33.43723121290803,47.878662109375,0.0028577333241037,0,0.20997922,0
2026-06-22 18:00:00-04:00,4210.7998046875,4212.7001953125,4206.10009765625,4207.7998046875,0,0.0083286850275791,4208.991500094185,4234.432310492448,0.9939919194515818,49.77600889270552,47.378662109375,0.0034389615590402,0,0.16169202,0
2026-06-22 19:00:00-04:00,4207.5,4213.60009765625,4204.60009765625,4205.5,864,-0.000546706951653,4208.658976275691,4233.297710080979,0.994179777683338,46.63136235079946,44.95009068080357,0.0034387595027839,0,0.16709855,0
2026-06-22 20:00:00-04:00,4205.0,4212.7001953125,4196.0,4210.7001953125,1939,0.0012357586211327,4208.853378088721,4232.411533031235,0.9944338694952848,44.69539991283269,42.164376395089285,0.0033263739440149,0,0.16376926,0
2026-06-22 21:00:00-04:00,4210.60009765625,4216.0,4167.5,4179.2998046875,7114,-0.0074852293766414,4206.038752050509,4230.32872015501,0.9942581369649188,37.52862338060114,41.385811941964285,0.0037056962537232,0,0.19588622,0
2026-06-22 22:00:00-04:00,4179.39990234375,4181.2998046875,4164.2998046875,4164.89990234375,3501,-0.0034514793855588,4202.120766364151,4227.762884162412,0.9939348259349362,33.74601530812504,38.25721958705357,0.0036980126276571,0,0.18023714,0
2026-06-22 23:00:00-04:00,4164.89990234375,4167.60009765625,4148.39990234375,4162.2001953125,4736,-0.0006484147168109,4198.318807216375,4225.191798325161,0.993639817458834,35.91074469552456,35.55723353794643,0.0036805044281709,0,0.16721682,0
2026-06-23 00:00:00-04:00,4161.7998046875,4164.7998046875,4132.2001953125,4135.60009765625,3593,-0.0064113832185129,4192.345596782077,4221.678398298929,0.9930518626125876,28.6450642341804,34.20005580357143,0.0038973466721695,0,0.20789203,0
2026-06-23 01:00:00-04:00,4136.0,4155.0,4133.10009765625,4138.89990234375,4787,0.0007975841108051,4187.255530645094,4218.432182771276,0.9926094219901148,30.11240947488976,31.721470424107142,0.003870781900153,0,0.19962914,0
2026-06-23 02:00:00-04:00,4139.60009765625,4144.89990234375,4127.89990234375,4132.39990234375,6101,-0.0015717000934637,4182.031185092585,4215.058367852549,0.9921644779555472,31.59867660805193,29.600027901785715,0.0037882855891964,0,0.23468834,0
2026-06-23 03:00:00-04:00,4131.89990234375,4142.7001953125,4114.0,4116.0,5589,-0.0039765103895015,4175.742500798053,4211.173725975978,0.9915863776981289,26.318460698058857,28.864327566964285,0.0038404775088924,0,0.2562655,0
2026-06-23 04:00:00-04:00,4116.2998046875,4128.39990234375,4108.2001953125,4122.60009765625,5968,0.0016022379991694,4170.681319546453,4207.700250355597,0.9912020988648096,29.774157160411875,27.650006975446427,0.0038723127216358,0,0.27724504,0
2026-06-23 05:00:00-04:00,4123.0,4140.10009765625,4122.10009765625,4140.10009765625,4144,0.0042359097518011,4167.7688222235765,4205.04926397523,0.9911343626646574,33.137797716218486,26.19287109375,0.0040241484355941,0,0.3380037,0
2026-06-23 06:00:00-04:00,4140.0,4151.10009765625,4137.39990234375,4137.7001953125,3734,-0.0005798406161184,4164.9051434701405,4202.408124027672,0.9910758356992734,32.65606950532501,24.407156808035715,0.0039805946409176,0,0.33674216,0
2026-06-23 07:00:00-04:00,4137.60009765625,4150.0,4135.2001953125,4141.10009765625,4694,0.0008213515037374,4162.6379962497695,4200.003887699381,0.9911033674137668,40.84104946623371,22.650006975446427,0.0039992493173877,0,0.41891932,0
2026-06-23 08:00:00-04:00,4141.0,4145.2998046875,4129.0,4131.0,6174,-0.0024419681957653,4159.624853749791,4197.297852887641,0.9910244637244576,24.19358014092681,20.971400669642858,0.00396153773148,0,0.5179464,0
2026-06-23 09:00:00-04:00,4131.10009765625,4158.5,4122.7998046875,4154.10009765625,11890,0.0055763134404143,4159.098686502787,4195.603823270724,0.9912991935593484,34.84673562579964,22.878557477678573,0.0041785738262963,0,0.33408865,0
2026-06-23 10:00:00-04:00,4153.10009765625,4163.5,4140.0,4147.5,14041,-0.0015900787725794,4157.994049692998,4193.717398828735,0.991481698517474,31.520410724758563,23.3642578125,0.0041773447197211,0,0.3551594,0
2026-06-23 11:00:00-04:00,4148.0,4159.39990234375,4140.60009765625,4156.7001953125,8288,0.0022157941428024,4157.870825466283,4192.265743788883,0.991795625462542,42.4060352651887,21.242815290178573,0.0041902150841659,0,0.31534657,0
2026-06-23 12:00:00-04:00,4156.7998046875,4161.7998046875,4149.2998046875,4151.89990234375,4214,-0.0011554999509986,4157.302166121281,4190.682769614565,0.9920345668406788,45.33046631741142,20.92138671875,0.0041884443247656,0,0.3259753,0
2026-06-23 13:00:00-04:00,4151.89990234375,4157.7001953125,4145.5,4145.89990234375,4797,-0.0014461667398409,4156.216236237706,4188.9265787412,0.9921912351795568,44.28061855164417,20.42138671875,0.0037481002266604,0,0.32012329,0
2026-06-23 14:00:00-04:00,4146.0,4148.7998046875,4130.7998046875,4135.60009765625,2845,-0.0024874261904619,4154.252794468043,4186.8353441888485,0.9922178573929284,49.99999999445326,19.378557477678573,0.003169481303095,0,0.339669,0
2026-06-23 15:00:00-04:00,4135.7998046875,4144.39990234375,4129.10009765625,4129.60009765625,3301,-0.0014518707138798,4151.9049185812055,4184.590824716982,0.9921889839401472,46.392639054312426,18.907121930803573,0.0031711536069532,0,0.31363168,0
2026-06-23 16:00:00-04:00,4129.89990234375,4130.7998046875,4125.0,4129.0,2381,-0.0001453267261303,4149.723497763948,4182.410792375139,0.9921845805603836,48.6179313574801,18.107107979910715,0.0031368054595912,0,0.31334037,0
2026-06-23 18:00:00-04:00,4130.0,4132.39990234375,4113.89990234375,4121.2001953125,0,-0.0018908164230353,4147.006992768573,4180.010376804055,0.9921044731805866,52.27280486956975,17.378522600446427,0.0027519811396675,0,0.342133,0
2026-06-23 19:00:00-04:00,4120.89990234375,4120.89990234375,4097.89990234375,4116.60009765625,3096,-0.0011168268156048,4144.11109799597,4177.523699190416,0.992001816482592,47.330970123907136,17.599993024553573,0.0026776365642959,0,0.31716684,0
2026-06-23 20:00:00-04:00,4117.0,4129.7001953125,4111.39990234375,4114.7001953125,3091,-0.0004616287366195,4141.310059645164,4175.060032371674,0.9919162904329932,36.88025543358824,17.621442522321427,0.0026777229911538,0,0.3121839,0
2026-06-23 21:00:00-04:00,4114.89990234375,4119.7998046875,4086.0,4106.5,6255,-0.0019948907305835,4137.994815869434,4172.3714036512165,0.9917608993888464,34.79531328346967,19.05712890625,0.0023305914867117,0,0.3401233,0
2026-06-23 22:00:00-04:00,4106.39990234375,4113.10009765625,4069.0,4078.300048828125,6567,-0.0068908373057157,4132.309599960738,4168.682330913056,0.991274765485824,25.35332184539142,21.150006975446427,0.0027305707210393,0,0.3421752,0
2026-06-23 23:00:00-04:00,4078.10009765625,4088.5,4067.0,4079.89990234375,3794,0.0003922074834422,4127.318200187691,4165.200667047593,0.99090500797246,28.51138360621632,21.521449497767858,0.0027343023015011,0,0.4459198,0
2026-06-24 00:00:00-04:00,4080.10009765625,4083.699951171875,4071.60009765625,4080.60009765625,2099,0.0001716059835104,4122.868857089459,4161.882997659697,0.9906258439768306,11.917291138920676,19.83571079799108,0.0026228948654582,0,0.45305344,0
2026-06-24 01:00:00-04:00,4081.199951171875,4103.10009765625,4077.60009765625,4093.10009765625,3858,0.0030585926682135,4120.033737143439,4159.185629032111,0.9905866447471392,23.43764900783916,19.97856794084821,0.0027013808355081,0,0.45890695,0
2026-06-24 02:00:00-04:00,4093.10009765625,4114.7001953125,4093.10009765625,4103.89990234375,5040,0.0026350642763434,4118.497181448231,4157.017561318842,0.990733649953985,24.615243761710445,20.1785888671875,0.0025790101662302,0,0.45686296,0
2026-06-24 03:00:00-04:00,4103.89990234375,4107.7998046875,4090.699951171875,4091.5,3027,-0.0030260663186042,4115.926021310304,4154.448245188692,0.9907274753216628,22.93901713077885,20.507149832589285,0.0026432426292757,0,0.47566763,0
2026-06-24 04:00:00-04:00,4091.60009765625,4104.7998046875,4090.0,4093.300048828125,2940,0.0004398516387467,4113.771166788192,4152.050276703963,0.990780672832758,25.51209454350112,20.692836216517858,0.0026340993494743,0,0.45328772,0
2026-06-24 05:00:00-04:00,4093.300048828125,4095.800048828125,4081.60009765625,4081.800048828125,3869,-0.002813423064713,4110.726298411043,4149.295365806872,0.9907046705535438,25.230146683646822,20.42140415736608,0.0026491815208168,0,0.47446895,0
2026-06-24 06:00:00-04:00,4082.0,4083.699951171875,4071.0,4072.300048828125,3285,-0.0023301171642574,4107.066655593622,4146.275941611627,0.9905434933491754,24.442406908684266,20.235700334821427,0.0022370169336075,0,0.48184758,0
2026-06-24 07:00:00-04:00,4072.10009765625,4075.60009765625,4053.89990234375,4063.199951171875,7738,-0.0022371339073376,4102.8888742201225,4143.018059633598,0.9903140211227984,22.71968127806996,21.371442522321427,0.0022507224559937,0,0.4779448,0
2026-06-24 08:00:00-04:00,4063.39990234375,4065.199951171875,4003.300048828125,4004.0,22560,-0.0146769670347638,4093.47088619916,4137.566371020515,0.989342651968026,15.93017577995336,24.471435546875,0.0036835015359779,1,0.3692657,0
2026-06-24 09:00:00-04:00,4004.10009765625,4059.0,3980.300048828125,4054.89990234375,39903,0.0126321408143464,4089.79745916531,4134.324548719466,0.9892298998229476,35.868014080253545,28.42855398995536,0.0049104093091883,0,0.30614048,0
2026-06-24 10:00:00-04:00,4054.89990234375,4058.199951171875,4020.0,4025.0,16335,-0.0074010913967939,4083.626272578138,4130.037311514781,0.9887625618278928,31.79044529994429,29.849958147321427,0.0051039948677836,0,0.33795777,0
2026-06-24 11:00:00-04:00,4025.39990234375,4033.89990234375,4014.300048828125,4019.5,8596,-0.0013673940846482,4077.519008523077,4125.702514984791,0.9883211389365308,32.14282850612638,28.835675920758927,0.0050984981949285,0,0.34507436,0
2026-06-24 12:00:00-04:00,4019.39990234375,4039.699951171875,4012.60009765625,4023.39990234375,8805,0.0009697752543848,4072.3648079345694,4121.690647822397,0.9880326195965514,37.482841653224526,27.621372767857142,0.0051264737516269,0,0.36299542,0
2026-06-24 13:00:00-04:00,4023.699951171875,4028.60009765625,3989.5,3989.800048828125,11606,-0.008386175469851,4064.50149754348,4116.518467469681,0.9873638439041974,32.073217054472494,28.878522600446427,0.0053546588365612,0,0.36711326,0
2026-06-24 14:00:00-04:00,3989.89990234375,4011.699951171875,3975.699951171875,3998.10009765625,9129,0.0020781561269063,4058.1775546970775,4111.874609829939,0.9869409794246906,34.067171355277225,30.585675920758927,0.0054209253873163,0,0.32048762,0
2026-06-24 15:00:00-04:00,3998.699951171875,4008.199951171875,3990.39990234375,4004.89990234375,4713,0.0016993143380729,4053.103492568189,4107.679523261853,0.9867136590416562,32.582846077280166,30.035679408482142,0.0054682145457969,0,0.3355738,0
2026-06-24 16:00:00-04:00,4005.5,4020.0,4001.60009765625,4016.39990234375,3190,0.0028673676733789,4049.607912546814,4104.099930284673,0.98672254119941,32.768766849608355,29.807094029017858,0.0055475853602113,0,0.3355738,0
2026-06-24 18:00:00-04:00,4019.0,4024.89990234375,4008.800048828125,4012.0,0,-0.0010960846090812,4046.026206589975,4100.488168312725,0.9867181761080022,33.83485371191911,29.735665457589285,0.0055445236048405,0,0.35475537,0
2026-06-24 19:00:00-04:00,4012.5,4033.89990234375,4006.0,4026.60009765625,2972,0.0036325015632036,4044.176100977239,4097.590596914432,0.9869644136782684,37.108602693453335,30.67138671875,0.0054712988181732,0,0.33307374,0
2026-06-24 20:00:00-04:00,4028.300048828125,4031.5,3994.199951171875,4007.300048828125,4459,-0.0048046616473472,4040.664096010657,4094.049791107127,0.9869601744433026,36.022488459808166,32.32139369419643,0.0055427409996696,0,0.32805663,0
2026-06-24 21:00:00-04:00,4007.199951171875,4021.39990234375,3987.89990234375,3992.199951171875,4714,-0.0037752648517818,4036.048463168868,4090.055679737117,0.9867954813339558,35.28110756018451,33.80711146763393,0.0055728446809878,0,0.2986364,0
2026-06-24 22:00:00-04:00,3992.89990234375,4006.60009765625,3976.300048828125,3998.699951171875,5946,0.0016268509211814,4032.491462026297,4086.473102146323,0.9867901638477264,38.03337349309158,34.42138671875,0.0055256758283383,0,0.26786038,0
2026-06-24 23:00:00-04:00,3998.800048828125,4016.60009765625,3981.60009765625,4012.39990234375,4917,0.0034202456036346,4030.5779801517688,4083.568270781516,0.9870235325783824,51.87498228562475,32.499965122767854,0.0055568097446101,0,0.3465123,0
2026-06-25 00:00:00-04:00,4011.10009765625,4013.199951171875,3999.5,4011.800048828125,2561,-0.0001495111089934,4028.789605739993,4080.753830704913,0.987266023112219,37.5935559014105,27.857107979910715,0.0055422881990007,1,0.38023174,0
2026-06-25 01:00:00-04:00,4012.0,4015.699951171875,3996.199951171875,4001.60009765625,4181,-0.0025457250340684,4026.200128779637,4077.649762742221,0.9873825274468928,42.40260501658016,26.52139718191964,0.0055421383917667,1,0.39949328,0
2026-06-25 02:00:00-04:00,4001.5,4004.60009765625,3988.89990234375,3992.699951171875,4374,-0.0022266239963848,4023.009635674136,4074.318397582599,0.987406786386919,41.48662419420388,26.242850167410715,0.0055343210098104,1,0.39949328,0
2026-06-25 03:00:00-04:00,3992.5,4005.5,3986.60009765625,4003.5,5612,0.0027012969814182,4021.1515751337415,4071.541205520537,0.98762394193175,43.94402738521079,25.65713936941964,0.0055897076752266,1,0.4072089,0
2026-06-25 04:00:00-04:00,4003.60009765625,4017.89990234375,4000.199951171875,4004.89990234375,5972,0.0003496085048397,4019.60379677279,4068.9278210822313,0.9878778817225804,55.71531803335371,24.128557477678573,0.0055858950580409,1,0.44723862,0
2026-06-25 05:00:00-04:00,4004.89990234375,4013.5,4001.89990234375,4003.39990234375,3753,-0.0003746113542511,4018.060568731929,4066.358098778762,0.9881226569638966,52.11484953473218,22.385707310267858,0.0045190326257501,1,0.47106537,0
2026-06-25 06:00:00-04:00,4003.0,4004.60009765625,3996.39990234375,3999.5,2535,-0.0009746223744005,4016.292895519364,4063.736212552144,0.9883251976626248,47.79415577392898,21.70000348772321,0.003402237828211,1,0.47425085,0
2026-06-25 07:00:00-04:00,4000.0,4003.199951171875,3988.60009765625,3995.300048828125,3763,-0.0010506708191793,4014.293576786865,4061.052441425712,0.9884860229427544,40.8341093048419,21.428571428571427,0.0030172890974068,1,0.46315768,0
2026-06-25 08:00:00-04:00,3995.39990234375,4035.10009765625,3993.5,4028.199951171875,13959,0.0082009314475094,4015.6179933949616,4059.7641084745815,0.9891259408428518,55.640657270772536,23.25001743861608,0.0035605368032022,0,0.34761426,0
2026-06-25 09:00:00-04:00,4028.199951171875,4049.89990234375,4016.60009765625,4017.5,18536,-0.0026597953055389,4015.797232119251,4058.1066924559705,0.9895740887208871,46.742978971565634,23.635724748883927,0.0036065082291317,1,0.35608146,0
2026-06-25 10:00:00-04:00,4017.89990234375,4045.60009765625,4015.10009765625,4027.60009765625,13438,0.0025108706765517,4016.9213145513454,4056.910355405001,0.990142981394603,57.77781103047514,23.150006975446427,0.0030673964177084,0,0.3292079,0
2026-06-25 11:00:00-04:00,4027.800048828125,4058.699951171875,4020.39990234375,4057.5,12890,0.0073963311005269,4020.785951260742,4056.933478722452,0.9910899383361116,72.47083492959594,23.492867606026785,0.0034238137762848,0,0.3336587,0
2026-06-25 12:00:00-04:00,4057.199951171875,4060.0,4039.10009765625,4044.0,6938,-0.0033327192483841,4022.9968130454336,4056.4262834784345,0.9917588862469516,64.87202216713499,22.821428571428573,0.003532569596788,0,0.339877,0
2026-06-25 13:00:00-04:00,4044.39990234375,4052.300048828125,4042.300048828125,4050.199951171875,6784,0.0015319494012542,4025.587588105095,4056.18211358406,0.9924573097010352,63.05254265541557,21.035714285714285,0.0034976328075992,0,0.34310606,0
2026-06-25 14:00:00-04:00,4050.5,4059.89990234375,4041.60009765625,4050.39990234375,4426,4.93670038099676e-05,4027.950665651633,4055.955360202087,0.993095413518294,63.36563187829182,21.36427525111608,0.0034808557644118,0,0.34407598,0
2026-06-25 15:00:00-04:00,4051.0,4059.699951171875,4036.800048828125,4041.60009765625,6198,-0.0021749402264846,4029.2506115568335,4055.392408729701,0.9935538180925246,63.9860617359154,21.607125418526785,0.0034457584984642,0,0.3504811,0
2026-06-25 16:00:00-04:00,4042.10009765625,4049.800048828125,4039.39990234375,4041.60009765625,1636,0.0,4030.426753090112,4054.851533785644,0.9939764056730508,68.23280310827853,21.228550502232142,0.0032409083252093,0,0.33179316,0
2026-06-25 18:00:00-04:00,4044.39990234375,4051.60009765625,4034.5,4041.39990234375,0,-4.953490351133531e-05,4031.471814923792,4054.3240188271375,0.9943634983792052,65.34415067638668,21.099993024553573,0.0030902784497203,0,0.34407598,0
2026-06-25 19:00:00-04:00,4041.300048828125,4045.699951171875,4027.5,4030.199951171875,1131,-0.0027751520301151,4031.350685042657,4053.3779769583048,0.9945656950718972,59.489922062635394,21.135707310267858,0.0031699611533703,0,0.33409825,0
2026-06-25 20:00:00-04:00,4029.89990234375,4039.60009765625,4026.300048828125,4035.10009765625,2331,0.0012151183607892,4031.707771958237,4052.661197377832,0.9948297120338724,61.59482927348436,21.25713239397321,0.0030966027211334,0,0.3242566,0
2026-06-25 21:00:00-04:00,4035.60009765625,4044.800048828125,4029.300048828125,4035.89990234375,3447,0.000198192216607,4032.107022471144,4052.003891690221,0.9950896223816856,63.62275776711478,21.778547014508927,0.003095027781336,0,0.33973727,0
2026-06-25 22:00:00-04:00,4036.199951171875,4038.300048828125,3998.10009765625,4006.0,6674,-0.0074360637369477,4029.620639378654,4050.199817506291,0.9949189721359704,53.35843712317903,23.607125418526785,0.003498512885434,1,0.30022293,0
2026-06-25 23:00:00-04:00,4005.89990234375,4022.0,4001.800048828125,4018.60009765625,2984,0.0031403703257513,4028.57106397652,4048.9606128062896,0.9949642511302084,46.54680921225135,22.078543526785715,0.003520065039186,1,0.27750474,0
2026-06-26 00:00:00-04:00,4019.39990234375,4030.199951171875,4013.800048828125,4026.800048828125,2365,0.0020384204295417,4028.402395867149,4048.091571081656,0.9951361833425014,53.40661737986999,20.871407645089285,0.0034995570621677,1,0.32323787,0
2026-06-26 01:00:00-04:00,4026.39990234375,4037.10009765625,4021.10009765625,4023.199951171875,2892,-0.0008944342599404,4027.90692494379,4047.115429124409,0.9952537790144584,48.30763278407195,19.835693359375,0.0035094865540278,1,0.31665245,0
2026-06-26 02:00:00-04:00,4023.199951171875,4049.0,4022.10009765625,4047.199951171875,6366,0.0059476781919418,4029.744356013131,4047.118743714506,0.9957069735775956,45.85009629376147,19.02139718191964,0.0037301549318444,1,0.3127167,0
2026-06-26 03:00:00-04:00,4047.800048828125,4055.5,4042.5,4046.39990234375,4517,-0.0001976991314645,4031.3305985208094,4047.0905538568295,0.9961058555210728,51.07715638836152,18.45711844308036,0.0037175308938393,1,0.3361896,0
2026-06-26 04:00:00-04:00,4046.10009765625,4053.0,4041.199951171875,4046.10009765625,2345,-7.409445477594112e-05,4032.737217486089,4047.051712437199,0.9964629819512512,48.056936958913056,18.585693359375,0.0037013231245466,1,0.32089403,0
2026-06-26 05:00:00-04:00,4045.800048828125,4069.699951171875,4044.60009765625,4062.800048828125,7515,0.0041189247568716,4035.6003442805686,4047.6692942564514,0.9970182964322188,55.08203741130648,19.0714111328125,0.0033586551374262,1,0.34457493,0
2026-06-26 06:00:00-04:00,4062.300048828125,4070.800048828125,4057.5,4069.800048828125,2780,0.0017214670940713,4038.857458999384,4048.537166984752,0.9976090850630432,61.73043369804165,18.385707310267858,0.0032888382673764,1,0.35803652,0
2026-06-26 07:00:00-04:00,4070.0,4071.5,4057.60009765625,4061.0,3768,-0.0021646214914628,4040.966272428014,4049.0259055343695,0.9980094883820476,57.519341987459136,18.635689871651785,0.0033154192781314,1,0.35061598,0
2026-06-26 08:00:00-04:00,4061.10009765625,4076.699951171875,4050.60009765625,4074.0,5759,0.0031960691004532,4044.112341720584,4050.005281787925,0.9985449549673824,61.49511373124802,19.278529575892858,0.0029642070034843,1,0.3405344,0
2026-06-26 09:00:00-04:00,4074.10009765625,4093.10009765625,4057.699951171875,4088.699951171875,13506,0.003601741372613,4048.358780715945,4051.522719802982,0.999219074085017,70.13079098976795,20.507114955357142,0.0029342883634937,0,0.34552786,0
2026-06-26 10:00:00-04:00,4088.60009765625,4108.7001953125,4083.0,4095.699951171875,16389,0.0017105717683373,4052.8674636165097,4053.255160248821,0.9999043493150608,70.55630733293805,21.39283970424108,0.0029377054424542,0,0.3425089,0
2026-06-26 11:00:00-04:00,4095.89990234375,4111.5,4090.699951171875,4106.2998046875,8043,0.0025847012270971,4057.956258004223,4055.335342383671,1.000646288259607,72.39186816979415,21.771414620535715,0.0029691101016223,0,0.33410445,0
2026-06-26 12:00:00-04:00,4106.10009765625,4109.2001953125,4097.39990234375,4099.89990234375,4894,-0.0015597728229276,4061.950890798464,4057.0829721860273,1.001199856804953,85.11597160716667,19.742867606026785,0.0029409727484505,0,0.3847552,0
2026-06-26 13:00:00-04:00,4100.2001953125,4103.39990234375,4088.699951171875,4089.60009765625,5759,-0.0025153697095413,4064.5841485944434,4058.358153577016,1.0015341166998628,77.01686323527447,19.35001046316964,0.0030257692087888,0,0.43424943,0
2026-06-26 14:00:00-04:00,4089.89990234375,4094.0,4081.89990234375,4082.199951171875,3049,-0.0018111428236156,4066.261844078008,4059.293126031717,1.0017167319111795,71.20982696232174,19.04288155691964,0.0030706828732054,0,0.43424943,0
2026-06-26 15:00:00-04:00,4082.0,4089.0,4079.0,4086.199951171875,3335,0.0009793840574782,4068.1607114202807,4060.348295645056,1.001924075277878,74.04589114596293,18.61431012834821,0.0029729860456763,0,0.41809496,0
2026-06-26 16:00:00-04:00,4086.39990234375,4104.39990234375,4079.0,4096.2998046875,2400,0.0024686486883485,4070.8406250647777,4061.75815874476,1.0022360923435247,70.965038280729,18.50716727120536,0.0029977502056694,0,0.41516772,0
2026-06-28 18:00:00-04:00,4089.800048828125,4092.39990234375,4067.10009765625,4080.800048828125,2950,-0.0037910199704926,4071.789141613668,4062.504899532343,1.002285349140722,63.05022329648559,19.664289202008927,0.0031646520607004,0,0.4239005,0
2026-06-28 19:00:00-04:00,4080.199951171875,4084.800048828125,4065.89990234375,4076.699951171875,1938,-0.0010052339568522,4072.2568377620687,4063.0615682240896,1.0022631381246825,61.28318463938816,20.17143903459821,0.0025835327570666,0,0.40286654,0
2026-06-28 20:00:00-04:00,4076.300048828125,4088.699951171875,4062.60009765625,4083.89990234375,3916,0.0017645646568429,4073.365701055562,4063.87875779741,1.0023344552885465,58.36635991785728,20.242867606026785,0.0025379459639398,0,0.39652708,0
2026-06-28 21:00:00-04:00,4083.699951171875,4088.60009765625,4068.0,4075.800048828125,3469,-0.0019853318687176,4073.597543700568,4064.3462594064576,1.002276204758071,52.35850504598309,20.764299665178573,0.0025939695160898,0,0.38740358,0
2026-06-28 22:00:00-04:00,4075.39990234375,4086.5,4073.199951171875,4080.800048828125,2902,0.0012260011687271,4074.2834965698594,4064.991506050445,1.0022858573026745,58.02276418245528,20.72145298549108,0.0025727157467244,0,0.39150825,0
2026-06-28 23:00:00-04:00,4081.10009765625,4090.39990234375,4079.89990234375,4083.199951171875,1325,0.0005879231780691,4075.132682722432,4065.705562721873,1.0023186922552865,54.07802607412791,19.607177734375,0.0022584581430164,0,0.3856966,0
2026-06-29 00:00:00-04:00,4082.800048828125,4083.199951171875,4063.5,4065.699951171875,2298,-0.0042950648829746,4074.2343273366646,4065.705342661089,1.0020977872119954,40.05182747342789,18.485735212053573,0.0024932500056036,0,0.363199,0
2026-06-29 01:00:00-04:00,4065.5,4071.699951171875,4053.800048828125,4069.0,4609,0.0008113511325472,4073.735819971268,4065.834544909674,1.0019433341357893,38.06963840698028,17.928571428571427,0.0024952786009411,0,0.367246,0
2026-06-29 02:00:00-04:00,4068.60009765625,4079.60009765625,4068.10009765625,4077.0,3939,0.0019641548175635,4074.046694259719,4066.2724058936087,1.001911895611037,36.59652884339924,17.2642822265625,0.0023639642106895,0,0.36445177,0
2026-06-29 03:00:00-04:00,4077.5,4083.199951171875,4070.699951171875,4076.300048828125,2700,-0.0001716976363933,4074.26129945671,4066.6656467930015,1.0018677839103145,38.61003951469906,17.314261300223215,0.002336501721384,0,0.36859933,0
2026-06-29 04:00:00-04:00,4075.699951171875,4081.0,4057.5,4060.89990234375,3949,-0.0037851263244125,4072.988785445952,4066.4395391675407,1.0016105603477758,36.79840263297464,17.942836216517858,0.0024440525892164,0,0.3886874,0
2026-06-29 05:00:00-04:00,4061.300048828125,4069.39990234375,4038.10009765625,4045.800048828125,7937,-0.0037252818210133,4070.39938195854,4065.6301473895246,1.0011730615909755,34.36422440501836,19.314243861607142,0.0024574807363566,0,0.34344557,0
2026-06-29 06:00:00-04:00,4046.5,4053.89990234375,4041.5,4051.10009765625,5007,0.0013091552295849,4068.561354882131,4065.060341517632,1.000861245115784,35.08920403567716,19.485665457589285,0.0023127920980021,0,0.3217819,0
2026-06-29 07:00:00-04:00,4051.699951171875,4056.699951171875,4041.5,4053.300048828125,3402,0.0005429029135153,4067.107897162702,4064.599153569024,1.00061721795899,30.418976335731728,18.75709751674108,0.0022693946892146,0,0.31824952,0
2026-06-29 08:00:00-04:00,4053.5,4067.0,4051.800048828125,4057.800048828125,5709,0.0011095906615668,4066.221435416552,4064.332522010557,1.000464753657769,38.36030087129777,17.757114955357142,0.0021855936043557,0,0.31847927,0
2026-06-29 09:00:00-04:00,4057.800048828125,4066.199951171875,4042.199951171875,4046.39990234375,6541,-0.0028133940605078,4064.3336703619993,4063.629282023624,1.0001733397142036,35.720975178507345,18.12139020647321,0.0022322258427297,0,0.33919823,0
2026-06-29 10:00:00-04:00,4046.60009765625,4049.60009765625,4012.0,4039.5,16086,-0.0017066508618302,4061.968558898952,4062.683035669756,0.9998241367183875,29.017020644311017,18.942836216517858,0.0022039311079666,0,0.31717178,0
2026-06-29 11:00:00-04:00,4039.89990234375,4045.0,4030.5,4041.5,6851,0.0004949882541358,4060.0191723371454,4061.852328388589,0.999548689636344,32.7983622689153,18.507114955357142,0.0021984491682663,0,0.28804964,0
2026-06-29 12:00:00-04:00,4041.5,4043.300048828125,4033.0,4038.39990234375,3906,-0.0007673604489761,4057.9601942425375,4060.932625406439,0.9992680422360852,28.32304431318844,18.292829241071427,0.0021710684661717,0,0.31904435,0
2026-06-29 13:00:00-04:00,4038.5,4046.699951171875,4033.800048828125,4035.300048828125,5277,-0.0007678892420308,4055.80208515545,4059.927426324936,0.9989838879525932,25.685328755867047,18.464250837053573,0.002048369060519,0,0.2521391,0
2026-06-29 14:00:00-04:00,4035.699951171875,4040.0,4026.10009765625,4027.800048828125,2492,-0.0018603271873533,4053.135224552848,4058.667529168199,0.9986369160381844,28.587625789969195,18.04996163504464,0.001940154710874,0,0.29407924,0
2026-06-29 15:00:00-04:00,4027.699951171875,4034.39990234375,4019.199951171875,4030.39990234375,3633,0.0006452690728915,4050.9699557710296,4057.558994782926,0.9983761076498534,28.018118718212506,17.857107979910715,0.0019594189797949,0,0.28185293,0
2026-06-29 16:00:00-04:00,4030.60009765625,4032.5,4027.199951171875,4030.5,938,2.483535522522352e-05,4049.020436173788,4056.497857732616,0.9981566805108564,20.90109083876142,17.414254324776785,0.0018875711188585,0,0.27317318,0
2026-06-29 18:00:00-04:00,4032.5,4036.5,4023.5,4028.39990234375,0,-0.000521187191611,4047.056575809023,4055.39597712913,0.9979436283492072,20.54113301248356,17.449968610491073,0.0018616005790279,0,0.27317318,0
2026-06-29 19:00:00-04:00,4029.0,4036.699951171875,4027.39990234375,4029.39990234375,1597,0.0002482067138357,4045.374987859949,4054.3765232159785,0.9977797978790364,26.457364731601217,16.435686383928573,0.001823999308069,0,0.284626,0
2026-06-29 20:00:00-04:00,4028.60009765625,4028.89990234375,3992.60009765625,4001.300048828125,5588,-0.0069981367418475,4041.1773746188233,4052.295092847828,0.9972564391352874,22.152656823814223,16.828543526785715,0.0022866610581403,0,0.3813657,0
2026-06-29 21:00:00-04:00,4000.5,4000.800048828125,3955.39990234375,3982.699951171875,13862,-0.004659351529616,4035.608096195304,4049.5658716056337,0.9965532662381918,13.304623217044425,19.221418108258927,0.0023154491537843,1,0.3729498,0
2026-06-29 22:00:00-04:00,3982.39990234375,3986.800048828125,3965.5,3975.800048828125,5058,-0.0017339709926625,4029.912091684144,4046.67309424181,0.995858078434476,10.418755204271704,19.65713936941964,0.0022784950479946,1,0.3719371,0
2026-06-29 23:00:00-04:00,3976.10009765625,3984.199951171875,3973.10009765625,3983.800048828125,2840,0.0020101519160899,4025.520468555,4044.207484617744,0.9953793132192598,13.510812982383412,19.36427525111608,0.0022818337029026,1,0.3400401,0
2026-06-30 00:00:00-04:00,3982.5,4011.60009765625,3981.300048828125,3999.199951171875,4459,0.0038581789920432,4023.0137526137496,4042.442483306141,0.995193813944756,27.609058708405698,19.814278738839285,0.0025370082439841,1,0.30228925,0
2026-06-30 01:00:00-04:00,3999.699951171875,4004.300048828125,3988.60009765625,3991.10009765625,2628,-0.0020274223097067,4019.974356903512,4040.42905641791,0.994937493214512,27.29827405786706,18.249982561383927,0.0024631707761726,1,0.3159632,0
2026-06-30 02:00:00-04:00,3991.5,4047.800048828125,3991.5,4043.5,8439,0.0130437469556961,4022.2148943412726,4040.549485577992,0.9954623520137146,50.63694465158734,21.264264787946427,0.0038835158827664,0,0.34116673,0
2026-06-30 03:00:00-04:00,4043.699951171875,4048.699951171875,4037.5,4046.300048828125,3791,0.0006922418163712,4024.508718578116,4040.774997862312,0.9959744654694208,52.52079564407423,21.328543526785715,0.0038747727753795,0,0.34387904,0
2026-06-30 04:00:00-04:00,4046.39990234375,4051.800048828125,4027.199951171875,4029.0,4869,-0.0042846891609006,4024.9364596659134,4040.31323324026,0.9961941630050268,48.15679887606302,22.164271763392858,0.0039841105714901,0,0.35422096,0
2026-06-30 05:00:00-04:00,4029.0,4038.0,4025.89990234375,4038.0,3737,0.0022313136814355,4026.1806063644,4040.222518211231,0.9965244706736972,52.95822835826882,22.035714285714285,0.0040128003817606,0,0.3580158,0
2026-06-30 06:00:00-04:00,4038.10009765625,4045.5,4035.5,4043.89990234375,3003,0.0014600288207232,4027.868158362432,4040.366729353683,0.9969065751134798,53.84178215576739,21.664289202008927,0.0039824779655449,0,0.35501584,0
2026-06-30 07:00:00-04:00,4043.89990234375,4051.39990234375,4039.300048828125,4047.5,3788,0.0008898578582843,4029.73785756601,4040.64646545746,0.9973002815305164,54.74331132185036,22.14998953683036,0.0039672677303114,0,0.36760443,0
2026-06-30 08:00:00-04:00,4048.0,4048.199951171875,4022.10009765625,4023.89990234375,5799,-0.005847849244691,4029.181861830557,4039.989737492216,0.9973247764563956,48.87892212693031,23.085693359375,0.0041816687699316,0,0.36626926,0
2026-06-30 09:00:00-04:00,4023.699951171875,4047.5,4022.89990234375,4043.89990234375,10592,0.0049579913864067,4030.58357997467,4040.143077290316,0.9976338715899988,53.29995888046713,24.17855398995536,0.0043352491565847,0,0.34770218,0
2026-06-30 10:00:00-04:00,4044.39990234375,4078.10009765625,4039.5,4052.0,16689,0.002001037675068,4032.623239024701,4040.60805465148,0.9980238579147546,62.69403193561248,24.30714634486608,0.0043513314305495,0,0.3926132,0
2026-06-30 11:00:00-04:00,4052.10009765625,4054.300048828125,4036.39990234375,4044.199951171875,7478,-0.0019268425405626,4033.725783038718,4040.7489133385534,0.9982619236061284,66.27846261919385,22.30714634486608,0.0043530193587578,0,0.3988446,0
2026-06-30 12:00:00-04:00,4043.800048828125,4048.5,4040.10009765625,4040.300048828125,3034,-0.0009647851187472,4034.35190359009,4040.7313108087337,0.998421224593286,67.34804568694037,21.385707310267858,0.0043592963504907,0,0.3629839,0
2026-06-30 13:00:00-04:00,4040.800048828125,4047.10009765625,4034.89990234375,4045.5,6636,0.0012861935386302,4035.413627057701,4040.918318227999,0.9986377623260864,66.84871668886728,21.464303152901785,0.0043669241159057,0,0.36862,0
2026-06-30 14:00:00-04:00,4045.89990234375,4048.699951171875,4042.800048828125,4043.60009765625,1721,-0.0004697438171735,4036.1932909242287,4041.023486048715,0.998804709959949,63.08967712717374,19.721435546875,0.0043665009449728,0,0.36962146,0
2026-06-30 15:00:00-04:00,4043.0,4044.199951171875,4029.10009765625,4030.199951171875,3443,-0.0033194180454058,4035.6224966621,4040.599033700604,0.9987683665226376,61.17776465155456,19.678571428571427,0.0044362409148038,0,0.35930878,0
2026-06-30 16:00:00-04:00,4030.199951171875,4036.0,4020.60009765625,4021.800048828125,2067,-0.0020864146524845,4034.306073058864,4039.8618186075655,0.9986247684207634,41.71125786855235,16.728567940848215,0.0041548948889049,0,0.3255079,0
2026-06-30 18:00:00-04:00,4025.0,4032.0,4022.10009765625,4026.39990234375,0,0.0011430764753332,4033.5531044193294,4039.33390032271,0.998568873966344,42.5018259914427,16.657139369419642,0.0039930752495855,0,0.32154787,0
2026-06-30 19:00:00-04:00,4026.5,4031.800048828125,4018.0,4018.89990234375,2030,-0.0018644431791647,4032.157561364512,4038.5325670686334,0.9984214549224872,45.89092526662488,15.885707310267858,0.0039971000738547,0,0.32928416,0
2026-06-30 20:00:00-04:00,4018.89990234375,4022.699951171875,4006.0,4010.199951171875,3110,-0.0021671058363779,4030.066360393785,4037.42148409229,0.9981782621092484,38.66228301186045,16.214268275669642,0.0040252266450745,0,0.3361641,0
2026-06-30 21:00:00-04:00,4010.5,4013.199951171875,3986.699951171875,3990.800048828125,5490,-0.0048493789180968,4026.326711673246,4035.593192513303,0.997703811955762,30.492317900229523,17.392839704241073,0.0040938830826237,1,0.3379791,0
2026-06-30 22:00:00-04:00,3990.39990234375,3999.0,3983.0,3991.89990234375,3295,0.0002755592792694,4023.04796792758,4033.879730153714,0.9973148028819092,29.191519374746065,17.671421595982142,0.0040692830523713,1,0.32664946,0
2026-06-30 23:00:00-04:00,3991.800048828125,3999.89990234375,3989.10009765625,3992.89990234375,2569,0.0002504759116543,4020.176723586263,4032.272678082735,0.9970002141565923,36.03597460471821,16.578560965401785,0.0026815018246578,1,0.33910066,0
2026-07-01 00:00:00-04:00,3993.39990234375,3995.39990234375,3985.300048828125,3989.199951171875,2631,-0.0009270621778145,4017.226554784893,4030.583551537211,0.9966860886068906,21.119186155804726,15.542829241071429,0.0026638768205724,1,0.37112916,0
2026-07-01 01:00:00-04:00,3989.10009765625,3992.0,3982.300048828125,3986.60009765625,2789,-0.0006519355028438,4014.3097493440696,4028.8587102085457,0.9963888133312764,13.340540834341468,13.478533063616071,0.0025277211473519,1,0.34065512,0
2026-07-01 02:00:00-04:00,3986.60009765625,3990.300048828125,3975.89990234375,3985.0,5737,-0.000401449560474,4011.5183446446345,4027.138760788603,0.9961212123366442,14.33706410712236,13.228533063616071,0.0024435588954113,1,0.31794125,0
2026-07-01 03:00:00-04:00,3985.0,3991.0,3973.0,3988.699951171875,7114,0.0009280387925511,4009.345164313895,4025.631356489908,0.9959543756658796,18.840263482157013,13.914254324776786,0.0024220605226613,1,0.31924775,0
2026-07-01 04:00:00-04:00,3988.800048828125,3997.699951171875,3982.5,3987.699951171875,3702,-0.0002507396864456,4007.2837154432254,4024.143850399005,0.9958102554027468,13.231224158441918,14.128522600446429,0.0023962633385433,1,0.31794125,0
2026-07-01 05:00:00-04:00,3987.199951171875,3999.300048828125,3985.89990234375,3997.89990234375,2909,0.0025545874839663,4006.390018957562,4023.114675965465,0.9958428584927448,23.70511883643495,14.664254324776786,0.0021813186022702,1,0.29883522,0
2026-07-01 06:00:00-04:00,3997.800048828125,4012.0,3994.60009765625,4011.89990234375,3544,0.0034957213908268,4006.914769756247,4022.674880921477,0.9960821812272288,39.542741701890535,14.828543526785714,0.002012963879101,1,0.29371092,0
2026-07-01 07:00:00-04:00,4011.5,4049.39990234375,4011.300048828125,4044.0,8252,0.0079693809351478,4010.446696446128,4023.511160101026,0.9967529694500536,59.98204064030226,16.449968610491073,0.0027092036082767,1,0.36495876,0
2026-07-01 08:00:00-04:00,4044.5,4047.800048828125,4033.199951171875,4036.800048828125,8035,-0.0017819901578185,4012.956539530128,4024.032292992285,0.9972475982656884,54.56950203459338,16.764264787946427,0.0027042485504452,1,0.36488375,0
2026-07-01 09:00:00-04:00,4036.800048828125,4122.60009765625,4026.60009765625,4104.2001953125,28583,0.0165585762125653,4021.646411509401,4027.17613229896,0.9986268986982691,74.55395417924586,22.635689871651785,0.0045886459212657,0,0.37780517,0
2026-07-01 10:00:00-04:00,4104.7998046875,4131.0,4096.89990234375,4107.89990234375,19321,0.000901038038397,4029.861029684101,4030.341770339932,0.999880719630437,78.95680563402567,23.878557477678573,0.004587238007265,0,0.38321617,0
2026-07-01 11:00:00-04:00,4108.0,4108.7998046875,4090.800048828125,4095.10009765625,8255,-0.0031207643729825,4036.074274252877,4032.8813125876313,1.0007917321184931,82.17164010923558,23.27139718191964,0.0046624890047674,0,0.39251164,0
2026-07-01 12:00:00-04:00,4095.5,4102.89990234375,4084.0,4085.0,4325,-0.00246943256642,4040.733867181175,4034.9251826822338,1.0014396015380589,77.206402742447,23.47853306361608,0.0046283166620903,0,0.43369758,0
2026-07-01 13:00:00-04:00,4084.89990234375,4087.60009765625,4081.0,4082.199951171875,5065,-0.0006856814953891,4044.683018037432,4036.779095172024,1.0019579775556362,75.82424098895072,23.17855398995536,0.004594803267189,0,0.42346483,0
2026-07-01 14:00:00-04:00,4082.300048828125,4084.699951171875,4071.300048828125,4076.0,2704,-0.0015199314560986,4047.6655877481526,4038.31716987116,1.0023149290864863,74.74350568764402,23.414271763392858,0.0046211795972325,0,0.42681193,0
2026-07-01 15:00:00-04:00,4075.5,4082.199951171875,4048.39990234375,4052.300048828125,6207,-0.005831482152859,4048.106964993864,4038.865518065551,1.0022881293984602,66.717565593367,25.135707310267858,0.0048141836051087,0,0.41579148,0
2026-07-01 16:00:00-04:00,4052.199951171875,4053.60009765625,4042.10009765625,4044.60009765625,2877,-0.001901950957461,4047.772977628377,4039.090403539696,1.0021496359876154,64.7088382406047,24.92855398995536,0.0048070617617739,1,0.41579148,0
2026-07-01 18:00:00-04:00,4049.199951171875,4057.199951171875,4045.10009765625,4057.199951171875,0,0.0031103862346135,4048.67078463252,4039.800581878213,1.002195703123094,66.19389080967628,24.542829241071427,0.0046749064167534,0,0.40794075,0
2026-07-01 19:00:00-04:00,4056.800048828125,4057.10009765625,4045.5,4047.39990234375,1948,-0.0024183929574941,4048.5497482240658,4040.098594445489,1.0020918186972456,63.549720890473175,24.292829241071427,0.0047300576165405,1,0.42358527,0
2026-07-01 20:00:00-04:00,4047.10009765625,4065.0,4042.800048828125,4063.5,3372,0.0039699956838447,4049.973581726536,4041.016296624098,1.0022165921750723,64.500482449592,24.92138671875,0.0047846583527737,1,0.40794075,0
2026-07-01 21:00:00-04:00,4063.5,4080.5,4057.0,4062.39990234375,4601,-0.0002707632818991,4051.1570408329367,4041.8548693974176,1.0023014610212628,61.837797989705535,25.357107979910715,0.0047738773730323,1,0.39358926,0
2026-07-01 22:00:00-04:00,4062.60009765625,4073.199951171875,4053.300048828125,4069.199951171875,2347,0.0016725000087918,4052.875413246169,4042.927225545436,1.002460639815101,56.70212337266228,24.057111467633927,0.0047621518499103,1,0.37274644,0
2026-07-01 23:00:00-04:00,4069.39990234375,4086.300048828125,4067.699951171875,4082.300048828125,3076,0.0032141590956615,4055.6777594920695,4044.471257831032,1.002770819953125,61.732857890266345,24.34282575334821,0.0047737493702373,1,0.39836264,0
2026-07-02 00:00:00-04:00,4082.10009765625,4085.0,4072.699951171875,4073.199951171875,1501,-0.0022316477059606,4057.346539652051,4045.5978732561625,1.0029040618380671,38.569219159277246,18.3642578125,0.0048353249754068,1,0.3661483,0
2026-07-02 01:00:00-04:00,4073.10009765625,4079.800048828125,4065.199951171875,4078.199951171875,3253,0.0012267832978344,4059.332578844415,4046.8763861156026,1.003077977071785,39.15269561591465,16.971400669642858,0.0048257126144095,1,0.35268617,0
2026-07-02 02:00:00-04:00,4078.300048828125,4092.5,4077.89990234375,4086.199951171875,4368,0.0019597282485047,4061.891376208935,4048.418486706045,1.0033279389339644,46.63129316080153,16.728567940848215,0.004818246002436,1,0.35614228,0
2026-07-02 03:00:00-04:00,4086.0,4088.199951171875,4073.39990234375,4076.60009765625,2900,-0.0023520992512445,4063.292206822965,4049.5236479197774,1.0034000440793227,46.80855010503198,16.435721261160715,0.0048420968351623,1,0.3611473,0
2026-07-02 04:00:00-04:00,4076.5,4092.60009765625,4073.60009765625,4089.10009765625,3226,0.0030615891999213,4065.75010118804,4051.075665556503,1.0036223553552217,52.44166457369189,17.321428571428573,0.0045767248433264,1,0.39207143,0
2026-07-02 05:00:00-04:00,4088.39990234375,4089.5,4075.699951171875,4077.60009765625,3566,-0.0028163168295942,4066.87867228025,4052.115839364336,1.0036432405935931,50.545735530766535,17.350010463169642,0.0046102379656035,1,0.38792992,0
2026-07-02 06:00:00-04:00,4077.89990234375,4081.60009765625,4074.199951171875,4078.60009765625,3304,0.0002452122265428,4067.994998506536,4053.1544377287246,1.0036614841614886,60.61340505132895,15.464303152901786,0.0026438028362876,1,0.41796052,0
2026-07-02 07:00:00-04:00,4079.10009765625,4084.5,4069.699951171875,4077.5,4348,-0.0002697607066488,4068.900236744009,4054.109165660932,1.0036484146032278,64.02379375752633,15.700020926339286,0.0026284271965786,1,0.43849283,0
2026-07-02 08:00:00-04:00,4077.300048828125,4154.2001953125,4073.39990234375,4130.5,25325,0.0129144095073911,4074.766880863627,4057.104884654621,1.0043533496695662,73.24028045254924,20.571480887276785,0.0038889935235109,1,0.43563697,0
2026-07-02 09:00:00-04:00,4130.7998046875,4157.10009765625,4121.7001953125,4149.7998046875,15836,0.0046616282242683,4081.9128736087578,4060.7399795578704,1.0052140482171903,80.62194458857799,22.264334542410715,0.0039357557963756,0,0.4103794,0
2026-07-02 10:00:00-04:00,4149.60009765625,4151.60009765625,4127.0,4141.89990234375,10265,-0.0019054970665125,4087.625923964472,4063.9227216279046,1.005832591798663,74.65405733422857,22.435773577008927,0.0039690874783312,1,0.42409536,0
2026-07-02 11:00:00-04:00,4141.89990234375,4144.7001953125,4127.7998046875,4141.39990234375,6996,-0.0001207248348838,4092.747255238689,4066.961042440291,1.0063404130330509,74.93688405425169,21.96437290736608,0.0039396399892872,1,0.4222308,0
2026-07-02 12:00:00-04:00,4141.7001953125,4143.2001953125,4113.0,4131.2001953125,6699,-0.0024659023956843,4096.409440007623,4069.480224905868,1.0066173598625554,69.15958359580902,22.70010811941964,0.0037066468610487,1,0.39588636,0
2026-07-02 13:00:00-04:00,4131.10009765625,4133.2998046875,4118.5,4119.5,5699,-0.0028361721741029,4098.608540959278,4071.441784713481,1.0066725149670066,61.596019458944006,22.428658621651785,0.0037502960930684,1,0.3915045,0
2026-07-02 14:00:00-04:00,4119.7001953125,4140.60009765625,4118.60009765625,4135.89990234375,3082,0.0039731385787689,4102.160099186371,4073.969554032315,1.0069196749706075,68.69414191073888,23.121512276785715,0.0037816783473148,1,0.38124818,0
2026-07-02 15:00:00-04:00,4136.2001953125,4137.5,4121.2998046875,4134.0,2531,-0.0004594740927001,4105.19247069243,4076.323689168303,1.0070820630856274,66.95026245390575,23.235804966517858,0.0037143243791261,1,0.35460708,0
2026-07-02 16:00:00-04:00,4134.2001953125,4138.2998046875,4129.39990234375,4135.5,2233,0.0003627788902474,4108.078902055056,4078.644328808761,1.0072167541156725,65.5914758850152,22.828648158482142,0.0036525752256414,1,0.3808549,0
2026-07-02 18:00:00-04:00,4138.0,4141.10009765625,4135.10009765625,4137.10009765625,0,0.0003868427477008,4110.842825445646,4080.93671190082,1.0073282473255745,70.15328362021498,22.2000732421875,0.0036446394030642,1,0.37808335,0
2026-07-02 19:00:00-04:00,4137.2001953125,4149.10009765625,4133.7998046875,4139.2001953125,2337,0.000507496738152,4113.543527337727,4083.2215543875527,1.0074259925762763,67.93135386677014,21.93580845424108,0.0036411373227627,1,0.43362296,0
2026-07-02 20:00:00-04:00,4139.0,4164.0,4135.89990234375,4160.0,3310,0.005012494637495,4117.967953305562,4086.232473823335,1.0077664400362747,77.65106454762916,22.957240513392858,0.0037237859225778,1,0.38363066,0
2026-07-02 21:00:00-04:00,4159.7998046875,4208.2998046875,4159.5,4194.89990234375,9418,0.0083544041798489,4125.294805594914,4090.49394160845,1.0085077412369372,81.7933781419486,25.91435895647321,0.0039915579608721,0,0.40317312,0
2026-07-02 22:00:00-04:00,4194.5,4199.89990234375,4189.2998046875,4196.7998046875,2821,0.000452805139016,4132.104805508493,4094.662798984099,1.009144100103599,82.47150572446515,25.614362444196427,0.0039978078351189,0,0.3911614,0
2026-07-02 23:00:00-04:00,4196.7998046875,4197.5,4188.39990234375,4188.5,2064,-0.0019796089803099,4137.475776412446,4098.342689220017,1.0095485151340229,70.863455924292,20.492919921875,0.0040669529083982,0,0.44349864,0
2026-07-05 18:00:00-04:00,4187.5,4203.5,4184.39990234375,4200.10009765625,3135,0.002765683168897,4143.439997483285,4102.333175825359,1.0100203518086155,69.15481905242893,19.328648158482142,0.0039895534346561,0,0.4566049,0
2026-07-05 19:00:00-04:00,4200.60009765625,4214.10009765625,4187.2998046875,4195.2001953125,3508,-0.0011672966371983,4148.369540133686,4105.975019726816,1.010325079963514,70.77185383442051,19.485804966517858,0.0040139912912163,0,0.45430848,0
2026-07-05 20:00:00-04:00,4195.7998046875,4200.7001953125,4182.39990234375,4191.60009765625,3416,-0.0008585152266922,4152.486736088216,4109.332865920127,1.0105014296909305,69.10213818353624,19.585797991071427,0.0039318471762427,0,0.46129027,0
2026-07-05 21:00:00-04:00,4190.5,4215.5,4184.2998046875,4198.10009765625,4427,0.001549519327086,4156.8308657613625,4112.813933831348,1.010702388349723,76.19422701809498,19.6572265625,0.0039228638408524,0,0.4585268,0
2026-07-05 22:00:00-04:00,4198.5,4200.10009765625,4180.2998046875,4185.5,3626,-0.0030058941258455,4159.561259498376,4115.664367798746,1.010665809399591,75.6610421678487,20.014404296875,0.0040319652720173,0,0.4602229,0
2026-07-05 23:00:00-04:00,4185.89990234375,4187.89990234375,4172.7001953125,4177.0,2409,-0.0020328856029356,4161.222091927102,4118.069686708599,1.0104787943141855,67.02576528493216,19.528669084821427,0.003027358551697,0,0.44566074,0
2026-07-06 00:00:00-04:00,4177.0,4187.2998046875,4169.2001953125,4171.5,1486,-0.001317602155046,4162.200940314998,4120.164993112184,1.0102024912286491,65.08449674400312,19.664341517857142,0.0028932268929765,0,0.44321322,0
2026-07-06 01:00:00-04:00,4171.2001953125,4187.2998046875,4156.39990234375,4159.7001953125,3281,-0.0028326801183698,4161.962774124284,4121.715393198471,1.009764716164592,58.98969744724896,21.235770089285715,0.0029368639743116,0,0.42239833,0
2026-07-06 02:00:00-04:00,4159.5,4187.2998046875,4156.7998046875,4161.89990234375,2731,0.0005286740666867,4161.9567863356615,4123.291256302207,1.0093773463066322,59.17157839380339,22.985770089285715,0.0029365534508232,0,0.30790785,0
2026-07-06 03:00:00-04:00,4162.0,4187.2998046875,4158.7001953125,4175.7001953125,3011,0.0033103783846121,4163.265682428694,4125.346508812415,1.009191754810239,62.42346683799301,23.935721261160715,0.0029397549243867,0,0.27872914,0
2026-07-06 04:00:00-04:00,4176.39990234375,4187.2998046875,4158.10009765625,4161.7998046875,2973,-0.0033344296261942,4163.126075024771,4126.776049827125,1.0088083348257215,50.64278738332858,24.014264787946427,0.0029717706396271,0,0.27315396,0
2026-07-06 05:00:00-04:00,4161.60009765625,4187.2998046875,4148.39990234375,4155.5,5049,-0.001514868055783,4162.399782165269,4127.9024792456685,1.008357102207004,32.31600678103783,23.30712890625,0.0028874185526867,0,0.27473655,0
2026-07-06 06:00:00-04:00,4155.5,4187.2998046875,4154.60009765625,4167.39990234375,2409,0.0028595587096427,4162.87598408703,4129.451397798534,1.0080941953467026,37.89129900981623,24.885672433035715,0.0029402158250149,0,0.25159088,0
2026-07-06 07:00:00-04:00,4167.2998046875,4187.2998046875,4163.89990234375,4167.39990234375,1902,0.0,4163.306833444813,4130.939574447367,1.007835326180431,40.6719365832165,25.907087053571427,0.0029415914671782,0,0.24833131,0
2026-07-06 08:00:00-04:00,4167.39990234375,4187.2998046875,4143.2998046875,4151.39990234375,6383,-0.0038467134935944,4162.172840006616,4131.741940247225,1.0073651501471967,29.27651262949045,27.685651506696427,0.0030899731844872,0,0.23630175,0
2026-07-06 09:00:00-04:00,4151.89990234375,4187.2998046875,4147.10009765625,4153.0,8151,0.0003853614216241,4161.299236196462,4132.575589649295,1.0069505435349109,31.52358881442845,28.642752511160715,0.0030893969690035,0,0.19860399,0
2026-07-06 10:00:00-04:00,4152.5,4187.2998046875,4140.60009765625,4150.2001953125,8871,-0.0006743917351755,4160.242184683703,4133.266750655695,1.0065264198164148,31.746059080746363,30.671282087053573,0.0028741001487675,0,0.16691898,0
2026-07-06 11:00:00-04:00,4150.60009765625,4187.2998046875,4149.7998046875,4159.89990234375,5821,0.0023344391336394,4160.209586365612,4134.311187976796,1.0062642595613347,33.61907234223385,31.121268136160715,0.0021688016333737,0,0.12873715,0
2026-07-06 12:00:00-04:00,4160.10009765625,4187.2998046875,4152.0,4166.89990234375,4509,0.0016813185889361,4160.846759315911,4135.5891767755,1.0061073722414815,41.62154077081309,32.22837611607143,0.0022117622561785,0,0.12709568,0
2026-07-06 13:00:00-04:00,4166.89990234375,4187.2998046875,4162.10009765625,4172.89990234375,5115,0.0014388837084123,4161.994677699515,4137.052342484059,1.0060290112743604,48.11054556616386,32.942661830357146,0.0022118983210191,0,0.13645566,0
2026-07-06 14:00:00-04:00,4173.2998046875,4187.2998046875,4167.10009765625,4175.7998046875,2874,0.0006946955962334,4163.30945169837,4138.571850805764,1.0059773278764728,52.03013619621819,33.09266880580357,0.0021126655374353,0,0.09987849,0
2026-07-06 15:00:00-04:00,4175.7998046875,4187.2998046875,4170.5,4175.5,1924,-7.179832951520583e-05,4164.470456298525,4140.020013519263,1.0059058755028767,58.36859255328432,32.085518973214285,0.0021029050420409,0,0.10869543,0
2026-07-06 16:00:00-04:00,4175.39990234375,4187.2998046875,4172.60009765625,4187.2998046875,597,0.0028219765613858,4166.644679954618,4141.874122976841,1.0059805190216582,62.2115488364122,30.956926618303573,0.0022041059046514,0,0.13944562,0
2026-07-06 18:00:00-04:00,4176.39990234375,4179.5,4174.60009765625,4175.89990234375,0,-0.0027262076247449,4167.526129705964,4143.20846726574,1.0058692828594915,50.09828186261484,29.821219308035715,0.0022475927995028,0,0.17420009,0
2026-07-06 19:00:00-04:00,4175.39990234375,4176.60009765625,4168.0,4168.7001953125,784,-0.0017255970887833,4167.637945478015,4144.208142875417,1.0056536259267956,53.63567135127067,28.349818638392858,0.0021827187221765,0,0.16108353,0
2026-07-06 20:00:00-04:00,4168.5,4174.5,4156.10009765625,4157.2001953125,2202,-0.0027624657451337,4166.643874033681,4144.717635127852,1.0052901646954178,50.84926000010756,26.885532924107142,0.0022207100477202,0,0.19827548,0
2026-07-06 21:00:00-04:00,4157.2998046875,4160.2001953125,4137.60009765625,4153.89990234375,5000,-0.0007941892417223,4165.430162444163,4145.07772403828,1.0049100257608814,42.6228720784349,26.164132254464285,0.0022103723218653,0,0.19681682,0
2026-07-06 22:00:00-04:00,4154.0,4157.0,4142.7998046875,4147.89990234375,2619,-0.001445469942868,4163.760613863171,4145.188397697318,1.0044804275183656,39.99989983299674,25.507010323660715,0.0021445742970965,0,0.15913114,0
2026-07-06 23:00:00-04:00,4147.7998046875,4151.39990234375,4135.2001953125,4141.7998046875,2183,-0.0014717297303634,4161.669108227393,4145.055511696933,1.004008051637325,44.520437220801824,23.521275111607142,0.0021582510842117,1,0.19830537,0
2026-07-07 00:00:00-04:00,4142.39990234375,4152.39990234375,4136.7998046875,4137.60009765625,1910,-0.0010144956013675,4159.376821506332,4144.7631425188665,1.0035258176366104,41.4633486107129,21.76416015625,0.0019939975407771,1,0.23278774,0
2026-07-07 01:00:00-04:00,4137.60009765625,4142.2001953125,4127.7001953125,4135.2001953125,3705,-0.0005801910661644,4157.074285678348,4144.388124981362,1.003061045518521,41.64799790550639,19.464181082589285,0.0018765586602396,1,0.21986261,0
2026-07-07 02:00:00-04:00,4135.0,4144.39990234375,4132.5,4141.7001953125,2344,0.0015706365981157,4155.610086595886,4144.28271597474,1.0027332523858672,39.49197935703919,17.635602678571427,0.0018998950472649,1,0.2955908,0
2026-07-07 03:00:00-04:00,4141.89990234375,4144.60009765625,4135.39990234375,4135.7998046875,2520,-0.0014256458168195,4153.7233930808015,4143.950052787006,1.0023584599643576,31.812704517271925,15.771344866071429,0.0017784416915688,1,0.3624829,0
2026-07-07 04:00:00-04:00,4135.39990234375,4150.89990234375,4132.7001953125,4137.10009765625,4261,0.0003143499848437,4152.140222087987,4143.681427095604,1.0020413719397132,27.846601960391013,15.271344866071429,0.0017833644637193,1,0.35395384,0
2026-07-07 05:00:00-04:00,4136.89990234375,4144.60009765625,4130.60009765625,4142.39990234375,3676,0.0012802235428113,4151.212572588536,4143.631171222983,1.001829651591147,29.927872618839444,14.828508649553571,0.0016172772226437,1,0.37318295,0
2026-07-07 06:00:00-04:00,4142.39990234375,4150.5,4142.39990234375,4147.10009765625,2012,0.0011340118984734,4150.820908309272,4143.767207553699,1.0017022434905885,33.79002814320209,14.207101004464286,0.0016378429610951,1,0.3741895,0
2026-07-07 07:00:00-04:00,4147.10009765625,4170.0,4143.0,4168.60009765625,5278,0.0051709531132535,4152.514164437555,4144.74104638125,1.001875417057259,40.39072418385975,15.085693359375,0.0020049230474724,0,0.36688858,0
2026-07-07 08:00:00-04:00,4168.60009765625,4187.0,4166.0,4184.10009765625,11524,0.0037113789384041,4155.522348553622,4146.284538588113,1.0022279729911288,54.0434732286653,15.678571428571429,0.0021025726701715,0,0.39928216,0
2026-07-07 09:00:00-04:00,4184.10009765625,4192.39990234375,4167.2998046875,4170.0,12311,-0.0033756145797571,4156.901172500896,4147.214556682697,1.0023356919893596,50.60009016478446,16.857142857142858,0.0022268467417954,0,0.38919422,0
2026-07-07 10:00:00-04:00,4169.7001953125,4175.10009765625,4154.5,4165.0,10347,-0.001199760191904,4157.672489405572,4147.912025048081,1.002353103030766,53.83091592061202,17.014299665178573,0.0022175761452523,0,0.39920112,0
2026-07-07 11:00:00-04:00,4165.0,4166.7001953125,4146.89990234375,4150.10009765625,6189,-0.0035838217499108,4156.951309238971,4147.997831817029,1.0021585058105056,48.32460687300613,16.814313616071427,0.0023403820341396,0,0.37969267,0
2026-07-07 12:00:00-04:00,4150.39990234375,4158.7001953125,4148.2001953125,4156.60009765625,4083,0.0015650020282024,4156.917860516806,4148.335175575429,1.002068946837254,53.81921222995394,16.550013950892858,0.0023774263543523,0,0.39683425,0
2026-07-07 13:00:00-04:00,4156.7001953125,4159.7998046875,4151.7998046875,4155.89990234375,4102,-0.0001684680455112,4156.820912119372,4148.631831527128,1.0019739231931868,56.49771160655104,15.964320591517858,0.0022670638952488,0,0.41383094,0
2026-07-07 14:00:00-04:00,4156.0,4156.5,4136.10009765625,4138.0,4202,-0.004316408528235,4155.028444298479,4148.214896957437,1.0016425251608927,50.16362524248786,16.307163783482142,0.0023789401980083,0,0.40124986,0
2026-07-07 15:00:00-04:00,4137.89990234375,4138.7001953125,4102.7001953125,4125.10009765625,13252,-0.003122293732639,4152.178125570648,4147.308434239744,1.0011741811365416,46.19440631515325,17.842878069196427,0.002437944099468,0,0.3331873,0
2026-07-07 16:00:00-04:00,4125.2998046875,4126.7001953125,4114.2001953125,4116.60009765625,2153,-0.0020626819253992,4148.789741959753,4146.104185746274,1.0006477300359966,40.68301028696269,17.8857421875,0.0024090024647908,0,0.334254,0
2026-07-07 18:00:00-04:00,4106.5,4116.89990234375,4104.0,4109.5,0,-0.0017262370588953,4145.04786177311,4144.668727481715,1.000091475173608,40.32386714348685,18.150006975446427,0.0024241499337971,1,0.334254,0
2026-07-07 19:00:00-04:00,4109.0,4118.89990234375,4106.2998046875,4108.7998046875,2983,-0.0001703990681368,4141.5956658601945,4143.262103058412,0.99959779585342,39.541673429207535,17.750034877232142,0.002415761205965,1,0.32480496,0
2026-07-07 20:00:00-04:00,4108.5,4137.10009765625,4107.39990234375,4122.5,3627,0.0033288079133362,4139.777031016366,4142.447902938475,0.9993552430870128,43.07591938390863,18.871477399553573,0.0025463238559703,0,0.31448883,0
2026-07-07 21:00:00-04:00,4122.7998046875,4129.0,4106.7998046875,4122.2998046875,5333,-4.856280741354669e-05,4138.11253327076,4141.657781438436,0.9991440026301628,41.09189253242675,19.878627232142858,0.0025398839369139,0,0.3157893,0
2026-07-07 22:00:00-04:00,4122.2001953125,4135.5,4116.5,4125.0,3123,0.000654807142441,4136.863720578306,4141.004535107518,0.9990000458840106,31.89377932235469,19.307198660714285,0.0025447843447387,0,0.3179283,0
2026-07-07 23:00:00-04:00,4125.5,4142.2998046875,4125.5,4133.7001953125,2790,0.0021069171480174,4136.562432457753,4140.718090409674,0.9989963919636196,27.817154151866177,19.042898995535715,0.002566308909626,0,0.3166231,0
2026-07-08 00:00:00-04:00,4134.2001953125,4139.39990234375,4131.39990234375,4135.89990234375,2420,0.0005319984176148,4136.499334351657,4140.529141858069,0.999026740938574,33.23506958823852,17.821463448660715,0.0025502355295254,0,0.32697585,0
2026-07-08 01:00:00-04:00,4135.89990234375,4144.60009765625,4131.2998046875,4138.5,2250,0.0006284679910368,4136.689873937214,4140.449567667557,0.999091960022964,36.65670114742231,17.300048828125,0.0025532310409352,0,0.32697427,0
2026-07-08 02:00:00-04:00,4138.7998046875,4144.7001953125,4132.89990234375,4134.0,2615,-0.0010879420837369,4136.4336954670025,4140.1966434453,0.9990911185379916,40.94491648125726,16.728620256696427,0.0025464644358798,0,0.33438298,0
2026-07-08 03:00:00-04:00,4134.39990234375,4139.0,4125.39990234375,4132.0,3794,-0.0004839100021844,4136.01143875586,4139.875206447445,0.9990666946468416,35.42663418618275,16.950055803571427,0.0025308000667984,0,0.32624975,0
2026-07-08 04:00:00-04:00,4132.0,4132.5,4062.199951171875,4066.800048828125,19280,-0.0159050898320009,4129.419877810361,4137.009513991786,0.9981654293625006,20.080767734303464,21.40005929129464,0.0040912559400368,0,0.3844282,0
2026-07-08 05:00:00-04:00,4066.60009765625,4071.300048828125,4051.60009765625,4053.10009765625,9608,-0.0033744169077157,4122.151327319493,4133.718948645294,0.9972016430072992,20.663613937065435,21.350062779017858,0.0039444315969419,1,0.3918447,0
2026-07-08 06:00:00-04:00,4053.5,4069.0,4050.0,4062.89990234375,5646,0.0024149357935276,4116.50833446466,4130.9417311432735,0.9965060275312528,28.036745078228577,20.135777064732142,0.0040183290699042,1,0.31693125,0
2026-07-08 07:00:00-04:00,4062.89990234375,4083.0,4051.5,4072.300048828125,8224,0.0023109820838726,4112.298021546895,4128.642057326993,0.996041304730912,34.45620310686476,21.492919921875,0.0040988571557785,0,0.31290618,0
2026-07-08 08:00:00-04:00,4071.89990234375,4096.7998046875,4068.5,4082.89990234375,10640,0.0025995339288305,4109.498200670405,4126.848247327651,0.995795811811476,40.89040797710968,22.592912946428573,0.0041366892703214,0,0.30894354,0
2026-07-08 09:00:00-04:00,4082.5,4093.800048828125,4075.800048828125,4081.60009765625,12073,-0.000318403992524,4106.841238478581,4125.073810085635,0.9955800617282348,40.723162031436445,22.978620256696427,0.0041009106868832,0,0.31423172,0
2026-07-08 10:00:00-04:00,4081.10009765625,4082.0,4044.0,4051.800048828125,19268,-0.0073278534536969,4101.599220416632,4122.200329252008,0.995002399886006,28.27290338117419,23.571463448660715,0.0043383361248869,1,0.32970473,0
2026-07-08 11:00:00-04:00,4052.0,4054.300048828125,4032.5,4044.10009765625,11435,-0.0019021858852726,4096.123113487072,4119.137575071782,0.9944127960852804,27.02707354705977,23.54288155691964,0.0042822884359569,1,0.32846108,0
2026-07-08 12:00:00-04:00,4044.5,4075.0,4043.39990234375,4073.89990234375,9762,0.0073416946389163,4094.006617187708,4117.36354869029,0.9943272117639425,37.05010777599296,24.44288853236608,0.0046516405898938,0,0.304524,0
2026-07-08 13:00:00-04:00,4073.89990234375,4086.89990234375,4069.39990234375,4076.39990234375,12874,0.0006134743845787,4092.329787202569,4115.757131186505,0.9943078895966873,35.0077036852405,24.45718819754464,0.0046465801936289,1,0.3058017,0
2026-07-08 14:00:00-04:00,4075.800048828125,4101.60009765625,4073.800048828125,4094.10009765625,5689,0.0043327147670552,4092.4983881981575,4114.907835753946,0.9945540827522126,39.88386163334983,25.871477399553573,0.0047579645199818,0,0.304524,0
2026-07-08 15:00:00-04:00,4095.0,4101.39990234375,4088.5,4090.199951171875,4300,-0.0009530801061386,4092.27948943375,4113.9388991036685,0.9947351163444266,38.38380754053918,25.842878069196427,0.004761032314848,0,0.3186387,0
2026-07-08 16:00:00-04:00,4090.5,4093.5,4081.39990234375,4086.60009765625,2402,-0.000880504286935,4091.73859497875,4112.866789242986,0.9948629033355773,38.55072121644751,25.864292689732142,0.0046880573013981,0,0.3059717,0
2026-07-08 18:00:00-04:00,4087.60009765625,4089.60009765625,4081.199951171875,4085.699951171875,0,-0.0002202920799865,4091.1634860447616,4111.801423044119,0.9949808040622552,38.75664747502866,25.492867606026785,0.0046874650201234,0,0.3058017,0
2026-07-08 19:00:00-04:00,4086.300048828125,4087.5,4081.10009765625,4085.60009765625,1057,-2.444005605803176e-05,4090.63363953157,4110.773920087731,0.995100610992557,56.676174534648766,20.928571428571427,0.0046815271410118,1,0.3342733,0
2026-07-08 20:00:00-04:00,4087.5,4099.10009765625,4079.199951171875,4082.800048828125,3289,-0.0006855807471683,4089.887583274099,4109.676905528531,0.9951847012041724,61.4318819485391,20.94287109375,0.00464179059221,1,0.3354859,0
2026-07-08 21:00:00-04:00,4083.199951171875,4088.199951171875,4071.39990234375,4081.800048828125,4259,-0.0002449599473432,4089.117341898292,4108.583695461849,0.9952620282300544,57.80353812143604,20.78573172433036,0.0046348924619121,1,0.3407242,0
2026-07-08 22:00:00-04:00,4081.89990234375,4091.89990234375,4073.10009765625,4073.800048828125,3434,-0.0019618427755386,4087.658552082086,4107.2196308879775,0.9952373915778,50.6265679436596,19.87857491629464,0.0046332328106209,1,0.3470175,0
2026-07-08 23:00:00-04:00,4073.39990234375,4076.300048828125,4063.39990234375,4072.10009765625,2279,-0.0004173758985461,4086.17679451772,4105.842394290655,0.9952103373962234,45.12643333145072,18.778599330357142,0.0046333732357327,1,0.3069044,0
2026-07-09 00:00:00-04:00,4073.60009765625,4073.699951171875,4065.89990234375,4073.699951171875,2758,0.0003928045192875,4084.9885237228777,4104.581906325213,0.995226460806607,46.44457384623445,18.050031389508927,0.0046402084942711,1,0.29215375,0
2026-07-09 01:00:00-04:00,4073.699951171875,4093.800048828125,4073.0,4091.39990234375,4944,0.0043355204993255,4085.59913121058,4104.064964992606,0.995500599054952,69.99997532937098,16.821463448660715,0.0031051873312644,1,0.33006358,0
2026-07-09 02:00:00-04:00,4091.300048828125,4117.7001953125,4090.800048828125,4117.7001953125,6916,0.006407616581911,4088.656375410763,4104.599679907112,0.9961157467866124,81.2925325319985,17.185756138392858,0.0032621332690454,1,0.34838045,0
2026-07-09 03:00:00-04:00,4117.2998046875,4121.0,4111.2998046875,4117.89990234375,3715,4.849847708030577e-05,4091.441473213905,4105.121257257569,0.9966676297272636,74.99999998806818,15.621477399553571,0.0032429776913493,1,0.35101065,0
2026-07-09 04:00:00-04:00,4117.89990234375,4127.39990234375,4115.0,4117.89990234375,4197,0.0,4093.961323607224,4105.622380594282,0.9971597346501774,74.2690058357922,15.257184709821429,0.0032226250523742,1,0.37263072,0
2026-07-09 05:00:00-04:00,4118.0,4121.39990234375,4112.60009765625,4115.7001953125,2621,-0.0005343244892866,4096.031692341059,4106.017589014604,0.9975679849252812,65.42874879236064,13.9000244140625,0.0031941349407115,1,0.38195872,0
2026-07-09 06:00:00-04:00,4115.7998046875,4119.2001953125,4102.7998046875,4108.0,3919,-0.0018726844072543,4097.17153116572,4106.095330621874,0.997826694526646,62.059725477255576,14.150059291294642,0.003231228324084,1,0.3727229,0
2026-07-09 07:00:00-04:00,4108.2001953125,4120.39990234375,4106.89990234375,4118.7001953125,4272,0.0026013349441284,4099.22188013208,4106.589639041115,0.998205869211038,69.83939208004179,14.250052315848214,0.0027155925516498,1,0.36370876,0
2026-07-09 08:00:00-04:00,4118.7001953125,4132.39990234375,4114.7998046875,4117.7001953125,9757,-0.0002428245246678,4100.981719673072,4107.025347130189,0.9985284659951416,69.75329664983819,14.907191685267858,0.0026527042731697,1,0.35436267,0
2026-07-09 09:00:00-04:00,4117.5,4139.60009765625,4116.60009765625,4131.7001953125,12423,0.0033941893416922,4103.907288781589,4107.992988235378,0.9990054268676968,74.28880140912244,16.092912946428573,0.002267162406088,0,0.35320124,0
2026-07-09 10:00:00-04:00,4131.2998046875,4147.39990234375,4123.7001953125,4137.2998046875,11470,0.0013543621310788,4107.087528391676,4109.142275155069,0.9994999572597384,77.89153298548739,16.364310128348215,0.0022716467666414,0,0.35354587,0
2026-07-09 11:00:00-04:00,4137.7001953125,4143.0,4134.60009765625,4136.39990234375,6438,-0.0002175332388566,4109.8791830537775,4110.211201711488,0.9999192210226152,77.97141834000507,15.764299665178571,0.0021155376327018,0,0.35418433,0
2026-07-09 12:00:00-04:00,4136.7998046875,4148.39990234375,4135.39990234375,4137.7001953125,5716,0.0003143043869683,4112.528803268894,4111.289201460547,1.0003015117029244,85.14872757702875,15.350027901785714,0.0020880849020809,0,0.35418433,0
2026-07-09 13:00:00-04:00,4137.7998046875,4148.2998046875,4134.5,4146.10009765625,11464,0.0020280318032015,4115.726069401023,4112.654334644692,1.0007468983547814,87.9099877803098,15.414289202008929,0.002082486429479,0,0.35320124,0
2026-07-09 14:00:00-04:00,4145.89990234375,4146.5,4131.10009765625,4134.5,3055,-0.0028017547297724,4117.514062791402,4113.511027403724,1.0009731432250963,78.25284924639102,15.957135881696429,0.0022195044746025,0,0.36067414,0
2026-07-09 15:00:00-04:00,4134.10009765625,4136.89990234375,4128.2998046875,4132.39990234375,2319,-0.0005080738187796,4118.931761796387,4114.25176759745,1.0011375079755194,72.28260868465264,15.085710797991071,0.002229206652028,0,0.3760285,0
2026-07-09 16:00:00-04:00,4132.10009765625,4135.10009765625,4130.0,4132.60009765625,973,4.844411676691939e-05,4120.233508068754,4114.971309952698,1.0012787933911784,61.30495023259904,13.528564453125,0.0022134426270739,0,0.42129454,0
2026-07-09 18:00:00-04:00,4135.39990234375,4136.7998046875,4130.5,4130.7001953125,0,-0.0004598410586252,4121.230335425302,4115.588128986416,1.0013709356383715,59.46765862468809,13.285679408482142,0.0022183077102979,0,0.45444518,0
2026-07-09 19:00:00-04:00,4130.7998046875,4134.2001953125,4130.10009765625,4132.60009765625,588,0.0004598410586252,4122.313169923487,4116.255265012684,1.001471702924329,60.57568006873295,12.692836216517858,0.0021359374195458,0,0.45444518,0
2026-07-09 20:00:00-04:00,4132.5,4137.7998046875,4123.5,4135.7998046875,2452,0.0007739604346097,4123.597611329584,4117.021717548952,1.0015972453467037,64.25504209716921,13.085693359375,0.0021191972631189,0,0.4631192,0
2026-07-09 21:00:00-04:00,4136.2001953125,4140.7998046875,4118.2998046875,4127.10009765625,4104,-0.0021057280975628,4123.931181455933,4117.416948141395,1.0015821165057086,63.35680285037617,13.521379743303571,0.0022144833813869,0,0.46611592,0
2026-07-09 22:00:00-04:00,4126.7001953125,4138.89990234375,4125.89990234375,4137.60009765625,2223,0.0025409283824312,4125.232982998821,4118.208444200801,1.0017057268696323,63.25391552027711,13.485665457589286,0.0020902090742541,0,0.46205008,0
2026-07-09 23:00:00-04:00,4137.5,4144.60009765625,4128.89990234375,4129.5,2793,-0.0019595989289149,4125.639365570362,4118.651250310573,1.0016966999231272,57.52544187510513,13.349958147321429,0.0016493667571346,0,0.4449412,0
2026-07-10 00:00:00-04:00,4128.7998046875,4130.5,4121.2001953125,4123.89990234375,1776,-0.0013570403910923,4125.473702405923,4118.85707980207,1.001606421994174,44.42832329136051,12.371372767857142,0.0016832054671916,0,0.3775022,0
2026-07-10 01:00:00-04:00,4124.10009765625,4126.0,4117.0,4125.5,2221,0.0003879306847185,4125.4762069386925,4119.117586476499,1.0015436851045645,41.06075401591136,11.321393694196429,0.0016845570325661,0,0.36949804,0
2026-07-10 02:00:00-04:00,4125.5,4129.0,4120.0,4120.60009765625,2197,-0.0011884170365176,4125.01181557846,4119.175724169822,1.0014168104978851,38.7144252154714,11.3642578125,0.0017036024636914,0,0.39645952,0
2026-07-10 03:00:00-04:00,4120.2998046875,4124.39990234375,4113.0,4117.89990234375,3540,-0.0006555065628906,4124.334490508488,4119.125691941349,1.0012645398457565,36.13422964954461,11.249965122767858,0.0016519017429947,0,0.3577497,0
2026-07-10 04:00:00-04:00,4117.60009765625,4118.2998046875,4103.2998046875,4106.5,4267,-0.0027722167647427,4122.635967602917,4118.630566767179,1.0009725079175729,23.3869962087894,11.335693359375,0.0016640900165331,0,0.3531383,0
2026-07-10 05:00:00-04:00,4106.5,4114.5,4103.0,4113.7001953125,3559,0.0017518301216072,4121.784941670497,4118.437218866995,1.0008128624100825,35.14299664475712,11.05712890625,0.0017170576360843,0,0.32218945,0
2026-07-10 06:00:00-04:00,4113.7998046875,4121.7998046875,4113.10009765625,4113.5,3360,-4.86666928692892e-05,4120.99589960664,4118.243602440838,1.000668318203462,36.12343960997977,11.064243861607142,0.0015143528887098,0,0.32181448,0
2026-07-10 07:00:00-04:00,4113.2998046875,4117.10009765625,4104.5,4111.0,3263,-0.0006079397111065,4120.043909167912,4117.959539600021,1.0005061656259238,34.65900026360467,11.599958147321429,0.0014698457702088,0,0.32369718,0
2026-07-10 08:00:00-04:00,4111.39990234375,4127.0,4106.0,4109.2998046875,7274,-0.0004136577441553,4119.020661122158,4117.619942152472,1.0003401768471507,34.757598935824106,12.649972098214286,0.0014697884640849,0,0.32181448,0
2026-07-10 09:00:00-04:00,4109.7001953125,4115.5,4093.699951171875,4108.7001953125,8961,-0.000145925864216,4118.037759616477,4117.270148158747,1.000186436991042,32.65606950090134,13.914254324776786,0.0014627782466165,0,0.32059437,0
2026-07-10 10:00:00-04:00,4108.2998046875,4118.60009765625,4081.699951171875,4101.7001953125,13660,-0.0017051547702996,4116.481801111337,4116.65956177262,0.9999568191980376,26.5477869517014,15.528564453125,0.0013789162359578,0,0.31886837,0
2026-07-10 11:00:00-04:00,4101.89990234375,4122.7001953125,4100.10009765625,4122.10009765625,5775,0.0049611963957522,4117.016876972757,4116.872916120998,1.0000349684954315,47.03792839337311,15.535714285714286,0.0017507187770335,0,0.29995093,0
2026-07-10 12:00:00-04:00,4122.39990234375,4124.7998046875,4113.2998046875,4113.60009765625,5036,-0.0020641846634839,4116.691469418804,4116.744570298851,0.9999871012448938,35.436962235321715,15.428571428571429,0.0018013088029291,0,0.31863964,0
2026-07-10 13:00:00-04:00,4113.39990234375,4115.7998046875,4109.39990234375,4109.60009765625,6097,-0.0009728573354602,4116.016100679512,4116.4643949011015,0.999891097267319,37.29257477865755,14.764264787946429,0.0018075254786571,0,0.33352408,0
2026-07-10 14:00:00-04:00,4109.7998046875,4114.7998046875,4106.7998046875,4109.7001953125,3147,2.435673419571563e-05,4115.414585882654,4116.199132172137,0.9998094003073488,40.24749320128792,14.671421595982142,0.0018082190857413,0,0.31844583,0
2026-07-10 15:00:00-04:00,4109.7001953125,4117.0,4106.2998046875,4116.60009765625,2845,0.001677522997239,4115.5274917658535,4116.214856308769,0.9998330105286262,44.30224633307971,14.792864118303571,0.0018534831424986,0,0.3166967,0
2026-07-10 16:00:00-04:00,4116.39990234375,4129.0,4113.7001953125,4113.7001953125,1563,-0.0007046893455958,4115.353463532201,4116.116242152053,0.999814684869188,45.46656143094058,15.242850167410714,0.0018422991111023,0,0.30580488,0
2026-07-12 18:00:00-04:00,4097.89990234375,4102.2001953125,4076.800048828125,4084.300048828125,2645,-0.0071725473653713,4112.395995465146,4114.868548296213,0.9993991174196584,33.65766655362883,17.064296177455358,0.0023786357926293,0,0.3440607,0
2026-07-12 19:00:00-04:00,4084.0,4093.300048828125,4075.800048828125,4092.89990234375,2185,0.002103374440539,4110.53922469168,4114.007032768665,0.9991570728855436,43.19995116582701,17.242867606026785,0.0023508387822956,0,0.32134646,0
2026-07-12 20:00:00-04:00,4093.10009765625,4099.7001953125,4069.39990234375,4082.10009765625,4601,-0.0026421555890576,4107.830736402591,4112.755780411316,0.9988024953895436,34.74893010860849,18.58574567522321,0.0023772903029507,0,0.3350561,0
2026-07-12 21:00:00-04:00,4082.89990234375,4098.2998046875,4074.0,4080.199951171875,5884,-0.0004655909504265,4105.199233047285,4111.479081225455,0.9984726060733604,34.18794500909914,19.70003836495536,0.0023702466301426,0,0.32140875,0
2026-07-12 22:00:00-04:00,4080.5,4085.5,4072.60009765625,4076.800048828125,3496,-0.0008336159226767,4102.494548835936,4110.119119170658,0.9981449271630208,33.898246633982936,19.72145298549108,0.0023609964335249,0,0.3232902,0
2026-07-12 23:00:00-04:00,4076.5,4077.199951171875,4060.699951171875,4067.39990234375,3656,-0.0023084282593886,4099.152201550966,4108.443855765682,0.9977384005864712,31.606620763822303,19.4000244140625,0.0023889611010561,0,0.33782557,0
2026-07-13 00:00:00-04:00,4068.10009765625,4068.10009765625,4057.800048828125,4066.300048828125,2226,-0.0002704435936735,4096.0234251011725,4106.791157454406,0.9973780667337592,31.46841207431688,18.578595842633927,0.0023904633852708,0,0.32424796,0
2026-07-13 01:00:00-04:00,4066.39990234375,4080.89990234375,4059.5,4061.800048828125,4489,-0.0011072699414872,4092.764055932311,4105.026800253375,0.9970127492662636,32.17146185515841,17.471435546875,0.0023404195630749,0,0.35007367,0
2026-07-13 02:00:00-04:00,4061.89990234375,4071.39990234375,4052.0,4063.0,5187,0.0002953798674152,4089.929383938757,4103.378690439517,0.9967223823304208,18.122823925753536,17.242850167410715,0.0022871716213993,0,0.36356398,0
2026-07-13 03:00:00-04:00,4063.39990234375,4073.199951171875,4056.5,4072.800048828125,3396,0.0024091185892338,4088.298018690126,4102.179528023385,0.996616064889791,28.297789997941138,17.614275251116073,0.0023834886814353,0,0.31293985,0
2026-07-13 04:00:00-04:00,4072.800048828125,4089.10009765625,4071.39990234375,4083.10009765625,4872,0.0025257921551273,4087.8029785916615,4101.431315067811,0.9966771754957636,36.78960537716596,18.42143903459821,0.0024769930751859,0,0.3129383,0
2026-07-13 05:00:00-04:00,4082.800048828125,4085.0,4076.0,4076.300048828125,2626,-0.0016668015492278,4086.7074614713247,4100.445775215274,0.996649556049006,34.39241929771261,18.492867606026785,0.0024947274085706,0,0.32707974,0
2026-07-13 06:00:00-04:00,4076.199951171875,4078.39990234375,4055.0,4068.39990234375,5002,-0.0019399484350201,4084.963884411556,4099.189074318351,0.9965297551176848,27.68509475914267,19.39998953683036,0.00251714442409,0,0.32478225,0
2026-07-13 07:00:00-04:00,4068.39990234375,4076.699951171875,4062.60009765625,4064.0,5014,-0.0010820674895221,4082.9673239914073,4097.8091106195925,0.996378116640494,27.30584688577824,19.314278738839285,0.0025051776295651,0,0.32478225,0
2026-07-13 08:00:00-04:00,4064.0,4075.199951171875,4061.10009765625,4075.199951171875,6010,0.0027521029851007,4082.227574199071,4096.922476915761,0.9964131850676968,45.0163652047218,17.685686383928573,0.0022932295644663,0,0.3001102,0
2026-07-13 09:00:00-04:00,4075.300048828125,4075.5,4049.0,4050.89990234375,10529,-0.0059807587156096,4079.243986403326,4095.1176700698,0.9961237539564516,30.373831771726785,18.328543526785715,0.0025770143535973,0,0.32244793,0
2026-07-13 10:00:00-04:00,4050.5,4054.5,4005.800048828125,4022.39990234375,29560,-0.0070603394099861,4073.830264111938,4092.265992904072,0.9954949827738222,26.062509296722368,19.642804827008927,0.0029368622848436,0,0.33318436,0
2026-07-13 11:00:00-04:00,4022.39990234375,4027.5,4017.5,4023.300048828125,6114,0.0002237584035182,4069.017862656337,4089.561446077565,0.99497658032723,27.00088419118265,18.62139020647321,0.0029411167318732,0,0.3048818,0
2026-07-13 12:00:00-04:00,4023.10009765625,4025.5,3992.89990234375,4000.300048828125,15526,-0.0057331030255571,4062.473308958412,4086.060999126607,0.9942272789923506,23.307800555854826,20.028547014508927,0.0030428163541913,1,0.33740267,0
2026-07-13 13:00:00-04:00,4000.5,4009.300048828125,3999.199951171875,4000.60009765625,9273,7.500376776918033e-05,4056.5806221677294,4082.7095912258087,0.9936000911957508,25.111882460759247,19.5714111328125,0.0030575962442841,1,0.31122828,0
2026-07-13 14:00:00-04:00,4000.699951171875,4012.699951171875,3993.60009765625,4008.5,5006,0.0019727322194532,4052.001515294613,4079.7994111777375,0.9931864552441072,29.50356427087468,20.19996861049108,0.0028227378939584,0,0.30360624,0
2026-07-13 15:00:00-04:00,4008.800048828125,4011.60009765625,4000.5,4009.300048828125,3789,0.0001995681673047,4047.934708964471,4077.034730301282,0.9928624543910468,30.88132265653797,19.46426827566964,0.0027458782965021,0,0.30356166,0
2026-07-13 16:00:00-04:00,4009.39990234375,4013.60009765625,4002.800048828125,4008.699951171875,2050,-0.0001496876172039,4044.198065365176,4074.3549350413055,0.9925983695193644,30.1390364750131,18.849993024553573,0.0027254321525622,1,0.30356166,0
2026-07-13 18:00:00-04:00,4005.89990234375,4015.5,4005.800048828125,4007.39990234375,0,-0.000324359442442,4040.693478410755,4071.729247484539,0.9923777424314356,24.49301002000628,18.349993024553573,0.0027268192734239,1,0.31321722,0
2026-07-13 19:00:00-04:00,4007.699951171875,4009.89990234375,3999.10009765625,4007.89990234375,1788,0.0001247613970362,4037.570280690088,4069.2261359103904,0.9922206694435228,18.243265532888472,17.857107979910715,0.0027364542085901,1,0.31276682,0
2026-07-13 20:00:00-04:00,4008.60009765625,4014.300048828125,3990.39990234375,4011.60009765625,5093,0.0009227995698181,4035.096929924961,4066.966291272973,0.9921638491530164,21.942909894407464,18.92140415736608,0.0027413380521939,1,0.31637076,0
2026-07-13 21:00:00-04:00,4010.800048828125,4019.0,3998.60009765625,4017.0,4910,0.0013451668017628,4033.37341278925,4065.006828870112,0.9922181148980616,27.21641451515984,18.70711844308036,0.0027779331763778,1,0.30524594,0
2026-07-13 22:00:00-04:00,4017.5,4025.699951171875,4012.699951171875,4019.199951171875,4176,0.0005475103258251,4032.0235593018806,4063.210480725083,0.9923245616806844,29.74687595507957,18.628557477678573,0.0027869684901472,1,0.3048818,0
2026-07-13 23:00:00-04:00,4019.10009765625,4025.699951171875,4017.5,4022.60009765625,2036,0.0008456183109109,4031.126086764201,4061.617916683168,0.9924926887401888,24.416547324797605,18.207135881696427,0.0027982089545166,1,0.32115382,0
2026-07-14 00:00:00-04:00,4023.699951171875,4029.699951171875,4019.89990234375,4026.699951171875,2275,0.0010186858100198,4030.704550041122,4060.248584702333,0.992723589690414,35.35117975583917,17.0142822265625,0.0027387782425804,1,0.30309093,0
2026-07-14 01:00:00-04:00,4027.199951171875,4040.39990234375,4026.199951171875,4037.800048828125,4140,0.0027528314628398,4031.380311830361,4059.368249962168,0.9931053463474104,61.80984867298324,14.549996512276786,0.0027527168242659,0,0.31845614,0
2026-07-14 02:00:00-04:00,4037.699951171875,4039.5,4028.0,4030.39990234375,2911,-0.0018343989004477,4031.286939498303,4058.2322363300736,0.9933603364069332,54.9510529882319,14.657139369419642,0.0027565229378099,1,0.32781988,0
2026-07-14 03:00:00-04:00,4030.60009765625,4036.39990234375,4026.5,4027.300048828125,2759,-0.0007694140231914,4030.907235624952,4057.019209369213,0.9935637539787936,76.06162864270986,13.035696847098214,0.0027381858530951,1,0.3137088,0
2026-07-14 04:00:00-04:00,4027.300048828125,4031.10009765625,4020.800048828125,4022.60009765625,3861,-0.0011677043492204,4030.116079627933,4055.669440282432,0.9936993482751104,69.57288569745091,13.049979073660714,0.0027391980973724,1,0.3225664,0
2026-07-14 05:00:00-04:00,4022.39990234375,4031.199951171875,4020.10009765625,4028.699951171875,3610,0.0015152471391512,4029.981210251165,4054.611813258488,0.9939252870208732,68.56608158075309,12.478550502232142,0.0026748328611158,1,0.31410316,0
2026-07-14 06:00:00-04:00,4028.60009765625,4029.60009765625,4021.89990234375,4028.199951171875,2221,-0.0001241172179628,4029.811566529328,4053.5760539609737,0.9941374018606548,67.46753069185601,12.235700334821429,0.0023529593183413,1,0.31258577,0
2026-07-14 07:00:00-04:00,4028.199951171875,4039.0,4022.10009765625,4038.10009765625,3830,0.0024546945676647,4030.6009504461776,4052.9691537137296,0.99448103293679,73.1861818104226,12.671404157366071,0.0018091752935445,1,0.27303162,0
2026-07-14 08:00:00-04:00,4038.5,4112.5,4029.800048828125,4083.89990234375,32039,0.0112780817891674,4035.677041103089,4054.1821242482406,0.9954355570179072,85.44952234171569,17.885689871651785,0.0030686704859126,0,0.34838045,0
2026-07-14 09:00:00-04:00,4084.0,4096.39990234375,4078.199951171875,4084.0,13369,2.4510010517251723e-05,4040.2792276647,4055.351452709094,0.9962833739023222,85.39539424759967,18.414271763392858,0.0026733093423504,0,0.33516878,0
2026-07-14 10:00:00-04:00,4084.0,4098.39990234375,4077.89990234375,4093.0,12042,0.0022012972078467,4045.300253601395,4056.827866328345,0.9971584663912836,86.08157946069012,18.17140415736608,0.002675385590758,0,0.36116466,0
2026-07-14 11:00:00-04:00,4093.0,4108.7001953125,4071.300048828125,4073.10009765625,13942,-0.0048737932421551,4047.947857797096,4057.465993047087,0.9976541675848172,72.03463617787818,19.385707310267858,0.0029837079629079,0,0.35164133,0
2026-07-14 12:00:00-04:00,4073.199951171875,4073.800048828125,4063.39990234375,4068.300048828125,6558,-0.0011791704861431,4049.886161704813,4057.890857979676,0.9980273751672932,68.89920498439875,19.20000348772321,0.0030140683387141,0,0.35469738,0
2026-07-14 13:00:00-04:00,4068.800048828125,4072.199951171875,4061.10009765625,4070.10009765625,11163,0.0004423593888426,4051.811298462092,4058.3696516924833,0.998383993131908,68.51132980931368,19.40713936941964,0.0030078704230299,0,0.34825653,0
2026-07-14 14:00:00-04:00,4069.5,4070.199951171875,4049.199951171875,4060.699951171875,5854,-0.002312232650174,4052.6578368154046,4058.461035985793,0.9985700985868948,62.72454159050032,20.207135881696427,0.0030776248677378,0,0.3673619,0
2026-07-14 15:00:00-04:00,4060.300048828125,4064.10009765625,4054.199951171875,4062.10009765625,3354,0.0003447447899308,4053.557099752628,4058.603744286595,0.9987565564780568,59.80630350362164,19.900006975446427,0.0030760015694647,0,0.34324428,0
2026-07-14 16:00:00-04:00,4062.10009765625,4063.10009765625,4055.5,4058.300048828125,0,-0.0009359265644465,4054.0088091883895,4058.591834660773,0.9988707843362704,61.59606614415826,19.621442522321427,0.0030960276576567,0,0.34748575,0
2026-07-14 18:00:00-04:00,4059.800048828125,4060.0,4054.300048828125,4055.10009765625,2081,-0.0007888064880377,4054.112741423424,4058.454903797851,0.9989300947091062,61.54485672262043,19.32144601004464,0.0031049812807431,0,0.34342483,0
2026-07-14 19:00:00-04:00,4054.800048828125,4062.39990234375,4052.699951171875,4058.800048828125,1286,0.0009120031948953,4054.559151652443,4058.4684388970777,0.9990367580028052,65.1590899255587,19.27858189174108,0.0031065171219963,0,0.3608197,0
2026-07-14 20:00:00-04:00,4059.0,4067.199951171875,4057.10009765625,4065.10009765625,1922,0.0015509915133035,4055.563051271853,4058.728503946457,0.9992200876034144,65.21740904718101,19.2071533203125,0.003114757461967,0,0.35982844,0
2026-07-14 21:00:00-04:00,4066.300048828125,4068.60009765625,4041.199951171875,4042.89990234375,3751,-0.0054761348768768,4054.357037088224,4058.107774471842,0.999075742293684,55.20166145760646,20.614292689732142,0.0033872807370078,1,0.348131,0
2026-07-14 22:00:00-04:00,4043.0,4048.39990234375,4035.300048828125,4041.699951171875,3542,-0.0002968486263831,4053.1516003342863,4057.464330420863,0.9989370873690148,51.357407323564594,20.34286063058036,0.0033345813371826,1,0.34078413,0
2026-07-14 23:00:00-04:00,4041.300048828125,4046.60009765625,4033.89990234375,4037.89990234375,3006,-0.0009406527989553,4051.699057668521,4056.6970979472494,0.998767953298446,24.6138507102898,15.342878069196429,0.0033139482716266,1,0.36499238,0
2026-07-15 00:00:00-04:00,4036.89990234375,4041.300048828125,4034.199951171875,4039.10009765625,1599,0.0002971883920598,4050.499156714972,4056.007019504466,0.9986420480134752,25.51822920437021,14.550031389508929,0.0033079167851166,1,0.34164026,0
2026-07-15 01:00:00-04:00,4039.5,4044.699951171875,4028.0,4041.0,4255,0.0004702670402103,4049.5944751230695,4055.4185089356633,0.9985638883385868,19.26735233027188,14.278599330357142,0.0032939194338669,1,0.3638359,0
2026-07-15 02:00:00-04:00,4040.89990234375,4041.699951171875,4027.10009765625,4038.0,3848,-0.0007426662056908,4048.490239397063,4054.735430153873,0.998459778482619,24.076999079052182,12.650006975446429,0.0032861696984198,1,0.34820545,0
2026-07-15 03:00:00-04:00,4038.199951171875,4040.60009765625,4025.60009765625,4030.699951171875,3942,-0.0018094738592628,4046.795926232759,4053.7928623506577,0.9982739778879968,23.21956444160677,12.978567940848214,0.0033141220262991,1,0.3718328,0
2026-07-15 04:00:00-04:00,4030.699951171875,4039.5,4023.300048828125,4037.699951171875,3870,0.0017351648012055,4045.9296428936273,4053.161767794627,0.9982156831344694,28.51467259322712,13.342860630580358,0.0032902464997044,1,0.33878052,0
2026-07-15 05:00:00-04:00,4037.699951171875,4040.699951171875,4031.5,4036.300048828125,3992,-0.0003467679855779,4045.012538696913,4052.500523913588,0.9981522555833148,31.899287135858643,12.5,0.0019431632048515,1,0.32308254,0
2026-07-15 06:00:00-04:00,4036.39990234375,4042.39990234375,4032.10009765625,4034.300048828125,2535,-0.0004956261038189,4043.992301566552,4051.7867797925896,0.9980762861794924,29.558861010181985,12.528547014508929,0.0019380333784198,1,0.32301006,0
2026-07-15 07:00:00-04:00,4033.89990234375,4046.5,4033.699951171875,4044.5,3415,0.0025251167326788,4044.040653798309,4051.501023722292,0.9981586158116952,40.72579188911516,12.899972098214286,0.001963954705712,1,0.32488275,0
2026-07-15 08:00:00-04:00,4044.89990234375,4078.199951171875,4041.800048828125,4074.60009765625,12247,0.0074146728568695,4046.951077022875,4052.4068697589178,0.9986536907789896,59.62484875997376,15.092825753348214,0.002423640288766,0,0.35395753,0
2026-07-15 09:00:00-04:00,4074.699951171875,4080.699951171875,4060.5,4068.5,10827,-0.001498225178165,4049.0033554016486,4053.037972905627,0.9990045448547608,54.67690937845546,15.842825753348214,0.002432969879442,0,0.352115,0
2026-07-15 10:00:00-04:00,4068.699951171875,4073.0,4059.5,4067.199951171875,6386,-0.0003195911469185,4050.736364522623,4053.593344602343,0.9992951981521472,51.06375083685641,16.085693359375,0.0024316842687972,0,0.34472853,0
2026-07-15 11:00:00-04:00,4067.39990234375,4069.60009765625,4045.89990234375,4053.199951171875,7269,-0.0034481094624396,4050.970991822552,4053.577917408991,0.9993568828231368,55.69061935154936,15.8214111328125,0.0024999604402189,0,0.35792592,0
2026-07-15 12:00:00-04:00,4053.39990234375,4054.39990234375,4033.0,4040.300048828125,8821,-0.0031877218180895,4049.954711537368,4053.05721668033,0.9992345271785966,49.315117572291456,16.414271763392858,0.0025905903333006,1,0.34155947,0
2026-07-15 13:00:00-04:00,4040.39990234375,4073.699951171875,4039.699951171875,4068.699951171875,10272,0.0070045673847095,4051.739972454941,4053.670657248626,0.9995237193751216,62.14512498038279,17.935686383928573,0.0030506283815015,0,0.35803652,0
2026-07-15 14:00:00-04:00,4069.199951171875,4089.10009765625,4065.199951171875,4066.300048828125,6496,-0.0005900190321749,4053.126646395244,4054.165927506645,0.9997436510665856,60.62500118546429,19.135689871651785,0.0030478067287754,0,0.34342483,0
2026-07-15 15:00:00-04:00,4066.300048828125,4069.89990234375,4055.199951171875,4064.0,4689,-0.0005657968034808,4054.162203881411,4054.551577408346,0.9999039663155096,58.95639309830509,18.99283272879464,0.0030459651480577,0,0.34324428,0
2026-07-15 16:00:00-04:00,4063.699951171875,4069.800048828125,4062.300048828125,4066.89990234375,0,0.0007133041856464,4055.375318020681,4055.035825445029,1.0000837212272016,61.262644708223824,18.485700334821427,0.0030301603587068,0,0.34324428,0
2026-07-15 18:00:00-04:00,4068.89990234375,4071.89990234375,4063.800048828125,4065.60009765625,1548,-0.0003196568579324,4056.349106557402,4055.450110629782,1.0002216759923304,64.26830411749654,17.992832728794642,0.0027435280592033,0,0.3731186,0
2026-07-15 19:00:00-04:00,4065.800048828125,4068.0,4061.10009765625,4063.60009765625,1642,-0.0004920533366876,4057.0396771382448,4055.769717964153,1.0003131240830727,61.04017199490427,17.328543526785715,0.0027460341520828,0,0.3564723,0
2026-07-15 20:00:00-04:00,4063.800048828125,4067.10009765625,4049.199951171875,4050.39990234375,2896,-0.0032536867039179,4056.407317634007,4055.559136959432,1.0002091402556177,55.46083249365943,17.949986049107142,0.0028465811082814,0,0.35925075,0
2026-07-15 21:00:00-04:00,4050.300048828125,4056.60009765625,4039.39990234375,4044.199951171875,4454,-0.0015318737174146,4055.24471130428,4055.113678693253,1.000032312931624,53.71339716210349,18.44287109375,0.0028710335683512,0,0.35925075,0
2026-07-15 22:00:00-04:00,4044.5,4045.300048828125,4029.39990234375,4036.89990234375,3230,-0.0018066973422329,4053.497586641373,4054.399412954057,0.9997775684581536,47.08584993821573,18.664306640625,0.0028990463961092,0,0.32647222,0
2026-07-15 23:00:00-04:00,4036.800048828125,4042.199951171875,4033.0,4040.699951171875,1391,0.0009408857030244,4052.278764215706,4053.8621791586775,0.9996094058275804,33.71748597670812,16.721452985491073,0.0029023387086115,0,0.3351267,0
2026-07-16 00:00:00-04:00,4041.800048828125,4043.10009765625,4037.0,4038.300048828125,1191,-0.0005941087793885,4050.947457988317,4053.251899537872,0.999431458590122,34.96013247347696,15.714320591517858,0.0028743100507804,0,0.33536723,0
2026-07-16 01:00:00-04:00,4038.199951171875,4051.800048828125,4030.300048828125,4032.199951171875,2813,-0.0015117028233529,4049.161981148656,4052.4263329352834,0.9991944698019316,33.364972680510746,16.285749162946427,0.0028684351661563,0,0.35050955,0
2026-07-16 02:00:00-04:00,4032.39990234375,4041.5,4027.699951171875,4035.800048828125,3821,0.0008924387444697,4047.889416165749,4051.7743217938255,0.99904118410367,40.822817403190975,15.578595842633929,0.0028754754116377,0,0.3325936,0
2026-07-16 03:00:00-04:00,4035.60009765625,4037.10009765625,4027.800048828125,4036.10009765625,3166,7.434403865719191e-05,4046.7666239267487,4051.159646337451,0.9989156136034596,47.44528364963512,14.714320591517858,0.0028731929562074,0,0.33221227,0
2026-07-16 04:00:00-04:00,4035.5,4041.699951171875,4030.0,4040.300048828125,3128,0.0010400553400759,4046.150759631642,4050.7337797684577,0.9988685950778337,25.517325559573408,13.1214599609375,0.0028238737330448,0,0.34117785,0
2026-07-16 05:00:00-04:00,4040.60009765625,4043.199951171875,4035.699951171875,4037.39990234375,3045,-0.0007180624748427,4045.317344651842,4050.210882614548,0.9987917819332048,25.299123178026804,11.950020926339286,0.0022111820442473,0,0.32814866,0
2026-07-16 06:00:00-04:00,4037.199951171875,4040.10009765625,4034.39990234375,4035.10009765625,1517,-0.0005697874883173,4044.344273509405,4049.618302812262,0.9986976478007338,25.29922875997113,11.307181222098214,0.0021979130056212,0,0.32625255,0
2026-07-16 07:00:00-04:00,4035.199951171875,4048.39990234375,4026.199951171875,4044.10009765625,6103,0.0022279442284456,4044.321018666248,4049.4019026100655,0.9987452754589404,32.35311901703216,12.357177734375,0.0022759927040295,0,0.32345828,0
2026-07-16 08:00:00-04:00,4044.39990234375,4048.699951171875,3994.199951171875,3996.39990234375,21186,-0.0118651215517413,4039.75710282601,4047.3233927957,0.9981305447488682,18.828877967439865,15.671473911830358,0.0033948719083091,0,0.3921529,0
2026-07-16 09:00:00-04:00,3996.300048828125,4012.60009765625,3977.10009765625,3994.0,19249,-0.0006006964470477,4035.399283509247,4045.232279352732,0.9975692382626152,18.76128653094516,17.714338030133927,0.0033442297911163,0,0.37112772,0
2026-07-16 10:00:00-04:00,3993.89990234375,4011.0,3991.199951171875,4002.0,8436,0.0020010011679181,4032.218399365509,4043.536895848704,0.9972008425359457,27.212893908080773,17.850045340401785,0.002905664798586,0,0.3387571,0
2026-07-16 11:00:00-04:00,4002.199951171875,4021.800048828125,3993.300048828125,4011.800048828125,9210,0.0024457944180448,4030.273794552425,4042.2923136126014,0.9970268060477208,35.24598547162341,18.657174246651785,0.0029965404113502,0,0.32426682,0
2026-07-16 12:00:00-04:00,4011.39990234375,4012.300048828125,3986.5,3996.39990234375,7528,-0.0038460991389152,4027.04770958017,4040.4926112099024,0.9966724597905636,32.82448438275017,19.36431012834821,0.0030789087219642,0,0.33468297,0
2026-07-16 13:00:00-04:00,3996.699951171875,3997.300048828125,3983.89990234375,3989.5,7070,-0.0017280216744726,4023.4717372392015,4038.492900966377,0.996280502629191,28.84303806839964,19.66432407924108,0.0030624906091342,0,0.3279286,0
2026-07-16 14:00:00-04:00,3989.699951171875,3995.199951171875,3981.0,3984.699951171875,3842,-0.0012038949204354,4019.77918618517,4036.3833735234552,0.9958863700987376,28.28203890089226,20.242885044642858,0.0030591290626759,0,0.32615143,0
2026-07-16 15:00:00-04:00,3984.89990234375,3990.800048828125,3973.39990234375,3984.60009765625,4197,-2.5059544757666065e-05,4016.428796801464,4034.352656822781,0.9955571905715768,29.72751527602061,19.95003836495536,0.0030650266246255,0,0.31176627,0
2026-07-16 16:00:00-04:00,3984.800048828125,3984.800048828125,3976.199951171875,3979.89990234375,1317,-0.0011802864858168,4012.9498544721578,4032.217254686349,0.9952216363858376,26.41348889313946,19.57861328125,0.0030188495302939,0,0.32085362,0
2026-07-16 18:00:00-04:00,3980.10009765625,3984.10009765625,3976.800048828125,3982.10009765625,0,0.0005526740438342,4010.011782394453,4030.251875979286,0.9949779581505894,27.57482358345922,19.435756138392858,0.0030310445352526,0,0.3048818,0
2026-07-16 19:00:00-04:00,3982.10009765625,3989.89990234375,3978.60009765625,3989.199951171875,1589,0.0017813544464733,4008.029703230397,4028.641996575074,0.9948835629072524,29.278192924732537,19.407174246651785,0.0030725871691513,0,0.30531624,0
2026-07-16 20:00:00-04:00,3989.5,3995.89990234375,3983.800048828125,3995.89990234375,2152,0.0016781137035416,4006.874484098336,4027.357992879729,0.9949139091142116,33.67428476661439,19.735735212053573,0.003096304807122,0,0.30531624,0
2026-07-16 21:00:00-04:00,3996.0,4000.10009765625,3982.699951171875,3986.5,4196,-0.0023551580486249,4004.934057041352,4025.7557186491513,0.9948278874668564,31.892687431635537,20.57144601004464,0.0031223328829375,0,0.3226157,0
2026-07-16 22:00:00-04:00,3987.0,3991.10009765625,3974.10009765625,3982.199951171875,2346,-0.0010792348242112,4002.7689041014014,4024.047649336317,0.9947121040581056,26.10037459679789,20.200020926339285,0.0031175122041357,0,0.32836622,0
2026-07-16 23:00:00-04:00,3982.5,4012.199951171875,3982.199951171875,3995.699951171875,5126,0.0033843525365876,4002.0956704890655,4022.935974898496,0.994819628117508,49.63276451881229,18.450020926339285,0.0032291029703146,0,0.32379058,0
2026-07-17 00:00:00-04:00,3995.0,3995.10009765625,3983.10009765625,3985.0,2771,-0.0026814584306111,4000.467511394869,4021.448289608359,0.9947827805550288,45.65637474462321,16.814296177455358,0.0032619666143742,1,0.3142366,0
2026-07-17 01:00:00-04:00,3984.800048828125,3995.300048828125,3978.39990234375,3988.60009765625,4328,0.0009030043786469,3999.337281515001,4020.16012521808,0.9948203944483556,43.246030255461406,16.607160295758927,0.003258399959215,0,0.3008653,0
2026-07-17 02:00:00-04:00,3988.60009765625,4010.699951171875,3988.5,4003.10009765625,4017,0.0036287687367925,3999.695644957024,4019.491104529381,0.995075132881859,45.81331139604743,16.157156808035715,0.0033952905905042,0,0.29903018,0
2026-07-17 03:00:00-04:00,4003.10009765625,4006.60009765625,3996.699951171875,3997.0,2210,-0.0015250056284314,3999.438916865879,4018.6091004301898,0.9952296471029596,50.31717601621394,15.021449497767858,0.0034041178927885,0,0.33295363,0
2026-07-17 04:00:00-04:00,3996.60009765625,4003.800048828125,3991.300048828125,3998.39990234375,3252,0.0003501769455319,3999.3399631018665,4017.8165828581728,0.9954013282151464,54.99432804366141,14.9571533203125,0.0033511466895941,0,0.32536408,0
2026-07-17 05:00:00-04:00,3997.89990234375,4006.5,3996.800048828125,4001.800048828125,2453,0.0008500154270771,3999.574256980558,4017.188483484445,0.9956152850242642,59.74917876669935,14.635724748883929,0.0020478701918299,0,0.3184251,0
2026-07-17 06:00:00-04:00,4001.699951171875,4002.89990234375,3994.10009765625,3994.39990234375,2638,-0.0018509163458238,3999.081461300862,4016.294813635791,0.9957141213148776,55.15776542276467,14.021414620535714,0.0020880285213515,0,0.32684144,0
2026-07-17 07:00:00-04:00,3994.5,4002.699951171875,3993.60009765625,3997.89990234375,2783,0.0008758430762783,3998.9689318763753,4015.573444565515,0.9958649709889852,59.59485275238438,14.057111467633929,0.0020461576387008,0,0.3184251,0
2026-07-17 08:00:00-04:00,3998.199951171875,3999.60009765625,3967.699951171875,3969.5,9888,-0.0071290566492193,3996.162366935768,4013.766642817848,0.9956140260636276,44.749959304675,15.814261300223214,0.002500785690366,1,0.30894828,0
2026-07-17 09:00:00-04:00,3970.10009765625,4007.89990234375,3963.0,4001.39990234375,16455,0.0080041332956265,3996.6611798317663,4013.281672603177,0.9958586278942564,54.21268889597425,18.21426827566964,0.0030230521108357,0,0.32915378,0
2026-07-17 10:00:00-04:00,4000.699951171875,4008.89990234375,3994.199951171875,4005.5,9683,0.0010241411943767,3997.502972228741,4012.97650897168,0.9961441247641633,53.37555712219931,18.39998953683036,0.0029998070854115,0,0.3318187,0
2026-07-17 11:00:00-04:00,4005.5,4026.10009765625,4002.0,4024.10009765625,12581,0.0046328909781058,4000.0360317932655,4013.412728135781,0.9966670020631722,62.41743745955845,18.878557477678573,0.0031368165492644,0,0.33189595,0
2026-07-17 12:00:00-04:00,4024.39990234375,4028.89990234375,4016.0,4019.60009765625,8845,-0.0011188881634571,4001.899276161169,4013.65537007776,0.9970709757483828,62.335112844611054,18.585693359375,0.0031557837704099,0,0.35721803,0
2026-07-17 13:00:00-04:00,4020.0,4024.0,4012.89990234375,4014.800048828125,4749,-0.0011948743681433,4003.127921177069,4013.70025944052,0.9973659372698338,56.68301099697527,17.235700334821427,0.0031561789740881,0,0.36870423,0
2026-07-17 14:00:00-04:00,4014.89990234375,4021.300048828125,4011.60009765625,4016.10009765625,2795,0.0003237616744744,4004.363366556039,4013.794370743097,0.9976503519323756,61.64793404106094,17.028564453125,0.0031561507381008,0,0.36005014,0
2026-07-17 15:00:00-04:00,4016.39990234375,4020.89990234375,4006.800048828125,4019.89990234375,2902,0.0009456956124174,4005.843036631059,4014.033803354888,0.9979594674272592,61.705220249329074,16.828543526785715,0.0031427538755265,0,0.36223647,0
2026-07-17 16:00:00-04:00,4019.89990234375,4023.0,4013.199951171875,4018.800048828125,0,-0.0002736396504829,4007.077037792684,4014.220714942073,0.9982204074821304,56.5253303340212,15.942836216517858,0.0031307116745031,0,0.35924777,0
2026-07-19 18:00:00-04:00,4001.0,4004.39990234375,3996.89990234375,3997.89990234375,1269,-0.0052141639236983,4006.203024892786,4013.580683075472,0.998161826367713,50.33305021434792,16.799979073660715,0.0033173514336291,1,0.36124536,0
2026-07-19 19:00:00-04:00,3999.300048828125,4000.10009765625,3993.0,3999.199951171875,1368,0.0003251300755001,4005.536065490794,4013.0167328047423,0.9981358992967068,50.29631383970264,16.414271763392858,0.0033049637073591,1,0.35377195,0
2026-07-19 20:00:00-04:00,3999.60009765625,4014.5,3986.5,4013.699951171875,4828,0.003619168092431,4006.313578412802,4013.043525681885,0.9983229817404138,54.0725168974932,17.721418108258927,0.0033172171784636,0,0.35089132,0
2026-07-19 21:00:00-04:00,4013.5,4025.699951171875,4000.10009765625,4007.0,5248,-0.0016706653461738,4006.378951897297,4012.806524674752,0.9983982350661732,54.33291131490859,18.921421595982142,0.0032780783908517,0,0.348131,0
2026-07-19 22:00:00-04:00,4007.300048828125,4034.199951171875,4006.0,4027.10009765625,3749,0.0050037065381864,4008.35239435053,4013.3670569485366,0.9987505098519898,59.01240595554831,20.285714285714285,0.0034434788526403,0,0.3405344,0
2026-07-19 23:00:00-04:00,4026.699951171875,4032.699951171875,4023.5,4027.800048828125,1888,0.0001737951212075,4010.2045519198255,4013.933056630089,0.999071109393789,71.70514803112954,18.664271763392858,0.003362938172079,0,0.3452263,0
2026-07-20 00:00:00-04:00,4028.699951171875,4031.300048828125,4022.60009765625,4022.800048828125,1292,-0.0012421435873679,4011.4041230539497,4014.280781814326,0.9992833937343376,59.96281065161247,16.078560965401785,0.003355411907872,0,0.36943498,0
2026-07-20 01:00:00-04:00,4023.300048828125,4025.10009765625,4009.5,4012.300048828125,2503,-0.0026135345793152,4011.489449318157,4014.2031060109457,0.9993239862007168,52.98771788031422,16.142857142857142,0.0034189305557612,0,0.3608974,0
2026-07-20 02:00:00-04:00,4012.39990234375,4015.89990234375,4007.0,4008.199951171875,1903,-0.0010224045915856,4011.176163780415,4013.9676881741193,0.99930454736795,41.99388787630191,15.05712890625,0.0034250618757432,0,0.3397097,0
2026-07-20 03:00:00-04:00,4008.0,4026.699951171875,4006.5,4022.0,4808,0.0034370407953274,4012.207005325137,4014.282680794742,0.9994829274282214,51.10492641407975,15.578560965401786,0.003471948926502,0,0.35244504,0
2026-07-20 04:00:00-04:00,4022.199951171875,4035.5,4021.800048828125,4023.300048828125,4353,0.0003231821887438,4013.263485658755,4014.6363030705616,0.9996580468794256,54.0437640755904,15.764264787946429,0.0034696942855946,0,0.3534272,0
2026-07-20 05:00:00-04:00,4023.0,4027.699951171875,4018.699951171875,4025.300048828125,2359,0.0004969808455877,4014.409825008219,4015.054489178701,0.9998394382511572,54.347800997522775,15.714268275669642,0.0029949319480516,0,0.35158417,0
2026-07-20 06:00:00-04:00,4025.800048828125,4030.39990234375,4022.39990234375,4029.0,1602,0.0009187518244184,4015.799365483627,4015.601371956008,1.0000493060713154,54.30467399522795,15.278564453125,0.0024557264855987,0,0.34472853,0
2026-07-20 07:00:00-04:00,4029.0,4046.0,4024.39990234375,4030.5,6955,0.0003722315323082,4017.199425913757,4016.185631879301,1.000252427085643,55.51362557282346,16.121425083705358,0.0024505404223791,0,0.34472853,0
2026-07-20 08:00:00-04:00,4030.0,4030.199951171875,4010.10009765625,4012.0,10089,-0.0046005676418294,4016.7042424933993,4016.021489452662,1.000170007317573,56.79849136149447,16.014264787946427,0.0024632199955932,0,0.35792592,0
2026-07-20 09:00:00-04:00,4012.199951171875,4021.60009765625,4009.39990234375,4009.5,7574,-0.0006233248347427,4016.0181241606942,4015.765744768244,1.0000628471401198,54.90945397024997,16.378557477678573,0.0024554470272124,1,0.34525034,0
2026-07-20 10:00:00-04:00,4009.39990234375,4018.60009765625,4001.60009765625,4010.5,10882,0.0002493765598959,4015.4925885263424,4015.5592449734113,0.9999834004573204,48.24948246339414,15.592843191964286,0.0024435598299613,1,0.32943603,0
2026-07-20 11:00:00-04:00,4010.39990234375,4023.89990234375,4008.699951171875,4016.199951171875,7977,0.0014202479635878,4015.5599563973456,4015.5843707066847,0.9999939201104784,55.08846031463034,14.849993024553571,0.0024646808139828,1,0.34694287,0
2026-07-20 12:00:00-04:00,4016.300048828125,4022.800048828125,4005.199951171875,4013.89990234375,4923,-0.0005728568593122,4015.401856011289,4015.518313123825,0.999970998236478,40.90896861705659,14.092860630580358,0.0024574342531987,1,0.3276976,0
2026-07-20 13:00:00-04:00,4013.89990234375,4017.0,4007.800048828125,4009.199951171875,5847,-0.0011716049395631,4014.811198407536,4015.270534223748,0.9998856027726408,37.85895956012997,14.092860630580358,0.0024694343410442,1,0.34370324,0
2026-07-20 14:00:00-04:00,4009.39990234375,4016.39990234375,4007.699951171875,4012.10009765625,2770,0.0007231113642658,4014.5529983359847,4015.146203377964,0.9998522581714508,42.818848241847846,14.092860630580358,0.0021625621662339,1,0.32368025,0
2026-07-20 15:00:00-04:00,4011.5,4022.199951171875,4008.5,4010.699951171875,3347,-0.0003490418532353,4014.186041463213,4014.9718405463527,0.9998042827909264,48.77669104525515,13.957135881696429,0.002165388726207,1,0.33408642,0
2026-07-20 16:00:00-04:00,4011.10009765625,4013.5,4008.39990234375,4011.800048828125,1357,0.0002742530790015,4013.958804069395,4014.847456557403,0.9997786584676944,52.88467556483528,13.685721261160714,0.002006137264741,1,0.3463598,0
2026-07-20 18:00:00-04:00,4013.39990234375,4014.699951171875,4003.300048828125,4004.0,0,-0.0019461691266123,4013.0103465389766,4014.4220661041713,0.9996483380317396,34.04266370315415,13.057146344866071,0.0020189465732824,1,0.34495178,0
2026-07-20 19:00:00-04:00,4004.199951171875,4015.10009765625,4003.300048828125,4014.39990234375,2035,0.0025940108505591,4013.14268518705,4014.421196937096,0.9996815202771894,43.20602036431755,12.921439034598214,0.00175720715207,1,0.32147372,0
2026-07-20 20:00:00-04:00,4014.5,4032.0,4008.300048828125,4029.60009765625,2648,0.0037792673804956,4014.710057803165,4015.0164479456894,0.9999236889446164,52.73190902315179,13.971435546875,0.001965616234332,1,0.3453868,0
2026-07-20 21:00:00-04:00,4029.800048828125,4041.0,4022.5,4027.60009765625,5914,-0.0004964503779466,4015.937680646316,4015.509924404928,1.000106526007765,49.09097825952595,14.721435546875,0.0019473560720151,1,0.33408642,0
2026-07-20 22:00:00-04:00,4027.5,4049.800048828125,4025.89990234375,4042.699951171875,4151,0.0037420841963189,4018.486468315417,4016.576199964416,1.0004755961933491,56.73283947611476,14.885724748883929,0.0020058696383493,1,0.35114682,0
2026-07-20 23:00:00-04:00,4042.300048828125,4057.199951171875,4041.300048828125,4050.89990234375,3178,0.0020262810432705,4021.5734620324006,4017.922227508704,1.0009087369831846,74.22151955168235,14.564296177455358,0.0020097308359615,1,0.35642633,0
2026-07-21 00:00:00-04:00,4051.699951171875,4056.60009765625,4048.39990234375,4054.300048828125,1832,0.0008390037764184,4024.690279822469,4019.348808736917,1.0013289394227098,77.58608765428102,14.278581891741071,0.0018924728965972,1,0.4654527,0
2026-07-21 01:00:00-04:00,4054.10009765625,4072.800048828125,4051.10009765625,4066.0,6352,0.0028816568840646,4028.624538886996,4021.178267217822,1.001851763631043,80.19573671020247,14.614292689732142,0.0019718194291955,0,0.44921386,0
2026-07-21 02:00:00-04:00,4066.0,4088.39990234375,4066.0,4083.0,7847,0.0041722971312838,4033.8031542310914,4023.6026488955545,1.0025351671687404,82.36422691562495,15.128574916294642,0.0021334296707845,0,0.43934873,0
2026-07-21 03:00:00-04:00,4083.300048828125,4084.800048828125,4072.10009765625,4075.699951171875,5424,-0.0017895132361597,4037.7933253683086,4025.645680357371,1.0030175643798485,78.55813207343857,14.778564453125,0.0022043616179565,0,0.44685906,0
2026-07-21 04:00:00-04:00,4075.60009765625,4076.89990234375,4063.60009765625,4067.39990234375,5062,-0.0020385484279437,4040.6129993659697,4027.283100827425,1.0033098985605968,76.02847564750505,15.0714111328125,0.0022806944524846,0,0.44337937,0
2026-07-21 05:00:00-04:00,4067.699951171875,4074.39990234375,4065.39990234375,4070.199951171875,5677,0.0006881756264828,4043.4308042998655,4028.966114566423,1.0035901740848965,76.00699414379861,15.092843191964286,0.0019455711691096,0,0.43942106,0
2026-07-21 06:00:00-04:00,4070.5,4074.800048828125,4065.10009765625,4067.300048828125,4271,-0.00071272564461,4045.704065683509,4030.4694061060977,1.0037798722784823,74.9999999907244,14.80712890625,0.0019489200520153,0,0.44584444,0
2026-07-21 07:00:00-04:00,4067.699951171875,4068.300048828125,4058.89990234375,4060.60009765625,3407,-0.001648630659495,4047.122735395199,4031.6510018531626,1.0038375676701492,70.53873263931737,15.114275251116071,0.0020178122743057,1,0.44239074,0
2026-07-21 08:00:00-04:00,4060.5,4070.39990234375,4055.0,4058.0,7241,-0.00064052859209,4048.158665357561,4032.684295898137,1.0038372380092246,73.76758519290505,15.399989536830358,0.0020274305298801,1,0.43961832,0
2026-07-21 09:00:00-04:00,4058.300048828125,4066.10009765625,4048.39990234375,4057.199951171875,9286,-0.0001971729188512,4049.019740197019,4033.6456941441656,1.0038114517780212,70.57689823809017,15.821428571428571,0.0020185154254316,1,0.43942106,0
2026-07-21 10:00:00-04:00,4057.5,4079.10009765625,4055.39990234375,4072.89990234375,12700,0.0038621839756933,4051.2940413538495,4035.185074857875,1.0039921258126043,70.71760988885123,15.821446010044642,0.0021062489588812,1,0.44110832,0
2026-07-21 11:00:00-04:00,4072.5,4088.0,4069.800048828125,4078.60009765625,9430,0.0013985637592155,4053.894618144555,4036.8876247715366,1.004212897398644,73.56742510126932,15.800013950892858,0.0021105616017266,1,0.44110832,0
2026-07-21 12:00:00-04:00,4078.5,4083.5,4074.10009765625,4075.89990234375,4376,-0.0006622589763171,4055.990359496859,4038.417518009663,1.0043514177047888,67.32764353665316,14.7642822265625,0.0021208449686204,1,0.44584444,0
2026-07-21 13:00:00-04:00,4076.0,4077.199951171875,4071.0,4073.0,3588,-0.000711728577088,4057.610325259063,4039.7736937739896,1.0044152551199992,62.20993281834588,14.071428571428571,0.0021451829926112,1,0.4281078,0
2026-07-21 14:00:00-04:00,4072.89990234375,4092.5,4071.89990234375,4087.0,5148,0.0034313759158646,4060.409341901057,4041.625705782853,1.0046475446975032,66.17202799326124,14.957135881696429,0.0021254567759458,1,0.44401202,0
2026-07-21 15:00:00-04:00,4087.0,4090.300048828125,4084.699951171875,4088.60009765625,2629,0.0003914324716394,4063.094175782504,4043.467838797496,1.0048538377866374,62.41756943595965,13.807146344866071,0.0020967974172414,1,0.4279118,0
2026-07-21 16:00:00-04:00,4088.60009765625,4090.89990234375,4080.89990234375,4082.199951171875,1997,-0.0015665902372025,4064.9137734386345,4044.986745165119,1.0049263519336211,49.50246111593652,12.921439034598214,0.0020528269928677,1,0.39636415,0
2026-07-21 18:00:00-04:00,4084.699951171875,4089.0,4081.0,4084.60009765625,0,0.000587781392743,4066.78866145936,4046.540209968693,1.0050038923228255,55.89407955607195,12.585728236607142,0.0020352420072978,1,0.41500685,0
2026-07-21 19:00:00-04:00,4084.39990234375,4087.39990234375,4083.300048828125,4085.199951171875,756,0.0001468465600426,4068.542117622456,4048.0562782511706,1.005060660712982,63.1267756638378,11.9285888671875,0.0019074164260258,1,0.44131494,0
2026-07-21 20:00:00-04:00,4085.5,4107.5,4081.10009765625,4101.60009765625,5445,0.0040064905272969,4071.6904966732936,4050.1560358748993,1.0053169459664393,69.28740884845939,13.171439034598214,0.0020365827608621,1,0.44128546,0
2026-07-21 21:00:00-04:00,4102.2998046875,4128.39990234375,4100.7998046875,4126.0,7430,0.0059312493524005,4076.862830323456,4053.130308977845,1.0058553561164916,78.52263802044979,14.450020926339286,0.0023580898753423,1,0.46751454,0
2026-07-21 22:00:00-04:00,4126.39990234375,4135.2998046875,4123.10009765625,4134.7001953125,3791,0.0021064070414509,4082.371150798602,4056.329128049792,1.0064200960836065,85.31910237786661,14.649989536830358,0.0023295940865407,0,0.45206243,0
2026-07-21 23:00:00-04:00,4134.7998046875,4146.0,4133.60009765625,4135.5,5420,0.0001934184593129,4087.431041198736,4059.433868126271,1.006896817138048,87.58465544631197,14.435703822544642,0.0021959003753521,0,0.4514248,0
2026-07-22 00:00:00-04:00,4135.10009765625,4135.60009765625,4129.39990234375,4131.7998046875,2353,-0.0008951400449939,4091.6566377214754,4062.271747991417,1.0072336100470352,85.18836699866866,13.614275251116071,0.0021525241248663,0,0.46121207,0
2026-07-22 01:00:00-04:00,4131.60009765625,4138.60009765625,4127.5,4135.5,3331,0.000895140044994,4095.832196033716,4065.1434441486167,1.0075492420640833,83.2975783455317,12.714268275669642,0.0020550141912757,0,0.46101308,0
2026-07-22 02:00:00-04:00,4135.39990234375,4140.0,4117.7998046875,4121.0,6601,-0.0035123877931438,4098.229129744791,4067.333897319259,1.0075959420115213,70.62236386164416,13.0,0.0022733509461557,1,0.4601447,0
2026-07-22 03:00:00-04:00,4120.7998046875,4127.39990234375,4113.2998046875,4114.60009765625,4809,-0.0015542045646062,4099.788269545882,4069.1874738030624,1.00752012433436,68.1690224702125,13.335728236607142,0.002306858002263,1,0.46185297,0
2026-07-22 04:00:00-04:00,4115.0,4124.39990234375,4114.7998046875,4122.2998046875,2748,0.0018695648521293,4101.932225273655,4071.270310308336,1.0075312894080468,72.14720345845845,13.592860630580358,0.0022618211469308,1,0.45994467,0
2026-07-22 05:00:00-04:00,4122.60009765625,4126.60009765625,4117.5,4118.7998046875,3715,-0.0008494012635039,4103.538661408307,4073.134212048694,1.00746463233882,65.7736667883207,12.771432059151786,0.0022690697907094,1,0.46413824,0
2026-07-22 06:00:00-04:00,4119.2001953125,4126.10009765625,4119.2001953125,4121.2001953125,2333,0.0005826191002184,4105.220712256326,4075.0191525688433,1.0074113908565177,66.04326261356995,12.892874581473214,0.0022587300519671,1,0.46393904,0
2026-07-22 07:00:00-04:00,4121.7998046875,4127.89990234375,4117.2001953125,4127.39990234375,5843,0.0015032146364918,4107.333016074176,4077.07329961884,1.007421921126158,72.28791215730608,12.942853655133929,0.0021483460979651,1,0.45994467,0
2026-07-22 08:00:00-04:00,4127.5,4139.5,4110.39990234375,4117.0,11273,-0.0025229023296421,4108.253681209969,4078.639052574964,1.007260909399744,64.80801245315497,14.450003487723214,0.0022541792256141,1,0.4630699,0
2026-07-22 09:00:00-04:00,4117.10009765625,4161.5,4117.0,4160.0,15833,0.0103903314854042,4113.181902047115,4081.829677964181,1.0076809241336524,74.63768931060045,17.335728236607142,0.0031422441520551,0,0.4696859,0
2026-07-22 10:00:00-04:00,4159.7998046875,4168.7998046875,4148.60009765625,4153.39990234375,13066,-0.0015878218587939,4117.012187789652,4084.6363534300463,1.0079262464411105,68.23936784098345,16.892857142857142,0.0031736232177213,0,0.46006218,0
2026-07-22 11:00:00-04:00,4153.5,4171.39990234375,4153.39990234375,4164.10009765625,8699,0.0025729368717628,4121.49675063409,4087.752578693819,1.0082549448115212,64.8480166165219,16.207135881696427,0.0031443570759403,0,0.46703884,0
2026-07-22 12:00:00-04:00,4164.39990234375,4164.5,4150.10009765625,4152.7998046875,7710,-0.0027174307867806,4124.477993877272,4090.303450301415,1.008355014240652,56.91350471631345,16.364292689732142,0.0032477583844437,0,0.436253,0
2026-07-22 13:00:00-04:00,4152.7998046875,4153.60009765625,4143.7998046875,4148.10009765625,6276,-0.0011323368764105,4126.727718046698,4092.5699854918007,1.0083462793980278,54.673616563972296,16.178606305803573,0.0032326682556621,0,0.42670742,0
2026-07-22 14:00:00-04:00,4147.89990234375,4148.39990234375,4137.5,4141.7998046875,3829,-0.0015199928240324,4128.163154869631,4094.50056663673,1.0082214149650377,53.638999838171344,16.514299665178573,0.0032740684590439,0,0.4225317,0
2026-07-22 15:00:00-04:00,4141.39990234375,4142.5,4133.89990234375,4136.39990234375,3383,-0.0013046080792302,4128.947607010024,4096.143677840927,1.0080084908511773,50.32347293237827,16.335728236607142,0.0033028260905947,0,0.41140297,0
2026-07-22 16:00:00-04:00,4136.39990234375,4142.7998046875,4133.2001953125,4135.0,2164,-0.0003384922440323,4129.524025390021,4097.667455180499,1.007774318086561,55.55555554938271,15.435686383928571,0.0032101397727907,0,0.42651552,0
2026-07-22 18:00:00-04:00,4126.0,4133.0,4074.60009765625,4124.7001953125,0,-0.0024939912545664,4129.064613001686,4098.727562636656,1.00740157766073,53.88764635651299,18.742815290178573,0.0029922619239062,0,0.40020046,0
2026-07-22 19:00:00-04:00,4125.10009765625,4137.10009765625,4118.89990234375,4135.7998046875,4017,0.0026873956915931,4129.706059828906,4100.181376050415,1.0072008238345134,55.06377335519385,19.342843191964285,0.0030166692178907,0,0.39712507,0
2026-07-22 20:00:00-04:00,4136.7998046875,4138.0,4128.39990234375,4135.2998046875,2049,-0.0001209029087359,4130.238797434487,4101.558569330301,1.006992519458004,56.33155207860801,19.378557477678573,0.0030165001967943,0,0.3995961,0
2026-07-22 21:00:00-04:00,4135.2001953125,4144.0,4116.7001953125,4120.5,6104,-0.0035853147826441,4129.3112929169165,4102.301370533035,1.0065840902323495,49.75466042051078,20.807094029017858,0.003116716613406,0,0.3826988,0
2026-07-22 22:00:00-04:00,4120.10009765625,4131.2998046875,4114.7001953125,4130.7998046875,3207,0.0024965303118061,4129.453055942687,4103.418956186151,1.006344489810695,51.158010273023656,21.228515625,0.0031648251485197,0,0.38982823,0
2026-07-22 23:00:00-04:00,4130.89990234375,4135.60009765625,4126.60009765625,4127.60009765625,2029,-0.0007748976143553,4129.276583724931,4104.367236243803,1.0060689860451972,53.79662047946143,19.792794363839285,0.0030651389406318,0,0.39288783,0
2026-07-23 00:00:00-04:00,4127.7001953125,4132.89990234375,4122.5,4123.7998046875,1222,-0.0009211269075384,4128.754985721366,4105.129297751399,1.0057551629330916,31.97190906965004,17.357073102678573,0.003050608483141,0,0.39245135,0
2026-07-23 01:00:00-04:00,4124.0,4133.39990234375,4121.60009765625,4126.89990234375,2660,0.0007514751262846,4128.5783111139735,4105.983046951099,1.0055030096092707,36.32602670173071,16.757080078125,0.0030268506934924,0,0.39032146,0
2026-07-23 02:00:00-04:00,4127.10009765625,4131.0,4119.5,4121.60009765625,2149,-0.0012850349558837,4127.913719356096,4106.595480312085,1.005191219623704,26.775708411506955,16.292794363839285,0.0030352629843188,0,0.38583726,0
2026-07-23 03:00:00-04:00,4121.2998046875,4122.2001953125,4093.0,4098.2998046875,7476,-0.0056692552591566,4125.093346530515,4106.270159699357,1.004584010817383,23.671249159399608,17.349958147321427,0.0032872579225595,0,0.40895694,0
2026-07-23 04:00:00-04:00,4098.5,4100.7001953125,4089.699951171875,4096.0,4255,-0.0005613181852509,4122.322551622847,4105.867408338598,1.0040077142410468,24.233159942744493,17.4356689453125,0.0032606677824545,0,0.38940126,0
2026-07-23 05:00:00-04:00,4095.89990234375,4102.39990234375,4091.300048828125,4093.199951171875,4607,-0.000683839435827,4119.548970627516,4105.370645312451,1.003453604202888,25.10224756684687,17.449951171875,0.0032228221832213,0,0.38490024,0
2026-07-23 06:00:00-04:00,4093.199951171875,4098.60009765625,4088.699951171875,4096.7001953125,3348,0.0008547709474195,4117.372896787991,4105.030627665395,1.0030066204718222,29.258081958248862,17.542811802455358,0.0020524945829831,0,0.3593693,0
2026-07-23 07:00:00-04:00,4096.60009765625,4097.39990234375,4075.699951171875,4088.89990234375,6802,-0.0019058579057785,4114.661183031397,4104.398050201801,1.0025005208325473,27.42395982407318,18.407121930803573,0.0020604081382119,0,0.37070277,0
2026-07-23 08:00:00-04:00,4088.39990234375,4089.0,4063.60009765625,4064.60009765625,11361,-0.0059606001429094,4109.893460614716,4102.837346180408,1.001719813348408,24.1170112515709,15.907121930803571,0.0022073078658025,0,0.41183937,0
2026-07-23 09:00:00-04:00,4064.199951171875,4070.10009765625,4042.60009765625,4045.800048828125,24070,-0.004636043144814,4103.78932615885,4100.600589421495,1.0007776267568171,13.651163018462752,16.571393694196427,0.0023153518950529,0,0.38430464,0
2026-07-23 10:00:00-04:00,4046.10009765625,4064.699951171875,4042.5,4061.10009765625,16442,0.0037745788691642,4099.723685349079,4099.05155052874,1.0001639732538254,23.232447778723056,17.471383231026785,0.0025795383061457,0,0.33861583,0
2026-07-23 11:00:00-04:00,4061.5,4062.60009765625,4045.0,4051.199951171875,14488,-0.0024407754495519,4095.102377332202,4097.175017220628,0.99949412952102,24.083836553444968,16.778547014508927,0.0025963457619475,0,0.35395354,0
2026-07-23 12:00:00-04:00,4051.5,4054.60009765625,4048.60009765625,4054.300048828125,11410,0.0007649368471809,4091.216441284195,4095.493645911119,0.9989556314826188,19.763117414298847,16.021432059151785,0.0026290429161234,0,0.34901923,0
2026-07-23 13:00:00-04:00,4054.5,4057.5,4043.89990234375,4043.89990234375,11794,-0.0025685096107214,4086.710104242248,4093.470361849653,0.9983485265533104,18.69878021862489,16.350010463169642,0.0026466343707759,0,0.3717049,0
2026-07-23 14:00:00-04:00,4044.39990234375,4050.800048828125,4042.5,4048.800048828125,4132,0.0012110042662627,4083.099622774236,4091.718584868417,0.997893559413872,22.181311066346765,16.200020926339285,0.0026744688911764,0,0.3488035,0
2026-07-23 15:00:00-04:00,4049.199951171875,4053.300048828125,4045.300048828125,4052.10009765625,2934,0.000814736375217,4080.1472870487137,4090.164918703234,0.9975508000646348,22.296569032923344,15.928606305803571,0.0025720276714893,0,0.34895822,0
2026-07-23 16:00:00-04:00,4051.89990234375,4053.60009765625,4049.800048828125,4052.300048828125,1776,4.934385477053296e-05,4077.495169122943,4088.680021845387,0.9972644343253362,23.32584691756314,15.378609793526786,0.0025754472854174,0,0.34939337,0
2026-07-23 18:00:00-04:00,4053.39990234375,4053.5,4050.199951171875,4052.0,0,-7.404682118237385e-05,4075.067057777901,4087.241589616156,0.9970213329524772,28.344516355174,13.528599330357142,0.0025097636843867,0,0.33937734,0
2026-07-23 19:00:00-04:00,4052.199951171875,4053.800048828125,4048.800048828125,4049.39990234375,1432,-0.0006418885073855,4072.622566784172,4085.757601879983,0.9967851653534788,28.26511741937792,13.100010463169642,0.0023853170585666,0,0.34131107,0
2026-07-23 20:00:00-04:00,4049.800048828125,4054.10009765625,4043.199951171875,4052.39990234375,2501,0.0007405762199597,4070.6965987422273,4084.449456800131,0.9966328734867788,31.00576247280044,13.085745675223214,0.0024165472804757,0,0.32138464,0
2026-07-23 21:00:00-04:00,4052.89990234375,4053.300048828125,4041.89990234375,4046.0,3730,-0.0015805353534574,4068.3445417191583,4082.941634964832,0.9964248587046484,27.017299993029354,13.192888532366071,0.0024210670187516,0,0.32973093,0
2026-07-23 22:00:00-04:00,4045.89990234375,4051.0,4025.300048828125,4026.699951171875,5607,-0.0047815689216524,4064.378390238464,4080.7360787376574,0.9959914858046264,24.46647089787829,13.478602818080358,0.0025298149554669,1,0.32986653,0
2026-07-23 23:00:00-04:00,4027.10009765625,4036.10009765625,4025.39990234375,4031.10009765625,1806,0.0010921459691427,4061.209029040158,4078.789569675642,0.9956897652268728,33.562457768289775,12.428623744419642,0.0025823406310229,1,0.29413733,0
2026-07-24 00:00:00-04:00,4031.300048828125,4032.89990234375,4027.800048828125,4029.800048828125,1626,-0.000322556740754,4058.217697591393,4076.868411995347,0.9954252351267756,40.52142571339907,10.82861328125,0.0023520005566219,1,0.290847,0
2026-07-24 01:00:00-04:00,4029.800048828125,4034.60009765625,4024.0,4025.0,3852,-0.0011918481817633,4055.054107344594,4074.834356622981,0.99514575377862,25.57532589753949,10.000052315848214,0.0023522551871328,1,0.30875212,0
2026-07-24 02:00:00-04:00,4025.199951171875,4041.39990234375,4025.0,4038.39990234375,3245,0.0033236388722591,4053.467992582609,4073.405554494383,0.995105431648028,41.731302412073696,9.914324079241071,0.0025330696688849,1,0.28423452,0
2026-07-24 03:00:00-04:00,4038.199951171875,4056.300048828125,4037.5,4051.10009765625,4751,0.0031399235420962,4053.242478780098,4072.530830696809,0.9952637922906992,48.160963076814575,10.82861328125,0.0026542897747156,1,0.2888143,0
2026-07-24 04:00:00-04:00,4051.199951171875,4061.5,4047.5,4060.0,2970,0.002194500328759,4053.886052229612,4072.039425571444,0.9955419455843592,59.41520800831756,10.857177734375,0.0027027509692892,1,0.31567028,0
2026-07-24 05:00:00-04:00,4060.39990234375,4064.0,4054.199951171875,4062.60009765625,4520,0.0006402131617459,4054.7159613178633,4071.66925584928,0.9958362790624358,58.293254760738265,10.964320591517858,0.0023639499062946,1,0.31414878,0
2026-07-24 06:00:00-04:00,4062.60009765625,4067.0,4059.39990234375,4062.199951171875,2860,-9.85000202574457e-05,4055.42872225634,4071.297910567813,0.9961021795358476,56.28878327806663,10.935756138392858,0.0021012225968743,1,0.31428054,0
2026-07-24 07:00:00-04:00,4062.5,4065.89990234375,4053.5,4060.199951171875,4489,-0.0004924652970714,4055.8831250102007,4070.862696473855,0.9963202955784706,54.81111202690854,11.550031389508929,0.0019289820257167,1,0.32342613,0
2026-07-24 08:00:00-04:00,4060.60009765625,4062.89990234375,4054.199951171875,4058.5,4587,-0.000418774238965,4056.1323511997057,4070.377884847429,0.9965001938270266,53.892192799529866,11.935738699776786,0.0018461460124252,1,0.307646,0
2026-07-24 09:00:00-04:00,4058.800048828125,4071.5,4046.89990234375,4070.0,10441,0.0028295522354103,4057.453079656877,4070.363065833804,0.9968282961573396,61.147191856976406,13.335745675223214,0.0019411506964308,0,0.3654445,0
2026-07-24 10:00:00-04:00,4069.89990234375,4073.0,4060.300048828125,4066.199951171875,11555,-0.0009341090748124,4058.286115039257,4070.1998064352974,0.9970729467931272,57.403424754768864,13.464303152901786,0.0018510782519315,1,0.36945722,0
2026-07-24 11:00:00-04:00,4066.10009765625,4085.199951171875,4064.699951171875,4079.89990234375,17520,0.003363563996145,4060.3445709730186,4070.580202353276,0.9974854613172,66.86554110571034,14.114292689732142,0.0019672972752219,0,0.37527797,0
2026-07-24 12:00:00-04:00,4080.300048828125,4080.89990234375,4066.5,4069.5,5254,-0.0025523125908771,4061.216516594636,4070.537841476677,0.9977100507979408,73.36238488197633,13.307146344866071,0.0020697698670118,0,0.3639291,0
2026-07-24 13:00:00-04:00,4069.699951171875,4072.800048828125,4065.300048828125,4065.800048828125,8590,-0.000909604170657,4061.653043474016,4070.3520456865376,0.9978628378786694,69.08685106381833,13.078560965401786,0.0020848432944874,1,0.3638368,0
2026-07-24 14:00:00-04:00,4066.0,4067.300048828125,4053.5,4056.699951171875,5205,-0.0022407144262803,4061.1813203976217,4069.8166694310607,0.9978781970455082,63.62707654263762,13.700003487723214,0.0021531625260146,1,0.3798772,0
2026-07-24 15:00:00-04:00,4056.89990234375,4060.199951171875,4051.300048828125,4056.10009765625,2952,-0.0001478782943269,4060.697394422253,4069.2787646555785,0.9978911815263528,66.4550781151548,13.578560965401786,0.0021475377057261,1,0.37324354,0
2026-07-24 16:00:00-04:00,4055.89990234375,4070.800048828125,4053.89990234375,4070.800048828125,1967,0.0036176074366693,4061.659551984717,4069.338422858424,0.9981129928072404,66.9102974695604,13.614292689732142,0.0022858324111218,1,0.36235,0
2026-07-26 18:00:00-04:00,4091.5,4096.5,4086.89990234375,4092.199951171875,2348,0.0052431584879591,4064.568161431114,4070.23495338052,0.9986077481977546,69.66504761572206,14.107142857142858,0.0025010389662204,0,0.36108547,0
2026-07-26 19:00:00-04:00,4092.89990234375,4099.0,4085.800048828125,4096.89990234375,1551,0.0011478555084174,4067.647374851365,4071.280637653588,0.9991075872371408,68.3948026816039,14.049996512276786,0.0021620255801342,0,0.36049175,0
2026-07-26 20:00:00-04:00,4097.2001953125,4119.2998046875,4093.199951171875,4102.60009765625,6870,0.0013903765426614,4070.976205594687,4072.50885177134,0.999623660443123,69.34237802643433,15.214268275669642,0.0021647074785671,0,0.3562634,0
2026-07-26 21:00:00-04:00,4103.10009765625,4114.7998046875,4098.89990234375,4112.0,3858,0.0022885852834622,4074.883233633288,4074.057524250895,1.000202674944445,72.15311398808932,15.807111467633929,0.0021671600986611,0,0.35320124,0
2026-07-26 22:00:00-04:00,4112.2001953125,4112.89990234375,4095.60009765625,4095.699951171875,2096,-0.0039718972072995,4076.8657781607726,4074.9062468752472,1.0004808776366396,64.00950357893149,16.1571044921875,0.0023931678574554,0,0.37817943,0
2026-07-26 23:00:00-04:00,4095.5,4097.7998046875,4087.0,4092.5,2278,-0.0007816006824115,4078.35475166927,4075.596197978178,1.000676846664167,63.26056071797387,16.307094029017858,0.002347314354403,0,0.372097,0
2026-07-27 00:00:00-04:00,4093.0,4095.0,4088.89990234375,4091.699951171875,1062,-0.0001955105778076,4079.625723050471,4076.227717711265,1.0008336151889752,59.23404095462982,14.985665457589286,0.0022797654524385,0,0.35336906,0
2026-07-27 01:00:00-04:00,4092.5,4097.0,4086.5,4095.300048828125,1801,0.0008794669325258,4081.118515981676,4076.975652264867,1.0010161610149688,62.40415434463117,14.828526088169642,0.0022470073899566,0,0.35659483,0
2026-07-27 02:00:00-04:00,4094.89990234375,4101.39990234375,4093.300048828125,4098.39990234375,2778,0.0007566431970878,4082.7643623018735,4077.8158189346273,1.0012135279245002,58.66918968116491,13.942801339285714,0.0022477236040567,0,0.39488572,0
2026-07-27 03:00:00-04:00,4098.2001953125,4108.2998046875,4090.5,4090.699951171875,4417,-0.0018805371967122,4083.520132670445,4078.321079022363,1.0012748024364302,60.19230813564938,14.185651506696429,0.0023047361059116,0,0.4287653,0
2026-07-27 04:00:00-04:00,4090.89990234375,4098.7001953125,4088.800048828125,4097.7001953125,3722,0.0017097957405042,4084.870614826832,4079.0810443670734,1.00141933204974,64.8649263512037,14.357090541294642,0.0023149747468042,0,0.47594824,0
2026-07-27 05:00:00-04:00,4096.7998046875,4102.7001953125,4091.800048828125,4098.89990234375,5636,0.0002927328466738,4086.2067374474905,4079.858254483807,1.0015560547861453,71.22741260623602,14.149954659598214,0.0023062150138707,0,0.46190232,0
2026-07-27 06:00:00-04:00,4098.7998046875,4104.60009765625,4088.39990234375,4102.10009765625,5028,0.0007804403060439,4087.720390800706,4080.730483627824,1.0017129058635277,72.54901959788543,14.671404157366071,0.0022416674405341,0,0.46019402,0
2026-07-27 07:00:00-04:00,4102.2001953125,4107.0,4095.60009765625,4095.89990234375,3912,-0.0015126119772305,4088.499391900044,4081.3253627931545,1.0017577694668232,63.42234650217405,14.278529575892858,0.0022633180438512,0,0.46611592,0
2026-07-27 08:00:00-04:00,4096.10009765625,4099.7998046875,4082.39990234375,4085.199951171875,11113,-0.0026157747648756,4088.185159449742,4081.477307435457,1.0016434862940595,45.77296180856611,13.6856689453125,0.0022410306863033,0,0.38753954,0
2026-07-27 09:00:00-04:00,4085.800048828125,4091.800048828125,4071.60009765625,4075.800048828125,17551,-0.0023036163461784,4087.0056251048254,4081.254669843013,1.0014091145314474,37.94297448339764,14.1856689453125,0.0022263862880198,0,0.4036581,0
2026-07-27 10:00:00-04:00,4075.89990234375,4081.0,4067.10009765625,4078.39990234375,16386,0.000637672271784,4086.186032460914,4081.142718176375,1.0012357603330255,35.66337480823056,13.314243861607142,0.0022171498341974,0,0.36087298,0
2026-07-27 11:00:00-04:00,4078.300048828125,4082.199951171875,4073.89990234375,4080.60009765625,11094,0.0005393296643785,4085.6540386699935,4081.121438940292,1.0011106260368663,29.66332712958075,12.771397181919642,0.0021450402784694,0,0.32667598,0
2026-07-27 12:00:00-04:00,4080.800048828125,4095.699951171875,4079.89990234375,4084.10009765625,7313,0.0008573493528637,4085.506044287732,4081.238249086016,1.0010457108703887,40.993923026310426,12.664271763392858,0.0021459253844827,0,0.32368025,0
2026-07-27 13:00:00-04:00,4084.0,4084.10009765625,4072.199951171875,4078.199951171875,9486,-0.0014457070866599,4084.8102258957456,4081.119100148207,1.0009044396051574,39.34428018084448,12.742867606026786,0.0020352076900208,0,0.33818418,0
2026-07-27 14:00:00-04:00,4078.199951171875,4081.199951171875,4074.5,4079.800048828125,3888,0.0003922769494407,4084.33306617502,4081.067372645459,1.0008002057381973,41.2372357170836,12.785714285714286,0.0016394310176793,0,0.32109916,0
2026-07-27 15:00:00-04:00,4079.89990234375,4091.800048828125,4078.0,4085.5,4125,0.0013961402676338,4084.44420272978,4081.2412011691663,1.0007848106501758,42.99998952826688,13.021432059151786,0.0016506912114734,0,0.32147372,0
2026-07-27 16:00:00-04:00,4085.39990234375,4086.39990234375,4077.60009765625,4078.60009765625,2098,-0.0016903036229443,4083.8876212942055,4081.137628482385,1.0006738299616822,36.58555142448555,13.071428571428571,0.0016441584455706,0,0.34085047,0
2026-07-27 18:00:00-04:00,4083.0,4085.699951171875,4072.300048828125,4075.10009765625,0,-0.0008585059865163,4083.0507142810666,4080.900862567634,1.0005268081205183,38.793263708377694,12.757149832589286,0.0015307315990606,0,0.32557642,0
2026-07-27 19:00:00-04:00,4075.39990234375,4076.10009765625,4071.0,4074.39990234375,635,-0.0001718376131597,4082.2268274298935,4080.645922951012,1.000387415254529,31.595430380472664,12.414289202008929,0.0012871150924251,0,0.32181606,0
2026-07-27 20:00:00-04:00,4074.39990234375,4075.5,4058.10009765625,4058.5,3784,-0.0039100254009111,4079.967129579428,4079.7774553843055,1.0000464913091942,24.10278881535525,12.878557477678571,0.0015223506189044,0,0.35960197,0
2026-07-27 21:00:00-04:00,4058.300048828125,4061.199951171875,4042.89990234375,4045.699951171875,5035,-0.0031588705977095,4076.703588778708,4078.441082670093,0.9995739808774564,17.808261170863787,13.028547014508929,0.0016393585549458,0,0.3649004,0
2026-07-27 22:00:00-04:00,4045.89990234375,4049.699951171875,4041.10009765625,4042.300048828125,2594,-0.0008407276320501,4073.427061164367,4077.0237872253097,0.999117805966153,18.39633098006017,12.828543526785714,0.0016043197965114,0,0.34160608,0
2026-07-27 23:00:00-04:00,4042.300048828125,4051.5,4040.699951171875,4049.60009765625,1940,0.0018042859344246,4071.1578265445455,4075.94834841868,0.9988246853334164,28.13280745733321,12.357125418526786,0.0016685280791686,0,0.32219106,0
2026-07-28 00:00:00-04:00,4049.0,4049.699951171875,4041.199951171875,4042.10009765625,1689,-0.0018537518609727,4068.39042379328,4074.62096603584,0.9984708903491896,28.805127239402022,11.521414620535714,0.0016674556383332,0,0.33995724,0
2026-07-28 01:00:00-04:00,4041.89990234375,4046.89990234375,4034.60009765625,4045.199951171875,2831,0.0007665979124596,4066.181807353146,4073.467200747057,0.9982115006615068,29.2500938361476,11.407121930803571,0.0016111497192502,0,0.32313094,0
2026-07-28 02:00:00-04:00,4045.5,4052.800048828125,4042.89990234375,4048.699951171875,4038,0.0008648489011194,4064.516868669216,4072.495936057834,0.998040742700816,30.38122550189281,11.521414620535714,0.0016335932070405,0,0.32313094,0
2026-07-28 03:00:00-04:00,4048.300048828125,4052.89990234375,4045.800048828125,4047.300048828125,11717,-0.0003458256812504,4062.8771715414928,4071.507862048826,0.9978802225613312,26.76763161396485,10.899972098214286,0.0016020237047042,0,0.32181606,0
2026-07-28 04:00:00-04:00,4047.300048828125,4055.60009765625,4041.89990234375,4045.699951171875,3989,-0.0003954275737302,4061.241245792005,4070.495787112475,0.9977264338782096,28.30437758198414,11.028547014508929,0.0015906236725962,0,0.32181606,0
2026-07-28 05:00:00-04:00,4045.5,4046.10009765625,4018.10009765625,4023.300048828125,9614,-0.0055521030821796,4057.627798462112,4068.644973846423,0.9972921757845352,20.480578385007533,12.549979073660714,0.0018918525693635,1,0.3723278,0
2026-07-28 06:00:00-04:00,4023.10009765625,4028.199951171875,4016.5,4025.60009765625,11419,0.0005715188035313,4054.5775412425055,4066.956939486024,0.9969561029468186,17.551446857624526,12.399972098214286,0.0018778416545103,1,0.34559083,0
2026-07-28 07:00:00-04:00,4026.0,4031.89990234375,4022.5,4027.800048828125,5181,0.000546340970666,4052.027303869708,4065.421375146498,0.9967053670355862,21.004489850576533,12.442836216517858,0.0018747316198601,1,0.34559083,0
2026-07-28 08:00:00-04:00,4027.300048828125,4037.89990234375,4022.199951171875,4029.39990234375,11773,0.0003971239503414,4049.8723132481887,4064.00876836992,0.996521549059698,23.337017766951064,12.607125418526786,0.001870350921773,0,0.31073505,0
2026-07-28 09:00:00-04:00,4029.39990234375,4036.10009765625,4019.300048828125,4021.39990234375,15865,-0.001987380838476,4047.160655066813,4062.3378324473256,0.9962639302769734,21.50522673371418,13.442836216517858,0.0018593168118278,1,0.3422388,0
2026-07-28 10:00:00-04:00,4021.89990234375,4034.10009765625,4011.10009765625,4023.800048828125,16274,0.0005966654825606,4044.935835425034,4060.8265468152,0.9960868283323676,28.176064313238825,13.842843191964286,0.0018764653254079,1,0.28579333,0
2026-07-28 11:00:00-04:00,4024.60009765625,4047.39990234375,4021.89990234375,4046.5,15517,0.0056255680457917,4045.0848034797928,4060.2647214498975,0.9962613477170806,50.4474563046885,14.357125418526786,0.0023401850369401,0,0.3244226,0
2026-07-28 12:00:00-04:00,4046.699951171875,4046.800048828125,4036.60009765625,4037.60009765625,12383,-0.0022018297229968,4044.371974353741,4059.375912673677,0.996303880536638,47.52372596794723,14.471418108258929,0.0023323317210088,0,0.31851405,0
2026-07-28 13:00:00-04:00,4037.89990234375,4041.89990234375,4025.300048828125,4028.0,18058,-0.0023805053743068,4042.812738701004,4058.1454847256896,0.996221735745454,38.88880515854108,14.885689871651786,0.0023544751944533,0,0.30902317,0
2026-07-28 14:00:00-04:00,4028.10009765625,4030.5,4021.39990234375,4023.10009765625,3034,-0.001217200851879,4040.935344315789,4056.771155821006,0.9960964493936282,39.95767522893741,14.928553989955358,0.0023577178828771,1,0.30349007,0
2026-07-28 15:00:00-04:00,4022.800048828125,4038.699951171875,4021.5,4025.89990234375,4674,0.0006956900982536,4039.503397461309,4055.560518429741,0.9960407147432608,39.76662843000956,15.278564453125,0.0023747442036971,1,0.29531717,0
2026-07-28 16:00:00-04:00,4025.800048828125,4030.60009765625,4022.199951171875,4028.800048828125,2092,0.0007201128849693,4038.484030924815,4054.511088249285,0.9960471048233362,39.381022104935816,15.171421595982142,0.0022577555234749,1,0.29355046,0
2026-07-28 18:00:00-04:00,4020.89990234375,4034.0,4013.199951171875,4017.89990234375,0,-0.0027092232139072,4036.5236377266174,4053.0753554686767,0.9959162570911184,35.75573623798428,16.150006975446427,0.0022305689393593,1,0.31458992,0
2026-07-28 19:00:00-04:00,4017.39990234375,4026.0,4015.0,4024.300048828125,775,0.0015916410619901,4035.359486402953,4051.946912071008,0.9959063072572248,40.092637798622256,15.957135881696429,0.0022680987625448,1,0.2926594,0
2026-07-28 20:00:00-04:00,4025.0,4030.699951171875,4017.10009765625,4021.300048828125,885,-0.0007457492549025,4034.020492348208,4050.7450742967776,0.9958712331578966,48.87133306475374,14.928553989955358,0.0022192777946597,1,0.29834923,0
2026-07-28 21:00:00-04:00,4021.0,4030.0,4009.300048828125,4025.0,1265,0.0009196652896865,4033.161397838855,4049.7354635400416,0.995907370777572,49.66661240546852,15.5714111328125,0.0022070276221517,1,0.31122088,0
2026-07-28 22:00:00-04:00,4025.0,4036.800048828125,4022.300048828125,4028.300048828125,791,0.0008195519831192,4032.698412218785,4048.8948590415353,0.9959997857720158,50.27442340830952,15.935703822544642,0.0022082947718931,1,0.3129938,0
2026-07-28 23:00:00-04:00,4028.199951171875,4031.39990234375,4021.5,4021.5,539,-0.0016894954916593,4031.631896769377,4047.820550843828,0.9960006492701174,45.89829785919494,15.521414620535714,0.0022167492429189,1,0.30628425,0
2026-07-29 00:00:00-04:00,4022.0,4026.0,4019.300048828125,4025.39990234375,690,0.0009692931927619,4031.038373490746,4046.9413097261777,0.9960703813032298,52.16919279391717,14.799979073660714,0.0022358976470632,1,0.30974948,0
2026-07-29 01:00:00-04:00,4025.89990234375,4038.199951171875,4025.300048828125,4031.300048828125,1233,0.001464656143307,4031.063294951448,4046.3279269458617,0.9962275346264544,53.91848729274391,14.078543526785714,0.0022689044457493,1,0.30883077,0
2026-07-29 02:00:00-04:00,4032.199951171875,4043.199951171875,4032.199951171875,4039.800048828125,2507,0.0021062811858651,4031.895366749227,4046.0719317255584,0.9964962152884204,45.88961281320604,13.107107979910714,0.0019360753709775,1,0.30526435,0
2026-07-29 03:00:00-04:00,4039.89990234375,4106.7001953125,4039.89990234375,4102.60009765625,12607,0.0154257449854809,4038.629150645134,4048.28872254637,0.9976139123063436,74.00288495448319,17.157121930803573,0.00391847524407,0,0.35808378,0
2026-07-29 04:00:00-04:00,4103.0,4103.5,4094.60009765625,4096.5,4231,-0.0014879922696694,4044.1406601075023,4050.179360877885,0.9985090288028444,75.96656448633219,16.607125418526785,0.0039556599330118,0,0.36419627,0
2026-07-29 05:00:00-04:00,4096.7998046875,4097.60009765625,4090.39990234375,4091.89990234375,3612,-0.0011235646023743,4048.689159368097,4051.815460543213,0.999228419653965,76.13962702979735,16.471418108258927,0.0039792793069885,0,0.36419627,0
2026-07-29 06:00:00-04:00,4091.5,4093.699951171875,4085.10009765625,4086.10009765625,4328,-0.0014183921887636,4052.25210587173,4053.1599561162734,0.999776014207588,72.36253091802723,15.857125418526786,0.0039605209345201,0,0.36384708,0
2026-07-29 07:00:00-04:00,4086.800048828125,4095.39990234375,4084.0,4091.5,5100,0.0013206571767051,4055.990000550613,4054.663487248969,1.0003271574338577,72.86644596567356,16.071393694196427,0.0039618918640273,0,0.35634512,0
2026-07-29 08:00:00-04:00,4091.699951171875,4092.5,4067.39990234375,4080.89990234375,12532,-0.0025941225900193,4058.36237214996,4055.692366272293,1.0006583354052865,73.02626646930649,16.3785400390625,0.0038638263368121,0,0.37005216,0
2026-07-29 09:00:00-04:00,4081.300048828125,4084.800048828125,4060.300048828125,4064.800048828125,17240,-0.003952975085465,4058.975484214546,4056.049530294091,1.0007213802244284,63.82252559117055,17.342825753348215,0.0039454233343315,1,0.37869343,0
2026-07-29 10:00:00-04:00,4065.10009765625,4068.39990234375,4053.89990234375,4063.199951171875,19676,-0.0003937248220768,4059.377814400959,4056.3299389559647,1.0007513874588263,64.43827502617208,17.407121930803573,0.0038981631978403,1,0.37797526,0
2026-07-29 11:00:00-04:00,4063.60009765625,4072.199951171875,4061.699951171875,4068.5,7918,0.0013035526668368,4060.24659398182,4056.807196251809,1.0008478090191686,64.82615612378197,16.678553989955358,0.0038826506207169,1,0.37841767,0
2026-07-29 12:00:00-04:00,4068.5,4091.699951171875,4066.300048828125,4086.10009765625,9170,0.0043166126540195,4062.708832427004,4057.955937483356,1.001171253462795,67.95029849725373,17.457118443080358,0.0039726359408267,1,0.3753287,0
2026-07-29 13:00:00-04:00,4086.199951171875,4109.2998046875,4086.10009765625,4102.89990234375,17758,0.0041030231422489,4066.536553371456,4059.718445909254,1.001679453280577,73.80114103014202,18.4071044921875,0.0040430435884127,1,0.44762573,0
2026-07-29 14:00:00-04:00,4103.10009765625,4170.2998046875,4101.2998046875,4166.7998046875,30378,0.0154542913038123,4076.085434449174,4063.9177148809504,1.0029940861065345,80.60603946345894,22.857107979910715,0.0050911356899725,0,0.43514994,0
2026-07-29 15:00:00-04:00,4167.10009765625,4176.7998046875,4103.7998046875,4104.7001953125,18040,-0.0150156020460021,4078.8106497694894,4065.5170278390506,1.0032698478051896,62.778600929130256,27.149972098214285,0.006333081765671,1,0.4519557,0
2026-07-29 16:00:00-04:00,4104.2001953125,4128.89990234375,4101.7001953125,4126.0,5898,0.0051757084404068,4083.304873600968,4067.8889091002648,1.0037896719515167,64.3666936005776,28.242815290178573,0.0063859036557352,0,0.44307056,0
2026-07-29 18:00:00-04:00,4126.7001953125,4148.2001953125,4121.10009765625,4146.2998046875,0,0.0049079085416419,4089.304390847304,4070.963846182117,1.0045052094192355,58.48541218360792,25.39995465959821,0.0064359638105502,0,0.41970304,0
2026-07-29 19:00:00-04:00,4146.5,4158.0,4142.0,4142.0,2402,-0.0010375602173096,4094.323020290418,4073.7495777043873,1.0050502472460825,58.89718926255473,25.9071044921875,0.006459417539798,0,0.43035257,0
2026-07-29 20:00:00-04:00,4142.5,4144.2998046875,4122.2998046875,4129.7001953125,3847,-0.0029739505693923,4097.692275054425,4075.943719571372,1.0053358331172788,57.17549680846927,26.9642333984375,0.0064979353427737,0,0.43062723,0
2026-07-29 21:00:00-04:00,4130.0,4151.5,4127.7998046875,4142.39990234375,5691,0.003070494036336,4101.950144320075,4078.549844385975,1.0057374068791411,60.4143822531668,28.042829241071427,0.0065088163167675,0,0.43018746,0
2026-07-29 22:00:00-04:00,4142.10009765625,4148.0,4120.7001953125,4121.39990234375,2713,-0.0050824186695043,4103.802502227092,4080.230238815692,1.0057771895289522,55.22911258098181,29.178536551339285,0.0066697656931723,0,0.38513494,0
2026-07-29 23:00:00-04:00,4121.10009765625,4127.5,4107.60009765625,4114.10009765625,3621,-0.0017727658549589,4104.783225601298,4081.558468574145,1.0056901688916062,55.874100014337486,28.807094029017858,0.0066954732391917,1,0.38513494,0
2026-07-30 00:00:00-04:00,4115.89990234375,4117.10009765625,4100.2998046875,4102.5,2766,-0.002823577933764,4104.565775544032,4082.3797051006495,1.0054345925773789,56.7781678520365,28.257114955357142,0.0057964790722341,1,0.3964771,0
2026-07-30 01:00:00-04:00,4102.2001953125,4108.0,4085.0,4090.39990234375,4857,-0.0029538030729556,4103.2166447630525,4082.6942226395945,1.0050266860568826,54.71242256093827,28.8642578125,0.0058254615727696,1,0.3830569,0
2026-07-30 02:00:00-04:00,4090.800048828125,4098.10009765625,4086.300048828125,4093.800048828125,4322,0.0008309050854777,4102.319826102583,4083.1297452352233,1.004699845967362,54.412309450412266,28.95711844308036,0.0058233301803797,1,0.37618136,0
2026-07-30 03:00:00-04:00,4093.800048828125,4108.5,4092.699951171875,4096.10009765625,6831,0.0005616793483328,4101.727471012456,4083.638386506637,1.0044296489536366,51.842309793232346,28.271414620535715,0.0058143560974388,1,0.39037234,0
2026-07-30 04:00:00-04:00,4096.10009765625,4130.89990234375,4093.89990234375,4119.2001953125,7080,0.0056236918219829,4103.391539993412,4085.032967244121,1.004494106387023,52.93488791367784,29.257149832589285,0.0059393077940345,1,0.37335926,0
2026-07-30 05:00:00-04:00,4119.39990234375,4131.5,4118.2998046875,4121.5,6006,0.0005581576061982,4105.116155232135,4086.463046960038,1.0045646095554377,39.51872019989362,25.271449497767858,0.005899109789551,1,0.34809566,0
2026-07-30 06:00:00-04:00,4121.7998046875,4142.2001953125,4121.2001953125,4136.39990234375,6229,0.0036086459485416,4108.095559718955,4088.421355014301,1.004812176386987,59.38422398721422,21.557163783482142,0.0058410619995556,1,0.4233467,0
2026-07-30 07:00:00-04:00,4136.5,4141.5,4133.60009765625,4136.0,3105,-9.668351355891636e-05,4110.753125460007,4090.287184229426,1.0050035462814175,53.378400665352046,20.178606305803573,0.0058380482742082,1,0.41202888,0
2026-07-30 08:00:00-04:00,4136.0,4145.39990234375,4125.39990234375,4127.39990234375,7534,-0.0020814920887181,4112.338532782268,4091.742584939792,1.0050335394798005,43.06676553700527,19.671456473214285,0.0058743198743054,1,0.37741953,0
2026-07-30 09:00:00-04:00,4127.2998046875,4172.5,4123.2001953125,4172.0,17844,0.0107478920211161,4118.020577279195,4094.8899345499967,1.005648660427729,58.49379001737153,22.050013950892858,0.0062459130574749,0,0.42966902,0
2026-07-30 10:00:00-04:00,4172.10009765625,4180.2001953125,4145.60009765625,4159.10009765625,22927,-0.0030968089452656,4121.9329125532,4097.407980162006,1.0059854748440804,58.29569721643004,22.950020926339285,0.0062675422783437,0,0.43724564,0
2026-07-30 11:00:00-04:00,4159.39990234375,4169.2001953125,4141.89990234375,4167.0,9370,0.0018976242470561,4126.2250161195625,4100.137078979183,1.006362698767836,57.13460312500697,23.207170758928573,0.00523339373172,0,0.43047112,0
2026-07-30 12:00:00-04:00,4166.7998046875,4178.2998046875,4165.60009765625,4169.7998046875,6132,0.0006716737497248,4130.374995983176,4102.868950575587,1.006704100408503,65.69390216660626,22.164306640625,0.0038592522493724,0,0.4251047,0
2026-07-30 13:00:00-04:00,4169.7998046875,4170.2001953125,4157.10009765625,4161.5,6751,-0.0019924399860285,4133.339282080016,4105.168207415761,1.006862343573003,65.27061591550881,21.678606305803573,0.0037618219488524,0,0.43127036,0
2026-07-30 14:00:00-04:00,4161.5,4166.7998046875,4157.7001953125,4158.7998046875,3126,-0.0006490620460031,4135.76409375692,4107.27140730877,1.0069371326173984,69.24124396077296,21.128557477678573,0.0036159387973567,0,0.4283045,0
2026-07-30 15:00:00-04:00,4158.7001953125,4174.5,4158.0,4171.2001953125,3776,0.0029772868631449,4139.138960571737,4109.778418603034,1.0071440693337144,77.55806245658015,20.664271763392858,0.0036577132681555,0,0.43989626,0
2026-07-30 16:00:00-04:00,4171.2998046875,4176.7001953125,4158.0,4162.7998046875,3250,-0.0020159331581287,4141.392374297047,4111.857688645562,1.0071828083284695,72.75712410050296,21.15713936941964,0.0036179316822791,0,0.43673646,0
2026-07-30 18:00:00-04:00,4163.89990234375,4169.7998046875,4158.0,4167.39990234375,0,0.0011044388575609,4143.869281730067,4114.035814672942,1.0072516303700425,73.16427020667739,20.871407645089285,0.0035678923538796,0,0.43759653,0
2026-07-30 19:00:00-04:00,4168.10009765625,4170.7001953125,4160.7998046875,4164.39990234375,1400,-0.0007201325523832,4145.8245789313705,4116.010876934543,1.007243348690816,66.8907354422151,18.935721261160715,0.0033480442322415,0,0.43810022,0
2026-07-30 20:00:00-04:00,4164.7998046875,4165.39990234375,4149.0,4153.5,1826,-0.0026208318712143,4146.555571414097,4117.481038623384,1.007061242667054,61.23592422829912,19.164271763392858,0.0033837765916118,0,0.41356632,0
2026-07-30 21:00:00-04:00,4153.5,4160.0,4140.0,4142.5,3901,-0.0026518819784082,4146.169326517516,4118.462174363644,1.0067275480460505,52.20219355084368,19.092843191964285,0.0033751701770006,0,0.39554286,0
2026-07-30 22:00:00-04:00,4142.7001953125,4148.7998046875,4132.5,4134.10009765625,2871,-0.0020297960826077,4145.019876149777,4119.075426257471,1.0062986100538291,49.35157132243784,19.692836216517858,0.0033316628823556,0,0.38121498,0
2026-07-30 23:00:00-04:00,4134.0,4137.39990234375,4129.7001953125,4133.10009765625,1810,-0.0002419198716014,4143.884659150393,4119.625413371149,1.005888701846655,52.0519003842526,18.814243861607142,0.003335220594728,0,0.39269686,0
2026-07-31 00:00:00-04:00,4132.60009765625,4139.5,4131.0,4137.60009765625,2229,0.001088178833178,4143.286129484284,4120.330302950957,1.005571355897581,32.59119415579261,15.899972098214286,0.0033379949700242,0,0.39632833,0
2026-07-31 01:00:00-04:00,4138.0,4141.2998046875,4131.0,4132.10009765625,2007,-0.0013301572441659,4142.22079311971,4120.791863527636,1.0052001970256583,35.229822419118165,14.164236886160714,0.0031324910910416,0,0.3922188,0
2026-07-31 02:00:00-04:00,4132.39990234375,4145.2998046875,4130.5,4135.39990234375,2573,0.0007982594164437,4141.57118447438,4121.364727794934,1.0049028557320276,31.79724020255901,13.271344866071429,0.0031345714889526,0,0.38853568,0
2026-07-31 03:00:00-04:00,4135.0,4136.7998046875,4124.7001953125,4125.10009765625,3901,-0.0024937497791153,4140.00250953932,4121.511212887535,1.00448653314201,26.299274566714885,13.228480747767858,0.0030785704324119,0,0.39838,0
2026-07-31 04:00:00-04:00,4125.39990234375,4125.39990234375,4110.7998046875,4117.60009765625,5613,-0.0018197925175158,4137.868946502837,4121.357835819642,1.0040062307959998,26.52423898625769,13.335623604910714,0.0031014156495228,0,0.39838,0
2026-07-31 05:00:00-04:00,4117.2998046875,4120.7998046875,4106.5,4111.2998046875,4200,-0.0015312603809923,4135.338552044234,4120.963403226225,1.00348829810203,25.540827303696503,13.707066127232142,0.0030864657152847,0,0.4070305,0
2026-07-31 06:00:00-04:00,4111.2001953125,4114.7001953125,4108.39990234375,4110.7998046875,2011,-0.0001216234354656,4133.00152848645,4120.56483073451,1.0030182021792686,14.553842624693177,12.978515625,0.0017066615263312,0,0.39516875,0
2026-07-31 07:00:00-04:00,4110.7001953125,4117.39990234375,4106.7001953125,4110.0,3085,-0.0001945807485951,4130.810906725836,4120.150523646882,1.0025873770916305,15.979336031951377,12.407052176339286,0.0016166332663803,0,0.38180116,0
2026-07-31 08:00:00-04:00,4110.2998046875,4115.7001953125,4096.39990234375,4096.7998046875,9280,-0.0032168950163452,4127.5717541507565,4119.234809177887,1.002023906225082,9.048528069133155,12.942801339285714,0.0016062743778068,0,0.42513528,0
2026-07-31 09:00:00-04:00,4096.60009765625,4103.39990234375,4077.60009765625,4081.5,17191,-0.0037415655825243,4123.18396804116,4117.755012739539,1.0013184260075758,7.918622691920063,14.078473772321429,0.0016873893448092,1,0.44442043,0
2026-07-31 10:00:00-04:00,4080.800048828125,4106.89990234375,4076.39990234375,4105.60009765625,11230,0.0058873513160155,4121.509313718788,4117.278349402939,1.001027611921468,28.55862668541039,15.085623604910714,0.0022774684067375,1,0.32396078,0
2026-07-31 11:00:00-04:00,4105.7998046875,4109.10009765625,4093.0,4101.7998046875,9573,-0.0009260650840853,4119.63221762057,4116.671347649392,1.0007192388512791,30.526222334427104,14.807059151785714,0.0022781369732905,1,0.33985803,0
2026-07-31 12:00:00-04:00,4101.7998046875,4106.0,4097.2001953125,4099.2998046875,3902,-0.0006096743599065,4117.69579734123,4115.990110670495,1.0004144049487178,32.352810085881856,14.271344866071429,0.0021091549531437,1,0.32857335,0
2026-07-31 13:00:00-04:00,4099.2001953125,4111.0,4097.2998046875,4109.7998046875,7447,0.0025581382187322,4116.943798040875,4115.747353573122,1.0002906992011338,39.22281594331879,14.699951171875,0.0022231954544809,0,0.32488275,0
2026-07-31 14:00:00-04:00,4110.0,4111.2998046875,4102.89990234375,4106.60009765625,2892,-0.0007788586804515,4115.95868371853,4115.3886376548135,1.000138515730568,35.486864839948254,14.692801339285714,0.0021849446957537,1,0.32857177,0
2026-07-31 15:00:00-04:00,4106.7998046875,4111.89990234375,4102.60009765625,4107.7001953125,3415,0.0002678493903538,4115.1721610131935,4115.087130111978,1.0000206632079778,38.08597381640797,14.621372767857142,0.0021964331504823,1,0.3266744,0
2026-07-31 16:00:00-04:00,4107.60009765625,4109.2001953125,4097.39990234375,4107.0,2513,-0.0001704737355101,4114.393859964318,4114.769987754646,0.9999085908103134,35.77163377533432,14.407121930803571,0.0021506584965263,1,0.3266744,0
2026-08-02 18:00:00-04:00,4131.10009765625,4135.7998046875,4119.5,4119.89990234375,2532,0.0031360325442382,4114.918244952835,4114.971160875787,0.9999871406333404,47.46085181216122,15.599993024553571,0.0022422364934832,0,0.31966782,0
2026-08-02 19:00:00-04:00,4120.0,4130.5,4119.0,4130.39990234375,1637,0.0025453634213508,4116.392688513874,4115.576209560805,1.0001983875189029,56.0719910978982,15.378557477678571,0.0022865735338245,0,0.34794366,0
2026-08-02 20:00:00-04:00,4130.5,4134.7001953125,4111.10009765625,4112.7998046875,3318,-0.004270216669791,4116.050509101839,4115.467330938322,1.0001417039953475,50.64267244018031,16.042864118303573,0.0024745452243307,0,0.352115,0
2026-08-02 21:00:00-04:00,4112.89990234375,4119.0,4102.7001953125,4112.7001953125,4002,-2.42196523019481e-05,4115.731431598092,4115.358815815741,1.000090542720338,50.81702227096496,16.757114955357142,0.0024554019188055,0,0.34506935,0
2026-08-02 22:00:00-04:00,4112.7001953125,4122.2998046875,4107.7998046875,4117.7998046875,2734,0.0012391981113139,4115.928419511369,4115.454540869535,1.000115146124718,53.2337603384524,17.028564453125,0.0024659586146156,0,0.33677,0
2026-08-02 23:00:00-04:00,4117.60009765625,4123.2001953125,4114.2001953125,4120.0,1836,0.0005341706322031,4116.316189081715,4115.632794168769,1.000166048563398,60.58406842316196,16.292829241071427,0.0024611846212569,0,0.35528696,0
2026-08-03 00:00:00-04:00,4120.39990234375,4127.2001953125,4119.2001953125,4119.2001953125,1703,-0.0001941461964881,4116.59085634179,4115.772692252837,1.000198787481751,69.82142489370767,15.021414620535714,0.0024006974170339,0,0.35883054,0
2026-08-03 01:00:00-04:00,4119.0,4125.2001953125,4109.10009765625,4124.2001953125,2830,0.0012130917767502,4117.315555291381,4116.103182568902,1.0002945438121214,62.23698496094072,13.992850167410714,0.0023801562125066,0,0.35541207,0
2026-08-03 02:00:00-04:00,4124.2998046875,4127.2998046875,4115.7001953125,4118.89990234375,3442,-0.001285995229081,4117.466445486845,4116.212857854191,1.000304548786942,61.03239056603229,13.67138671875,0.0023720351454294,0,0.36568758,0
2026-08-03 03:00:00-04:00,4119.0,4120.5,4107.2998046875,4117.10009765625,3407,-0.0004370579689533,4117.431555217265,4116.247651571918,1.0002876172051731,61.58883554206775,13.985700334821429,0.0023745800000724,0,0.35817376,0
2026-08-03 04:00:00-04:00,4117.0,4118.0,4110.0,4115.0,2092,-0.0005102216146295,4117.199978529906,4116.198724059293,1.0002432473594534,53.80134491553096,13.578543526785714,0.0023775240885178,0,0.34791788,0
2026-08-03 05:00:00-04:00,4115.2998046875,4117.7001953125,4102.2998046875,4111.60009765625,4606,-0.000826563221005,4116.666656541938,4116.018385768978,1.0001574994842592,53.64433560958567,14.078578404017858,0.0022613257180882,0,0.3465411,0
2026-08-03 06:00:00-04:00,4111.60009765625,4113.60009765625,4101.89990234375,4105.39990234375,1993,-0.0015091143943549,4115.593632332587,4115.601974654263,0.9999979730008568,48.43941511101416,14.250034877232142,0.0021074074221789,0,0.33858618,0
2026-08-03 07:00:00-04:00,4105.7001953125,4119.39990234375,4101.7001953125,4118.89990234375,2979,0.0032829571989429,4115.908515190793,4115.73130515189,1.0000430567560814,56.878595087632455,14.671421595982142,0.0018017610159802,0,0.34484297,0
2026-08-03 08:00:00-04:00,4119.0,4121.10009765625,4098.10009765625,4103.39990234375,5199,-0.0037702391615098,4114.71721872917,4115.247720728042,0.999871088684115,40.74070014046714,14.257149832589286,0.0019941099335361,0,0.34013528,0
2026-08-03 09:00:00-04:00,4103.60009765625,4109.7998046875,4074.0,4087.199951171875,14506,-0.0039557474632504,4112.096526580856,4114.147808196428,0.9995014078950968,27.21511000141483,15.992850167410714,0.0021812592053927,1,0.34629583,0
2026-08-03 10:00:00-04:00,4086.60009765625,4094.89990234375,4081.60009765625,4091.60009765625,8433,0.0010759883803561,4110.144485730893,4113.263584253676,0.9992416973872712,37.00992124595402,15.257114955357142,0.0021084498276704,1,0.3249018,0
2026-08-03 11:00:00-04:00,4091.699951171875,4096.39990234375,4085.5,4091.60009765625,5654,0.0,4108.378353533308,4112.414035759659,0.9990186585807608,37.05515480575126,14.871407645089286,0.0021048112080696,1,0.3266744,0
2026-08-03 12:00:00-04:00,4091.60009765625,4094.800048828125,4089.89990234375,4092.39990234375,2749,0.0001954556916046,4106.856596277159,4111.629167782565,0.9988392504988528,33.54932766016516,14.185703822544642,0.0021040572392672,1,0.32667598,0
2026-08-03 13:00:00-04:00,4092.699951171875,4093.5,4085.89990234375,4086.39990234375,3764,-0.0014672082016021,4104.908339712072,4110.63978482418,0.9986057048507956,29.259198972566324,14.085710797991071,0.0021234249368309,1,0.34495178,0
2026-08-03 14:00:00-04:00,4086.39990234375,4101.0,4085.39990234375,4099.60009765625,3565,0.0032250688379778,4104.402792849613,4110.206855915633,0.9985878902766984,39.50748624488845,14.628574916294642,0.0021309805002194,1,0.32488275,0
2026-08-03 15:00:00-04:00,4099.5,4112.0,4099.5,4108.2001953125,4353,0.0020955921188528,4104.764450227031,4110.128163342962,0.9986950010065944,41.75261882945413,14.371425083705358,0.0021021396991582,0,0.3227395,0
2026-08-03 16:00:00-04:00,4108.2998046875,4115.0,4106.2001953125,4110.89990234375,1747,0.0006569349676399,4105.348779000053,4110.158427617503,0.9988298142998254,45.76270747416551,14.171439034598214,0.0018862264052356,0,0.31632513,0
2026-08-03 18:00:00-04:00,4109.60009765625,4110.2998046875,4104.60009765625,4108.60009765625,0,-0.0005595972376702,4105.658428395881,4110.09731663863,0.998920004101903,45.52159707079728,13.678553989955358,0.0018900382145049,0,0.32109916,0
2026-08-03 19:00:00-04:00,4108.60009765625,4110.7998046875,4105.5,4109.2998046875,1872,0.0001702885265714,4106.00522613794,4110.066041660155,0.9990119829022078,46.95175128679127,13.485682896205358,0.00186663623532,1,0.32109916,0
2026-08-03 20:00:00-04:00,4109.2001953125,4125.10009765625,4104.10009765625,4104.89990234375,3473,-0.0010712918900146,4105.89995720516,4109.863447961473,0.9990356149768724,46.45490479069959,13.885654994419642,0.0018722909533445,1,0.3273281,0
2026-08-03 21:00:00-04:00,4104.7998046875,4117.60009765625,4098.2001953125,4114.7998046875,3590,0.0024088245273104,4106.747561727288,4110.05703057818,0.9991947876084758,54.78613905897794,14.435634068080358,0.0019599372305535,1,0.3453868,0
2026-08-03 22:00:00-04:00,4114.7998046875,4120.60009765625,4111.10009765625,4114.60009765625,2018,-4.853501680781321e-05,4107.495422291951,4110.235190071438,0.9993334279784996,47.46769192824077,13.849940708705358,0.0019371989665095,1,0.3175083,0
2026-08-03 23:00:00-04:00,4114.2998046875,4117.5,4107.60009765625,4108.2001953125,1751,-0.0015566238770291,4107.562543532003,4110.155386355402,0.9993691618492072,53.16646910816827,12.914219447544642,0.0019467195091409,1,0.35376233,0
2026-08-04 00:00:00-04:00,4107.39990234375,4121.89990234375,4106.39990234375,4119.2998046875,2972,0.0026981746846303,4108.680377927764,4110.513990995876,0.9995539212195534,72.70193830337965,11.4642333984375,0.0020444760625428,0,0.35267705,0
2026-08-04 01:00:00-04:00,4119.2001953125,4123.7001953125,4112.7001953125,4117.2998046875,3127,-0.0004856373100935,4109.501275714406,4110.780101336724,0.9996889092603366,68.81429846668065,11.299961635044642,0.0020441436138181,0,0.35672343,0
2026-08-04 02:00:00-04:00,4117.89990234375,4122.10009765625,4111.39990234375,4119.2998046875,2476,0.0004856373100935,4110.4344689499385,4111.114207350481,0.9998346583514204,69.7015371012323,11.285696847098214,0.0020363171902083,0,0.35672343,0
2026-08-04 03:00:00-04:00,4119.5,4122.89990234375,4116.60009765625,4121.7998046875,2926,0.0006067151703502,4111.516881877325,4111.533250383305,0.99999601888031,70.4170142213519,11.385672433035714,0.0020033675619424,0,0.35365948,0
2026-08-04 04:00:00-04:00,4121.89990234375,4129.60009765625,4110.10009765625,4110.7998046875,4193,-0.0026723045132872,4111.448588811628,4111.504487806999,0.999986404247998,65.8443938419087,12.235665457589286,0.0019630871873776,1,0.3760253,0
2026-08-04 05:00:00-04:00,4110.5,4111.2001953125,4102.0,4105.10009765625,3305,-0.0013874823241219,4110.843970606354,4111.253335252068,0.9999004282605978,53.956945721643386,11.778529575892858,0.001793498329527,1,0.3487081,0
2026-08-04 06:00:00-04:00,4105.7001953125,4116.39990234375,4101.39990234375,4109.7998046875,3180,0.0011441910674131,4110.744526233129,4111.196334053458,0.9998901030786136,51.219258013245415,11.957101004464286,0.0015435023279103,1,0.34135544,0
2026-08-04 07:00:00-04:00,4109.39990234375,4141.7998046875,4108.10009765625,4132.10009765625,9082,0.005411457953354,4112.778390178189,4112.016089488861,1.0001853836835113,62.44168585565416,13.735665457589286,0.0019202691692137,0,0.35428149,0
2026-08-04 08:00:00-04:00,4132.2998046875,4141.5,4117.60009765625,4127.7998046875,9798,-0.0010412458766138,4114.209001083837,4112.635058712337,1.000382708980746,61.00916659620874,14.992815290178571,0.0019482355732118,1,0.35782367,0
2026-08-04 09:00:00-04:00,4128.10009765625,4151.5,4117.2001953125,4140.7001953125,18051,0.0031203727622412,4116.731971962758,4113.7356523045,1.0007283695189746,65.79505820166784,17.064243861607142,0.0020366535136022,1,0.33461902,0
2026-08-04 10:00:00-04:00,4140.7001953125,4149.2998046875,4131.2998046875,4140.39990234375,10504,-7.252489774072785e-05,4118.986060570472,4114.781309168785,1.0010218650970144,68.62543165602166,16.849958147321427,0.001985872045671,1,0.3398389,0
2026-08-04 11:00:00-04:00,4140.5,4145.7998046875,4131.0,4144.2001953125,6438,0.0009174355286937,4121.38740673638,4115.934990978342,1.0013247089106092,66.4800034929215,16.521379743303573,0.0018936721870045,1,0.42169303,0
2026-08-04 12:00:00-04:00,4144.39990234375,4150.7001953125,4139.7001953125,4150.39990234375,5649,0.0014948781406645,4124.150501556129,4117.286556129927,1.001667104130992,68.8023798431928,16.628522600446427,0.0018723612955386,0,0.4059258,0
2026-08-04 13:00:00-04:00,4150.2001953125,4163.7998046875,4143.0,4143.10009765625,9397,-0.0017603681371221,4125.955224994235,4118.298851876058,1.0018591106166783,68.15809930261604,17.407087053571427,0.0019392696367457,1,0.38820836,0
2026-08-04 14:00:00-04:00,4142.7998046875,4146.0,4132.10009765625,4136.7998046875,4176,-0.0015218285870589,4126.98804210788,4119.024379437291,1.0019333856605328,59.58370768777872,17.292794363839285,0.0019756658365757,1,0.37139857,0
2026-08-04 15:00:00-04:00,4136.60009765625,4141.89990234375,4133.2998046875,4135.2998046875,3098,-0.0003626648825023,4127.779638544034,4119.662631407888,1.0019703087030143,59.91180898194347,17.121372767857142,0.0019816889043559,1,0.367595,0
2026-08-04 16:00:00-04:00,4135.60009765625,4137.2998046875,4131.39990234375,4134.2001953125,1049,-0.0002659433778296,4128.391120141031,4120.232731953167,1.001980079456336,58.28716677707961,16.778494698660715,0.0019600941146199,1,0.39965606,0
2026-08-04 18:00:00-04:00,4133.7998046875,4142.10009765625,4132.10009765625,4132.5,0,-0.0004113359130736,4128.782442032361,4120.713801288337,1.0019580687068104,56.00455944494261,17.042794363839285,0.0019052883925449,1,0.3486471,0
2026-08-04 19:00:00-04:00,4132.7998046875,4134.0,4121.60009765625,4128.7001953125,3198,-0.0009199159603031,4128.774609011422,4121.026993210853,1.0018800206388685,60.9281472721548,16.53564453125,0.0019215167606087,1,0.38290718,0
2026-08-04 20:00:00-04:00,4128.60009765625,4139.2998046875,4126.2998046875,4138.2001953125,1594,0.0022983231278763,4129.672283897239,4121.7004521168,1.0019341123580063,69.31145485008518,16.807059151785715,0.0019324066629054,1,0.39014837,0
2026-08-04 21:00:00-04:00,4138.5,4158.5,4133.39990234375,4157.2001953125,3341,0.0045808598332555,4132.293989746311,4123.092598908788,1.0022316721288185,73.69996385722246,17.528494698660715,0.0020914209528548,1,0.42214265,0
2026-08-04 22:00:00-04:00,4157.2001953125,4192.60009765625,4151.7998046875,4186.2001953125,10596,0.0069516301335122,4137.427914085948,4125.567406610895,1.0028748790908246,75.35133600508654,18.035679408482142,0.0025300192533794,1,0.44657236,0
2026-08-04 23:00:00-04:00,4186.5,4193.7998046875,4184.2998046875,4186.60009765625,3697,9.552415680801792e-05,4142.110979187882,4127.960845475419,1.0034278749828678,78.59928276888118,17.007114955357142,0.0025343124287577,1,0.43556097,0
2026-08-05 00:00:00-04:00,4186.10009765625,4199.5,4186.0,4193.39990234375,5170,0.0016228654367261,4146.995638536059,4130.527082999667,1.003987034876051,77.2491554667221,15.521414620535714,0.0025401954028441,1,0.44280395,0
2026-08-05 01:00:00-04:00,4193.2998046875,4233.0,4192.7001953125,4222.2001953125,14827,0.0068445280359699,4154.157977276673,4134.122107011935,1.0048464631053722,82.66792506358883,17.1142578125,0.0027278996370611,1,0.45114738,0
2026-08-05 02:00:00-04:00,4222.39990234375,4237.7998046875,4220.2001953125,4237.10009765625,9835,0.0035227305418285,4162.057226836632,4138.160459586222,1.00577473190897,84.07937206497532,17.314243861607142,0.0026904999284779,0,0.44154567,0
2026-08-05 03:00:00-04:00,4236.7001953125,4238.5,4220.89990234375,4229.89990234375,6408,-0.0017007669890426,4168.5184340277865,4141.7580847924,1.0064611087097637,78.95124292377506,17.785679408482142,0.0027883191714041,1,0.4495252,0
2026-08-05 04:00:00-04:00,4229.89990234375,4231.5,4218.39990234375,4219.7001953125,5964,-0.002414247270291,4173.392887483474,4144.814638146129,1.0068949402644762,77.31820888096685,17.235700334821427,0.0027505363283439,1,0.4495252,0
2026-08-05 05:00:00-04:00,4220.0,4226.89990234375,4211.7998046875,4216.89990234375,6259,-0.0006638439748651,4177.536412708262,4147.641511251919,1.007207686916828,79.29783076116449,17.321428571428573,0.0027367018256155,1,0.45427907,0
2026-08-05 06:00:00-04:00,4216.7998046875,4220.7001953125,4209.10009765625,4220.39990234375,4304,0.0008296493621846,4181.618649816403,4150.494781490815,1.0074988332630572,80.67782169665527,17.535714285714285,0.0026938763296094,1,0.45408055,0
2026-08-05 07:00:00-04:00,4220.60009765625,4252.2001953125,4219.7998046875,4248.5,13789,0.0066360923147574,4187.988302214841,4154.338123393136,1.008100009633838,84.48994264861327,19.428606305803573,0.0029635917026571,1,0.44737688,0
2026-08-05 08:00:00-04:00,4248.5,4273.60009765625,4243.10009765625,4244.10009765625,18030,-0.0010361733007136,4193.33228273307,4157.858200815219,1.008531816191061,83.13544012785884,20.892892020089285,0.0030083299367409,1,0.4336704,0
2026-08-05 09:00:00-04:00,4243.89990234375,4266.7001953125,4243.7998046875,4265.7998046875,16944,0.0050998846783712,4200.233951490634,4162.091204888642,1.0091643226263738,86.79542487461774,21.642926897321427,0.0031329166475557,1,0.42286175,0
2026-08-05 10:00:00-04:00,4265.10009765625,4307.7998046875,4263.10009765625,4304.2998046875,24086,0.0089847868173472,4210.144985128432,4167.668012723892,1.0101920239987583,88.57402694611984,23.907191685267858,0.0034707360169041,1,0.32240796,0
2026-08-05 11:00:00-04:00,4303.89990234375,4325.5,4292.7001953125,4293.0,18805,-0.0026286884140401,4218.035938925724,4172.582992617072,1.0108932396045989,82.70714359077584,24.457170758928573,0.0035365151305461,1,0.31111392,0
2026-08-05 12:00:00-04:00,4293.60009765625,4308.10009765625,4285.0,4302.7998046875,10846,0.0022801389413347,4226.108688045892,4177.689534266892,1.0115899358681035,80.94479086693298,23.19287109375,0.0034985337655899,1,0.2775329,0
2026-08-05 13:00:00-04:00,4302.89990234375,4313.0,4296.2001953125,4311.0,9593,0.0019039675812392,4234.193574898664,4182.917395668191,1.0122584728265434,81.70236699208203,23.714285714285715,0.0034584610427787,1,0.25318357,0
2026-08-05 14:00:00-04:00,4310.7001953125,4328.2001953125,4309.60009765625,4321.2001953125,6671,0.0023632908943658,4242.479919699982,4188.340250556203,1.0129262824663277,82.01408577612094,24.078578404017858,0.0034079635227182,0,0.24208519,0
2026-08-05 15:00:00-04:00,4321.0,4322.7001953125,4307.0,4307.60009765625,4665,-0.0031522595160882,4248.681841410103,4193.017107305224,1.0132755800132314,73.15616799082345,22.321463448660715,0.0035502333118901,1,0.3114959,0
2026-08-05 16:00:00-04:00,4307.89990234375,4310.39990234375,4303.5,4308.0,1758,9.283215086697756e-05,4254.331189847236,4197.526240352078,1.013532958757726,70.86519808012,21.557198660714285,0.0035785722675435,1,0.3719923,0
2026-08-05 18:00:00-04:00,4307.0,4315.2001953125,4304.89990234375,4309.5,0,0.0003481288111748,4259.585362242737,4201.917368181408,1.0137242094520975,74.23880623012131,21.035784040178573,0.0035435599366749,1,0.3719923,0
2026-08-05 19:00:00-04:00,4309.39990234375,4341.10009765625,4308.2998046875,4337.2998046875,5180,0.0064301015636023,4266.986737713667,4207.22648333851,1.0142041923846554,82.3431616315784,22.442940848214285,0.0035053600456235,0,0.30220687,0
2026-08-05 20:00:00-04:00,4337.2001953125,4360.0,4323.5,4354.7001953125,9424,0.0040037767761957,4275.340400342127,4213.009766161019,1.0147947993573976,85.08155841741241,23.971505301339285,0.003515849225305,0,0.25005144,0
2026-08-05 21:00:00-04:00,4354.60009765625,4362.7001953125,4332.5,4346.89990234375,12884,-0.0017928415396179,4282.155591008948,4218.2603597368125,1.0151472943401063,81.51466788066878,25.300083705357142,0.0036150744261126,0,0.26834232,0
2026-08-05 22:00:00-04:00,4346.7001953125,4363.7001953125,4334.0,4337.7998046875,6276,-0.0020956627848325,4287.455039930715,4222.948181107428,1.0152753138463495,74.57339259130562,25.107212611607142,0.003509351005469,0,0.23945437,0
2026-08-05 23:00:00-04:00,4337.2001953125,4340.0,4319.60009765625,4324.89990234375,4392,-0.0029782659714105,4291.021217303385,4226.946287822579,1.0151586807869786,71.24072599788819,24.385777064732142,0.0035975313871209,0,0.2735982,0
2026-08-06 00:00:00-04:00,4324.5,4326.10009765625,4312.2001953125,4321.39990234375,3017,-0.0008095949181113,4293.914425402468,4230.650351137135,1.0149537468272056,66.16277319713443,23.742885044642858,0.0035673796274835,0,0.276929,0
2026-08-06 01:00:00-04:00,4321.2998046875,4327.5,4306.2001953125,4326.0,4349,0.0010639262997245,4296.970194411757,4234.3895530533255,1.014779141260942,57.85666300725217,22.071463448660715,0.0034720883377297,0,0.27679914,0
2026-08-06 02:00:00-04:00,4325.7998046875,4327.5,4308.2001953125,4314.7001953125,4606,-0.0026154850587769,4298.658765926113,4237.538990004666,1.0144234132277283,57.85666300725217,21.107177734375,0.0035549647641833,0,0.36038926,0
2026-08-06 03:00:00-04:00,4314.7001953125,4324.0,4311.7001953125,4321.7001953125,4114,0.0016210460877836,4300.853187772435,4240.839429428503,1.014151386616404,56.98458295452168,20.335728236607142,0.003555658121074,0,0.35839504,0
2026-08-06 04:00:00-04:00,4322.0,4337.7001953125,4319.39990234375,4337.10009765625,4835,0.0035570559569812,4304.305274428037,4244.614357594297,1.014062742054986,59.15789761652346,20.442905970982142,0.0033690187405069,0,0.35403484,0
2026-08-06 05:00:00-04:00,4337.2001953125,4344.2001953125,4330.39990234375,4332.60009765625,4937,-0.001038098273929,4307.00001949739,4248.064778773197,1.0138734326789651,54.166622044876576,20.100062779017858,0.0033690809622506,0,0.35101593,0
2026-08-06 06:00:00-04:00,4332.60009765625,4333.10009765625,4322.7998046875,4330.0,3026,-0.0006003042285272,4309.190493830972,4251.27792470366,1.0136223907617965,58.90296111346161,19.71435546875,0.0032456807780157,0,0.35797063,0
2026-08-06 07:00:00-04:00,4330.0,4332.5,4312.7001953125,4322.60009765625,6046,-0.0017104463547014,4310.467598957189,4254.074872662585,1.0132561668476954,55.49701258721864,20.635777064732142,0.002641875755402,0,0.34962174,0
2026-08-06 08:00:00-04:00,4322.2001953125,4330.10009765625,4307.0,4308.60009765625,10550,-0.0032440476320826,4310.2897416904325,4256.213116779984,1.0127053376855717,49.69033016407722,21.550048828125,0.0026800100643476,0,0.3374364,0
2026-08-06 09:00:00-04:00,4308.5,4332.89990234375,4288.39990234375,4325.89990234375,21320,0.0040071406187566,4311.776423657415,4258.945931900132,1.0124045932026455,45.77155876092613,22.3857421875,0.0027772497979253,0,0.25390512,0
2026-08-06 10:00:00-04:00,4326.10009765625,4334.7001953125,4318.89990234375,4332.2001953125,12144,0.0014553525622748,4313.721544767423,4261.818648112381,1.0121785793672922,40.90543068480512,20.907191685267858,0.0027651240410522,0,0.32503223,0
2026-08-06 11:00:00-04:00,4332.2001953125,4333.60009765625,4285.2001953125,4291.5,15764,-0.0094392190325086,4311.605207170526,4262.98262269621,1.0114057665202407,32.311664174563745,22.207170758928573,0.0034611448611992,0,0.31389213,0
2026-08-06 12:00:00-04:00,4291.7998046875,4300.7998046875,4281.2001953125,4299.39990234375,11573,0.0018391331898351,4310.442797187024,4264.410751309839,1.0107944681133367,37.644811298095725,21.485700334821427,0.0034278535399637,1,0.3866867,0
2026-08-06 13:00:00-04:00,4299.60009765625,4307.0,4297.10009765625,4305.7998046875,5853,0.0014874503187898,4310.000607425164,4266.033851442296,1.0103062370140368,43.58626252676791,20.735700334821427,0.0034460183060287,1,0.38064665,0
2026-08-06 14:00:00-04:00,4305.89990234375,4308.0,4299.2001953125,4302.2001953125,2206,-0.0008363405169183,4309.257711033481,4267.452139437206,1.0097963773770149,43.55712417377341,20.371407645089285,0.0034494348546475,1,0.37624222,0
2026-08-06 15:00:00-04:00,4302.10009765625,4309.7998046875,4292.0,4307.7998046875,5130,0.0013007224540041,4309.118862810054,4269.03440081957,1.0093895851443102,43.93322872785743,20.121407645089285,0.0031139243001002,1,0.37059787,0
2026-08-06 16:00:00-04:00,4307.7001953125,4309.10009765625,4293.60009765625,4298.7001953125,0,-0.0021145907780717,4308.126608762668,4270.197765309489,1.0088822217465685,44.58723718737725,19.849993024553573,0.0029613999840025,1,0.36836118,0
2026-08-06 18:00:00-04:00,4298.2998046875,4301.7998046875,4293.89990234375,4298.2998046875,1238,-9.314659190166428e-05,4307.190722660272,4271.299806069411,1.008402809032478,41.71369684484184,19.535714285714285,0.0029511619638116,1,0.3683166,0
2026-08-06 19:00:00-04:00,4298.60009765625,4311.7998046875,4298.39990234375,4311.0,2012,0.0029503455131227,4307.553510978341,4272.85667641963,1.0081202898169253,40.57754885063675,19.192836216517858,0.0030278603191047,0,0.36691576,0
2026-08-06 20:00:00-04:00,4310.7001953125,4311.39990234375,4288.0,4291.2001953125,3122,-0.0046034361451183,4305.996052343499,4273.576030101704,1.007586157825072,36.5409342117534,19.878522600446427,0.0031235366584213,1,0.38728884,0
2026-08-06 21:00:00-04:00,4290.89990234375,4317.5,4289.7998046875,4314.7001953125,4642,0.0054613828522108,4306.825018340547,4275.188742462911,1.007399971740057,45.62110099582975,21.121372767857142,0.0033832687383268,1,0.36879352,0
2026-08-06 22:00:00-04:00,4314.60009765625,4320.7998046875,4305.39990234375,4309.10009765625,4069,-0.001298754204219,4307.04169256109,4276.518599529317,1.0071373694095782,46.09599601996717,20.807094029017858,0.0033825618316169,1,0.37024197,0
2026-08-06 23:00:00-04:00,4309.10009765625,4325.0,4308.2998046875,4322.7998046875,2943,0.0031742069970593,4308.542465144557,4278.333548751207,1.0070609072549213,54.11349343093857,20.349958147321427,0.0034121901564253,1,0.39370072,0
2026-08-07 00:00:00-04:00,4325.2998046875,4328.39990234375,4320.2001953125,4324.10009765625,3327,0.000300753563297,4310.024144431385,4280.128315374935,1.0069847973830737,49.42534827879768,17.757080078125,0.0033938094564597,1,0.39765656,0
2026-08-07 01:00:00-04:00,4324.10009765625,4340.0,4320.39990234375,4337.7001953125,5385,0.0031402499185672,4312.659958801015,4282.3860361568,1.007069405324183,51.67785834287146,18.028494698660715,0.0033722075030574,1,0.4116873,0
2026-08-07 02:00:00-04:00,4337.7001953125,4358.0,4337.10009765625,4356.2998046875,9533,0.0042787296413762,4316.816134599728,4285.284615314867,1.0073580921958305,72.84920317182707,16.064208984375,0.003492900854668,1,0.46411026,0
2026-08-07 03:00:00-04:00,4356.2001953125,4356.89990234375,4342.0,4348.89990234375,4998,-0.0017001112840982,4319.87173152773,4287.779332453254,1.007484620029668,67.516068830134,15.728515625,0.0035159506496529,1,0.46431056,0
2026-08-07 04:00:00-04:00,4349.2001953125,4375.89990234375,4347.89990234375,4365.39990234375,8376,0.0037868836482513,4324.207747795922,4290.823276370528,1.0077804349597062,69.6831309499687,17.021379743303573,0.0035717149515298,1,0.455588,0
2026-08-07 05:00:00-04:00,4365.60009765625,4380.10009765625,4361.60009765625,4375.60009765625,7639,0.0023338748295421,4329.102257306429,4294.14785759742,1.008140008418007,73.2278889740821,17.714250837053573,0.0034812090264554,1,0.45422316,0
2026-08-07 06:00:00-04:00,4375.7998046875,4380.2001953125,4367.2001953125,4376.39990234375,5016,0.0001827707243434,4333.606794929031,4297.373427979628,1.0084315146348446,72.3891086234218,17.371407645089285,0.0033981704917064,1,0.45721057,0
2026-08-07 07:00:00-04:00,4376.2998046875,4387.10009765625,4376.0,4380.7998046875,7837,0.0010048652220302,4338.10136728698,4300.645050595623,1.008709464801372,77.64296611220874,17.05712890625,0.0033935549938504,1,0.4585768,0
2026-08-07 08:00:00-04:00,4380.60009765625,4432.2998046875,4361.0,4421.89990234375,29412,0.0093381343649099,4346.082180149529,4305.40014282104,1.0094490723228884,82.66392416048751,21.585693359375,0.0030636489913446,0,0.44737688,0
2026-08-07 09:00:00-04:00,4421.60009765625,4428.7998046875,4398.89990234375,4408.2998046875,21849,-0.0030803625877863,4352.007668200765,4309.435423678548,1.0098788449847282,75.59179500321746,22.757114955357142,0.0032277961857805,0,0.34122598,0
2026-08-07 10:00:00-04:00,4408.39990234375,4413.0,4386.89990234375,4401.2998046875,18679,-0.001589175849887,4356.702157389978,4313.037948423997,1.010123771107077,81.0489934115727,22.949986049107142,0.0032886578957711,0,0.32556033,0
2026-08-07 11:00:00-04:00,4401.39990234375,4418.10009765625,4398.89990234375,4400.39990234375,11766,-0.0002044837649179,4360.863847385575,4316.463907401242,1.010286183537456,77.69872957554556,22.342843191964285,0.0032721023829554,0,0.3460308,0
2026-08-07 12:00:00-04:00,4400.39990234375,4409.39990234375,4388.7998046875,4389.5,8763,-0.0024800983064321,4363.59110001552,4319.328067895311,1.0102476661703952,75.12504615140432,22.714285714285715,0.003369394646525,0,0.34122598,0
2026-08-07 13:00:00-04:00,4388.7001953125,4402.5,4387.39990234375,4400.0,10395,0.0023892155400891,4367.058614299756,4322.491673075887,1.0103104747434148,74.61743987674797,22.599993024553573,0.0033044185749368,0,0.3433104,0
2026-08-07 14:00:00-04:00,4399.7998046875,4403.0,4391.89990234375,4395.60009765625,3937,-0.0010004781167646,4369.776850809899,4325.358670118255,1.0102692479582114,72.35780549883458,22.807163783482142,0.0033287339172072,0,0.34078795,0
2026-08-07 15:00:00-04:00,4395.7001953125,4410.60009765625,4395.7001953125,4403.10009765625,4853,0.0017047976746507,4372.950493366694,4328.407353551118,1.010290884424044,71.2614411598058,22.478585379464285,0.0033042336913693,0,0.3433104,0
2026-08-07 16:00:00-04:00,4403.0,4404.60009765625,4395.2998046875,4399.7001953125,2589,-0.0007724593083234,4375.498084028199,4331.203151267251,1.0102269349217636,65.65675069443756,21.650041852678573,0.0030609097968324,0,0.4350243,0
2026-08-09 18:00:00-04:00,4398.0,4405.5,4397.0,4400.2001953125,1097,0.0001136376500513,4377.850666055275,4333.908917700398,1.0101390567243838,69.47623654816636,21.192905970982142,0.0029030273430605,0,0.445567,0
2026-08-09 19:00:00-04:00,4400.39990234375,4408.0,4390.7998046875,4392.0,1664,-0.0018653346165998,4379.1982216690585,4336.186999359205,1.009919134556745,60.77800595219815,20.421491350446427,0.0029290936502556,0,0.42239833,0
2026-08-09 20:00:00-04:00,4391.89990234375,4406.0,4389.7998046875,4391.2998046875,1995,-0.0001594378717687,4380.350753385101,4338.348285842669,1.009681672557157,56.89188782969214,20.257219587053573,0.0028906276793007,0,0.41929963,0
2026-08-09 21:00:00-04:00,4391.5,4400.0,4373.89990234375,4383.0,7756,-0.0018918448987885,4380.60306258652,4340.099333456682,1.009332442881573,52.718329057135634,21.192940848214285,0.0029509524439256,1,0.40020046,0
2026-08-09 22:00:00-04:00,4382.7998046875,4392.5,4379.0,4380.0,3336,-0.0006846970483173,4380.54562805447,4341.6640654779885,1.008955451640223,49.66674804108055,21.364362444196427,0.0029064839402537,1,0.38730592,0
2026-08-09 23:00:00-04:00,4379.60009765625,4390.2998046875,4377.39990234375,4387.7998046875,2163,0.0017791936218418,4381.23650201952,4343.473310152872,1.00869423826742,30.3343639601616,17.192940848214285,0.0027860234227721,1,0.39443082,0
2026-08-10 00:00:00-04:00,4387.7001953125,4399.7998046875,4383.60009765625,4399.5,3381,0.0026629800932818,4382.975882779566,4345.670435244917,1.0085845091316838,44.81142395759295,16.21435546875,0.0027870216213021,0,0.39231426,0
2026-08-10 01:00:00-04:00,4399.10009765625,4412.5,4391.5,4407.0,4381,0.0017032877563716,4385.263893943416,4348.075516215705,1.0085528362120255,53.34127101371884,15.850062779017858,0.0026983058371665,0,0.42041326,0
2026-08-10 02:00:00-04:00,4407.2998046875,4419.5,4401.5,4417.7998046875,4452,0.0024476045503846,4388.36255210952,4350.8098020381285,1.00863120931046,59.13863228669367,15.764334542410714,0.0027025477002695,0,0.44311583,0
2026-08-10 03:00:00-04:00,4417.7998046875,4421.5,4409.39990234375,4414.7001953125,4447,-0.0007018645915068,4390.870899081232,4353.315307656731,1.0086268943943588,64.41668434781639,15.157191685267858,0.0027148779200209,0,0.46516794,0
2026-08-10 04:00:00-04:00,4415.0,4416.0,4402.89990234375,4405.60009765625,4353,-0.0020634446862026,4392.2736798979,4355.365691578281,1.008474142226676,53.25588920763453,15.014334542410714,0.0027672099707104,0,0.42473325,0
2026-08-10 05:00:00-04:00,4405.60009765625,4409.2001953125,4398.39990234375,4400.10009765625,4677,-0.001249190999745,4393.019053017743,4357.119982012711,1.0082391743062464,52.58324923473671,14.992919921875,0.0017803525075225,0,0.39801034,0
2026-08-10 06:00:00-04:00,4400.39990234375,4403.2998046875,4394.60009765625,4395.2001953125,3270,-0.0011142093362264,4393.22678085534,4358.613323710742,1.0079413920377611,45.32547455260136,14.542898995535714,0.0016663020888349,0,0.37763098,0
2026-08-10 07:00:00-04:00,4395.2998046875,4398.5,4386.2998046875,4393.89990234375,3889,-0.0002958876253061,4393.290887663759,4359.997111108115,1.0076361923430686,46.48040057282637,14.750034877232142,0.0016322089191178,0,0.3757904,0
2026-08-10 08:00:00-04:00,4393.7998046875,4396.39990234375,4382.7998046875,4391.60009765625,4506,-0.0005235455557524,4393.129860043997,4361.236443913924,1.0073129298400183,44.89303587147387,15.114327566964286,0.001635003951251,0,0.36416095,0
2026-08-10 09:00:00-04:00,4391.10009765625,4398.39990234375,4375.0,4376.2998046875,10239,-0.0034900737165664,4391.526997629092,4361.82716394426,1.0068090349682666,41.40184616066213,15.557163783482142,0.0017254758375183,1,0.3550628,0
2026-08-10 10:00:00-04:00,4376.2001953125,4411.2998046875,4376.2001953125,4405.2001953125,12691,0.006582131746529,4392.829206932273,4363.528067135171,1.0067150111896357,55.81606301647344,16.907121930803573,0.0022309775144363,1,0.41186494,0
2026-08-10 11:00:00-04:00,4405.2001953125,4419.2001953125,4402.7001953125,4417.89990234375,7571,0.002878742315299,4395.216892209557,4365.66029596688,1.0067702464779458,64.08391034440835,16.221400669642858,0.0023015273669342,1,0.45148823,0
2026-08-10 12:00:00-04:00,4418.10009765625,4424.5,4408.60009765625,4416.2998046875,7854,-0.000362250736187,4397.224788636027,4367.646159053964,1.0067722128819314,64.81624680381692,16.392822265625,0.0022792057519056,1,0.44662285,0
2026-08-10 13:00:00-04:00,4416.39990234375,4425.2001953125,4410.5,4419.2001953125,5679,0.0006565312046133,4399.317684509977,4369.667885966063,1.006785366603979,63.350439692515614,16.521414620535715,0.0022711612204412,1,0.44662285,0
2026-08-10 14:00:00-04:00,4419.39990234375,4442.5,4418.7998046875,4437.7001953125,6538,0.0041775397913456,4402.973161729265,4372.335819665924,1.0070070880478896,65.35372803183307,17.057163783482142,0.0024367932134507,1,0.44300616,0
2026-08-10 15:00:00-04:00,4437.7998046875,4453.7998046875,4437.7998046875,4446.7998046875,6828,0.0020484242347597,4407.147127725287,4375.25597594128,1.0072889796527038,65.79357328138008,16.707135881696427,0.0024001167711944,1,0.45491198,0
2026-08-10 16:00:00-04:00,4447.0,4451.2998046875,4444.7001953125,4448.60009765625,1750,0.0004047694343355,4411.095029623473,4378.132216008534,1.0075289671459469,63.1624634236678,15.892822265625,0.0023937807000785,1,0.4621456,0
2026-08-10 18:00:00-04:00,4446.89990234375,4460.39990234375,4443.2001953125,4459.0,0,0.0023350637557161,4415.657407754571,4381.3035016552585,1.00784102404372,67.8196002563381,16.257080078125,0.002343791300056,1,0.45815343,0
2026-08-10 19:00:00-04:00,4459.10009765625,4462.39990234375,4453.89990234375,4462.10009765625,2097,0.0006950034742578,4420.08052107854,4384.471995616082,1.0081215082450208,73.87980847730609,15.928501674107142,0.0023160876615622,1,0.45922124,0
2026-08-10 20:00:00-04:00,4462.2998046875,4478.60009765625,4456.0,4468.5,5365,0.0014332527197121,4424.691900023441,4387.7672114742745,1.0084153709095156,78.69106965645912,16.771344866071427,0.0023106859179649,0,0.45391363,0
2026-08-10 21:00:00-04:00,4469.0,4493.7001953125,4453.0,4489.2001953125,8597,0.0046217738278482,4430.835547193828,4391.744975546362,1.0089009202185293,84.8145629645626,19.057094029017858,0.002427406354677,0,0.43598148,0
2026-08-10 22:00:00-04:00,4489.2001953125,4495.0,4468.0,4470.7998046875,6304,-0.0041072358240923,4434.64166695513,4394.845164924446,1.0090552682830107,75.27921078718855,20.114222935267858,0.0026750462873017,0,0.43414924,0
2026-08-10 23:00:00-04:00,4470.7001953125,4481.39990234375,4469.60009765625,4477.0,2234,0.0013858594157631,4438.675793911784,4398.066923162704,1.00923334534434,77.37150654566672,19.985630580357142,0.0026493406707208,0,0.43395138,0
2026-08-11 00:00:00-04:00,4476.5,4480.2998046875,4463.2998046875,4468.7001953125,3866,-0.0018555969656499,4441.535260711852,4400.8368554038725,1.0092478786751673,81.00663926305202,19.528494698660715,0.0026928850025447,0,0.43414924,0
2026-08-11 01:00:00-04:00,4468.7998046875,4468.89990234375,4427.10009765625,4435.2001953125,8759,-0.0075248276828778,4440.931921150009,4402.184437361073,1.0088018765093276,59.76558774179176,20.007080078125,0.0032060355696942,0,0.4163011,0
2026-08-11 02:00:00-04:00,4434.7001953125,4442.0,4418.7001953125,4425.2998046875,7331,-0.0022347259737514,4439.443148153579,4403.090922354266,1.0082560697565328,52.45352786222053,20.492780412946427,0.0032390667649169,0,0.4021403,0
2026-08-11 03:00:00-04:00,4425.2001953125,4426.5,4415.7001953125,4416.60009765625,4032,-0.0019678372147884,4437.267619534786,4403.620693934736,1.0076407410943438,50.095089070055664,20.128487723214285,0.0032640101911832,1,0.38922,0
2026-08-11 04:00:00-04:00,4417.10009765625,4435.5,4416.10009765625,4428.10009765625,5302,0.0026004287825526,4436.3945222130205,4404.580670551266,1.0072229013477856,52.67263550421789,20.464181082589285,0.0033028692713151,0,0.39905998,0
2026-08-11 05:00:00-04:00,4428.0,4434.39990234375,4426.10009765625,4431.39990234375,3621,0.0007449189773892,4435.918844130233,4405.632405131364,1.006874481621207,47.91795083190344,19.364153180803573,0.0032966236519131,0,0.36575156,0
2026-08-11 06:00:00-04:00,4431.2998046875,4441.2001953125,4430.0,4441.2001953125,3376,0.0022091149936861,4436.421829957116,4407.027220432586,1.0066699405413804,48.158035061642586,19.014195033482142,0.0031823577257592,0,0.36467838,0
2026-08-11 07:00:00-04:00,4441.10009765625,4451.7998046875,4439.10009765625,4446.10009765625,6290,0.0011026752059016,4437.3435697379855,4408.559490127632,1.0065291348965149,49.194071383204914,19.449916294642858,0.0028734462826104,0,0.36879656,0
2026-08-11 08:00:00-04:00,4446.2001953125,4458.7998046875,4442.2001953125,4450.60009765625,10861,0.0010116111108544,4438.606096206391,4410.208141403265,1.0064391416215768,47.1850322147875,19.407052176339285,0.0028206438274245,0,0.36075753,0
2026-08-11 09:00:00-04:00,4450.7001953125,4463.2998046875,4442.89990234375,4448.2001953125,11799,-0.0005393766177288,4439.519819930782,4411.698025870293,1.0063063686356912,45.31991358502671,20.257045200892858,0.0028233365352346,0,0.35937083,0
2026-08-11 10:00:00-04:00,4448.2001953125,4457.39990234375,4439.89990234375,4453.60009765625,10180,0.0012132159402305,4440.86079876178,4413.341244371703,1.0062355374004155,44.94920236198641,19.892752511160715,0.0028291532396759,0,0.357987,0
2026-08-11 11:00:00-04:00,4453.60009765625,4458.2001953125,4428.2001953125,4443.2001953125,10280,-0.0023378982866286,4441.083598433277,4414.512183624284,1.006019105555436,33.23617546442546,19.128452845982142,0.0027436197776919,0,0.37708482,0
2026-08-11 12:00:00-04:00,4443.5,4445.2998046875,4438.2001953125,4443.10009765625,3312,-2.2528533349990124e-05,4441.275645978322,4415.633278292205,1.0058071778315871,38.35166955734488,17.706996372767858,0.0027034877531086,1,0.3836755,0
2026-08-11 13:00:00-04:00,4443.2998046875,4445.7001953125,4428.2001953125,4428.2998046875,6560,-0.0033366338712707,4440.0398515696725,4416.130004817511,1.00541420807949,30.901884187783324,18.114153180803573,0.0027987407430861,1,0.38732108,0
2026-08-11 14:00:00-04:00,4428.5,4431.89990234375,4419.7001953125,4430.39990234375,5781,0.0004741322688532,4439.121761167204,4416.689608642069,1.0050789515480647,34.212613159888804,17.771275111607142,0.0027393240461425,1,0.37267882,0
2026-08-11 15:00:00-04:00,4430.39990234375,4433.60009765625,4420.0,4429.7001953125,6076,-0.0001579456270227,4438.224469181041,4417.199827727184,1.00475972160505,46.89265535981359,15.757010323660714,0.0027292829623894,1,0.37426966,0
2026-08-11 16:00:00-04:00,4429.2998046875,4430.0,4426.10009765625,4427.7998046875,905,-0.000429103167747,4437.23164399118,4417.615513098177,1.0044404341742377,51.5527950220902,14.371303013392858,0.0026962938224091,1,0.4098225,0
2026-08-11 18:00:00-04:00,4430.0,4437.7998046875,4426.10009765625,4427.89990234375,0,2.260637997344472e-05,4436.342906691425,4418.018822480356,1.0041475794801575,57.857957775385714,14.435581752232142,0.0024225245548986,1,0.42959568,0
2026-08-11 19:00:00-04:00,4428.7001953125,4433.0,4421.39990234375,4430.39990234375,3462,0.0005644424147964,4435.7769062773605,4418.504355024019,1.0039091398051248,51.82813226606104,13.878452845982142,0.0022974243971128,1,0.40542105,0
2026-08-11 20:00:00-04:00,4430.60009765625,4442.89990234375,4426.0,4440.2001953125,2359,0.00220961306975,4436.198171899755,4419.355172290234,1.00381118940499,56.34018840371071,14.492745535714286,0.0023391477667899,1,0.4196167,0
2026-08-11 21:00:00-04:00,4440.2998046875,4456.89990234375,4438.0,4456.2001953125,4737,0.0035969642885513,4438.103126510493,4420.800075153852,1.0039140090170304,59.92055802029295,15.042724609375,0.0024758774367652,1,0.42509547,0
2026-08-11 22:00:00-04:00,4456.10009765625,4474.2001953125,4453.89990234375,4470.7998046875,5861,0.0032708910925138,4441.217095860684,4422.760848861054,1.0041730149176804,64.47809037551895,15.585623604910714,0.001888215236857,0,0.41963586,0
2026-08-11 23:00:00-04:00,4471.10009765625,4475.7001953125,4460.60009765625,4461.7998046875,3612,-0.0020150915610276,4443.17735384419,4424.291788305228,1.004268607597013,56.23589670214182,15.478515625,0.0018726616651046,1,0.3955465,0
2026-08-12 00:00:00-04:00,4462.39990234375,4463.10009765625,4455.2998046875,4461.0,2339,-0.00017927213591,4444.874748716172,4425.731326018748,1.0043254823411625,57.25610902907733,14.578543526785714,0.0017941574243865,1,0.4180934,0
2026-08-12 01:00:00-04:00,4460.89990234375,4465.10009765625,4444.0,4451.0,4539,-0.0022441661124104,4445.458105981298,4426.7222544101705,1.0042324434410723,48.59908972984961,14.835693359375,0.0018224838083204,1,0.37417126,0
2026-08-12 02:00:00-04:00,4450.89990234375,4466.10009765625,4445.2998046875,4463.2001953125,4554,0.0027372512761058,4447.147828774746,4428.1527618965365,1.0042896141799034,60.57075904173239,14.178571428571429,0.001903168956063,1,0.4183376,0
2026-08-12 03:00:00-04:00,4463.0,4469.5,4457.39990234375,4465.89990234375,4437,0.0006046985886569,4448.933740543223,4429.633041914075,1.0043571777721811,61.72827101679909,14.535749162946429,0.0018541985281025,1,0.41938448,0
2026-08-12 04:00:00-04:00,4465.89990234375,4470.10009765625,4460.60009765625,4460.60009765625,2833,-0.0011874318736849,4450.044822173035,4430.847436256905,1.0043326668751988,68.41527984699206,13.964320591517858,0.0018711799934759,1,0.44000208,0
2026-08-12 05:00:00-04:00,4460.89990234375,4484.2001953125,4460.89990234375,4475.39990234375,6664,0.0033124033615648,4452.459591713103,4432.5945917897225,1.0044815738304096,72.41048934394775,14.778634207589286,0.0019928797001961,1,0.4445844,0
2026-08-12 06:00:00-04:00,4475.5,4480.39990234375,4465.89990234375,4472.0,4110,-0.000759975533562,4454.320582978521,4434.139901915615,1.0045512053091037,70.51404700957727,14.842912946428571,0.0019982440282839,1,0.44584444,0
2026-08-12 07:00:00-04:00,4472.2998046875,4476.60009765625,4467.2001953125,4472.39990234375,4117,8.941960296551545e-05,4456.042422918066,4435.640294089268,1.0045995904708471,71.94905682055546,15.235770089285714,0.0019859935711017,1,0.43942106,0
2026-08-12 08:00:00-04:00,4472.39990234375,4499.2998046875,4440.0,4498.2001953125,25595,0.0057522047193156,4460.057448860393,4438.093623549003,1.0049489323962992,77.61220363614107,18.635777064732142,0.0022464121797237,0,0.41912317,0
2026-08-12 09:00:00-04:00,4497.7998046875,4502.7001953125,4468.0,4487.39990234375,18383,-0.002403912493863,4462.661492049285,4440.027203109581,1.0050977815910342,71.01775965389466,20.285784040178573,0.0023430234262194,0,0.42668056,0
2026-08-12 10:00:00-04:00,4487.5,4499.7998046875,4475.7998046875,4481.39990234375,14963,-0.0013379718637377,4464.446102553519,4441.649661903079,1.0051324265499757,65.62971195005377,20.792933872767858,0.0022097848890828,0,0.40674496,0
2026-08-12 11:00:00-04:00,4481.2001953125,4489.5,4470.2001953125,4480.39990234375,7526,-0.0002231694583552,4465.965512057351,4443.169279175261,1.0051306244371407,60.359524250201176,20.821498325892858,0.0022172967689611,0,0.3979684,0
2026-08-12 12:00:00-04:00,4480.2001953125,4486.2001953125,4455.89990234375,4461.7001953125,9101,-0.0041824032577889,4465.559291414984,4443.895981768878,1.0048748462463972,46.23670244454529,21.535784040178573,0.002455775801448,0,0.3659368,0
2026-08-12 13:00:00-04:00,4461.7001953125,4471.7001953125,4459.0,4459.60009765625,7606,-0.0004708052920709,4464.991749152247,4444.511829450736,1.0046079120693987,49.035212075992575,21.364362444196427,0.0024564985700839,0,0.3656885,0
2026-08-12 14:00:00-04:00,4459.2998046875,4478.10009765625,4456.0,4473.2001953125,3850,0.0030449820254461,4465.773505929414,4445.636863406099,1.0045295293209997,54.81080997215277,22.385777064732142,0.0025267524902783,0,0.30094934,0
2026-08-12 15:00:00-04:00,4473.2001953125,4478.2998046875,4468.5,4473.89990234375,2697,0.0001564097920084,4466.547448445065,4446.745217874242,1.0044531965742551,59.74467978294042,21.57861328125,0.0025279277140775,0,0.40112683,0
2026-08-12 16:00:00-04:00,4473.7001953125,4474.2998046875,4466.7001953125,4469.0,1340,-0.0010958196754033,4466.781024783631,4447.617954428193,1.0043086143081057,52.63150897917013,20.635707310267858,0.0025175145151089,0,0.38909954,0
2026-08-12 18:00:00-04:00,4468.7998046875,4470.2998046875,4456.5,4459.89990234375,0,-0.0020383475918829,4466.125679789356,4448.09959944449,1.0040525352326006,47.42709257542074,20.757114955357142,0.0024461777282439,0,0.3613016,0
2026-08-12 19:00:00-04:00,4460.10009765625,4473.2001953125,4459.89990234375,4473.10009765625,1352,0.0029553800336591,4466.789910062394,4449.080011139069,1.0039805755075173,55.02008031509814,21.028564453125,0.0024251822871146,0,0.38616386,0
2026-08-12 20:00:00-04:00,4473.2001953125,4509.10009765625,4471.89990234375,4486.89990234375,9057,0.0030803159819066,4468.705147422523,4450.563144127488,1.0040763388154537,54.65587043914832,22.0,0.0024667917387405,0,0.30432683,0
2026-08-12 21:00:00-04:00,4486.7001953125,4494.10009765625,4464.7001953125,4467.0,6179,-0.0044449760050159,4468.542752429901,4451.207726710724,1.00389445444551,48.214285709464285,23.064278738839285,0.0026835267467114,0,0.2800063,0
2026-08-12 22:00:00-04:00,4466.7998046875,4472.60009765625,4457.0,4465.7001953125,3645,-0.0002910216772652,4468.272032704434,4451.776058812755,1.0037054815142878,47.62252956420111,23.507149832589285,0.0026299905360093,0,0.2520559,0
2026-08-12 23:00:00-04:00,4465.7998046875,4470.7001953125,4458.0,4458.2998046875,2730,-0.0016585370509596,4467.322296702821,4452.031891984313,1.0034344778046262,33.714126271657165,20.178606305803573,0.0025870283686598,0,0.3655292,0
2026-08-13 00:00:00-04:00,4458.7001953125,4458.7001953125,4449.39990234375,4455.5,3702,-0.0006281955711191,4466.196363683505,4452.167896220222,1.003150929567412,36.06985223124504,18.364327566964285,0.0025851715527259,0,0.3703701,0
2026-08-13 01:00:00-04:00,4455.2001953125,4465.2001953125,4437.2001953125,4440.39990234375,6386,-0.0033948475869523,4463.739557841624,4451.706406264282,1.0027030424918428,33.41418706067169,18.650041852678573,0.0026787255445839,0,0.3655292,0
2026-08-13 02:00:00-04:00,4440.2998046875,4443.0,4425.60009765625,4437.7001953125,6345,-0.0006081722631568,4461.259618553136,4451.157143089703,1.0022696290287385,32.96091779861092,18.514334542410715,0.0025462630490778,0,0.35413152,0
2026-08-13 03:00:00-04:00,4437.7998046875,4438.60009765625,4425.7998046875,4426.39990234375,4677,-0.0025496776809945,4457.939645580813,4450.186270903587,1.0017422584595883,35.0295495259884,17.264334542410715,0.0025898060098394,1,0.38393855,0
2026-08-13 04:00:00-04:00,4426.39990234375,4435.7001953125,4420.2998046875,4432.39990234375,4515,0.0013545855081354,4455.507289082045,4449.488766254182,1.001352632435777,38.83405626422773,17.457205636160715,0.0026205500519349,1,0.37065437,0
2026-08-13 05:00:00-04:00,4432.2998046875,4441.89990234375,4428.60009765625,4441.7998046875,3402,0.0021184796758249,4454.201814377802,4449.187238349607,1.001127076870349,36.6494494317865,16.82861328125,0.0022705637711935,0,0.32368684,0
2026-08-13 06:00:00-04:00,4441.89990234375,4451.5,4438.7998046875,4449.89990234375,3161,0.0018219463463271,4453.792108469797,4449.21518595722,1.001028703337843,40.3999999954752,17.035784040178573,0.0022933955496498,0,0.3195981,0
2026-08-13 07:00:00-04:00,4449.60009765625,4454.2001953125,4439.60009765625,4444.39990234375,4946,-0.0012367473149808,4452.897612648269,4449.026351305711,1.0008701367528252,40.20697510330167,17.535818917410715,0.0022913729367133,0,0.33524513,0
2026-08-13 08:00:00-04:00,4444.5,4460.0,4437.10009765625,4458.89990234375,9126,0.0032572221845594,4453.469259285934,4449.413549385635,1.0009115156088062,49.61832060538431,18.185825892857142,0.002434369096329,0,0.3403656,0
2026-08-13 09:00:00-04:00,4458.5,4459.0,4427.10009765625,4429.10009765625,12370,-0.0067056517442997,4451.148386749774,4448.616943435463,1.0005690405234926,35.094811498437764,19.514369419642858,0.0027002738047776,0,0.33274958,0
2026-08-13 10:00:00-04:00,4429.2998046875,4444.7001953125,4408.7998046875,4440.89990234375,14838,0.0026606114201254,4450.172340615866,4448.314314373043,1.0004176922113663,34.203254319487456,19.421526227678573,0.0027834229050293,0,0.31797406,0
2026-08-13 11:00:00-04:00,4441.2001953125,4443.10009765625,4413.60009765625,4422.39990234375,9700,-0.0041745235462504,4447.527346494712,4447.298062920914,1.0000515557020362,34.53530226096282,19.428676060267858,0.0028071000783185,0,0.3401255,0
2026-08-13 12:00:00-04:00,4422.2998046875,4425.60009765625,4407.5,4424.2001953125,8482,0.0004070022322087,4445.305713048787,4446.392264191172,0.9997556330890696,35.66000553062149,19.607247488839285,0.0028110746113254,0,0.3192807,0
2026-08-13 13:00:00-04:00,4424.2998046875,4430.60009765625,4412.0,4412.39990234375,7369,-0.0026707783203238,4442.171826314974,4445.059230393234,0.9993504239361948,34.607688702101896,20.028669084821427,0.0028487254584829,0,0.33288366,0
2026-08-13 14:00:00-04:00,4412.60009765625,4420.5,4411.39990234375,4413.60009765625,3519,0.0002719681214361,4439.450709299857,4443.825538913353,0.9990155262453068,35.796690288279095,20.014369419642858,0.0028357347396509,0,0.3192807,0
2026-08-13 15:00:00-04:00,4414.0,4415.5,4400.0,4406.2001953125,4655,-0.0016780207792251,4436.283993682014,4442.350035242731,0.9986344971664562,37.768370753890366,19.121512276785715,0.002723767335385,0,0.3315001,0
2026-08-13 16:00:00-04:00,4406.2001953125,4408.39990234375,4402.89990234375,4407.10009765625,1913,0.0002042146113176,4433.504575012894,4440.967684749144,0.9983194856918508,38.91304732024515,18.271519252232142,0.0025829911078441,0,0.32480496,0
2026-08-13 18:00:00-04:00,4408.2001953125,4418.39990234375,4406.60009765625,4410.2998046875,0,0.0007257711359674,4431.294596886666,4439.765022785941,0.9980921454500852,43.80288307457321,18.200055803571427,0.0024652968910765,0,0.3239787,0
2026-08-13 19:00:00-04:00,4411.5,4419.39990234375,4405.10009765625,4411.7998046875,3512,0.0003400551072582,4429.437950010555,4438.668347566394,0.9979204579317352,41.78623855245097,18.121442522321427,0.0024740046207391,0,0.322662,0
2026-08-13 20:00:00-04:00,4411.60009765625,4417.39990234375,4385.10009765625,4396.39990234375,5728,-0.0034967231777826,4426.291469280383,4437.010761479231,0.9975841185034056,32.724529644571575,19.478585379464285,0.0025481520248288,0,0.33425495,0
2026-08-13 21:00:00-04:00,4396.2001953125,4397.10009765625,4367.5,4373.7001953125,9506,-0.0051766245469574,4421.282776521537,4434.527994178576,0.9970131617898396,23.904122643665943,20.685721261160715,0.0027374356054507,1,0.35993844,0
2026-08-13 22:00:00-04:00,4373.7001953125,4378.0,4365.5,4370.7001953125,4982,-0.0006861534201745,4416.465387834962,4432.024943242652,0.9964892897474746,24.320572190340783,20.535714285714285,0.0026751849069279,1,0.32139784,0
2026-08-13 23:00:00-04:00,4370.7001953125,4383.7998046875,4368.89990234375,4379.60009765625,2551,0.0020341942824167,4412.9544078179415,4429.969066945146,0.9961591923397024,21.247229282095333,19.964285714285715,0.002748925001119,1,0.33970782,0
2026-08-14 00:00:00-04:00,4379.2001953125,4384.60009765625,4378.2998046875,4382.0,1736,0.0005478228581584,4410.006368978137,4428.087927064944,0.9959166217146932,28.6876444376675,18.1357421875,0.0027239373801633,1,0.3076496,0
2026-08-14 01:00:00-04:00,4382.2001953125,4389.5,4365.60009765625,4389.5,4331,0.0017100842108515,4408.05338145641,4426.574675023181,0.9958158858877324,25.80035586357629,17.278564453125,0.0027378287591589,1,0.3096321,0
2026-08-14 02:00:00-04:00,4389.60009765625,4392.60009765625,4383.60009765625,4391.60009765625,3066,0.0004783222313683,4406.48640204687,4425.203122969576,0.9957704267120407,32.85085095458703,15.814278738839286,0.0026796460639826,1,0.29975536,0
2026-08-14 03:00:00-04:00,4391.39990234375,4401.60009765625,4385.7001953125,4399.7998046875,3733,0.0018653933389535,4405.84958325074,4424.206914409495,0.9958507069145056,37.3177812915196,15.657121930803571,0.0026817026098047,1,0.30011454,0
2026-08-14 04:00:00-04:00,4399.7998046875,4405.7001953125,4398.10009765625,4404.7001953125,3608,0.0011131560295333,4405.740117732812,4423.441945033143,0.9959981779979712,45.68882083653667,14.871407645089286,0.0027021746741538,1,0.29374886,0
2026-08-14 05:00:00-04:00,4404.5,4413.7998046875,4402.0,4413.60009765625,3922,0.0020185081183141,4406.48868724933,4423.055990234048,0.996254331163499,49.99999999278343,15.064243861607142,0.0026258824453697,0,0.31229132,0
2026-08-14 06:00:00-04:00,4413.60009765625,4415.10009765625,4403.7001953125,4405.5,4193,-0.0018369447776485,4406.394526558917,4422.367520028792,0.9963881352245074,49.641657663511424,14.771379743303571,0.002214841290088,0,0.33497402,0
2026-08-14 07:00:00-04:00,4405.5,4426.0,4404.7001953125,4425.7998046875,4534,0.0045972486245405,4408.242648285449,4422.502119427172,0.9967757005521638,57.984563351266864,15.899937220982142,0.0023853490401665,0,0.36377344,0
2026-08-14 08:00:00-04:00,4425.5,4444.0,4421.7998046875,4430.89990234375,12963,0.0011516927046607,4410.400482005287,4422.831444247429,0.9971893655910604,58.65553872545034,16.642822265625,0.0022052969138421,0,0.35653102,0
2026-08-14 09:00:00-04:00,4430.7001953125,4454.60009765625,4427.2998046875,4442.0,13285,0.0025020238183869,4413.409959909545,4423.583152316158,0.9977002371027464,61.74194674540094,17.571428571428573,0.0022696636434174,0,0.34955844,0
2026-08-14 10:00:00-04:00,4441.60009765625,4452.2001953125,4436.2001953125,4438.60009765625,9581,-0.0007656920641559,4415.809020647327,4424.172052133416,0.9981096956927666,68.09619925814312,16.407156808035715,0.0021810537732957,0,0.3508346,0
2026-08-14 11:00:00-04:00,4438.7001953125,4452.2998046875,4436.39990234375,4449.0,9824,0.002340318415825,4418.970066299962,4425.145697147792,0.9986044231601662,86.09776877770945,15.428571428571429,0.0022283769284969,0,0.35320124,0
2026-08-14 12:00:00-04:00,4449.0,4454.2998046875,4437.2001953125,4442.7001953125,4686,-0.0014170081319075,4421.23007858687,4425.834108840526,0.998959737274278,83.45737052153305,15.757114955357142,0.0022163014368542,0,0.36067414,0
2026-08-14 13:00:00-04:00,4443.0,4443.39990234375,4433.60009765625,4435.5,4557,-0.0016219947134926,4422.589118721454,4426.2131633958,0.9991812313278728,76.39280163871611,15.392822265625,0.0022624721088815,0,0.36067414,0
2026-08-14 14:00:00-04:00,4435.89990234375,4439.60009765625,4427.5,4430.2998046875,5830,-0.0011730912096845,4423.323469765839,4426.373423838611,0.9993109587057551,72.21698154654787,15.807094029017858,0.0022843363760701,0,0.36067414,0
2026-08-14 15:00:00-04:00,4430.2998046875,4435.60009765625,4428.60009765625,4431.5,3055,0.0002708694274957,4424.102186930997,4426.574466041019,0.9994414915802302,70.50773425956247,14.599958147321429,0.002284207313929,0,0.35741344,0
2026-08-14 16:00:00-04:00,4431.39990234375,4432.39990234375,4426.89990234375,4431.10009765625,1808,-9.024492578140377e-05,4424.768654619116,4426.751941790636,0.9995519768901444,69.61267297343825,14.349958147321429,0.0021128379699699,0,0.36049175,0
